date,season,ldh_region,region_name,ed_visits,source_updated
2023-04-01,2023,1,Southeast,1,9/3/2026
2023-04-01,2023,2,Capital Region,1,9/3/2026
2023-04-01,2023,3,South Central,0,9/3/2026
2023-04-01,2023,9,Northshore,0,9/3/2026
2023-04-02,2023,1,Southeast,2,9/3/2026
2023-04-02,2023,2,Capital Region,0,9/3/2026
2023-04-02,2023,3,South Central,0,9/3/2026
2023-04-02,2023,9,Northshore,0,9/3/2026
2023-04-03,2023,1,Southeast,1,9/3/2026
2023-04-03,2023,2,Capital Region,1,9/3/2026
2023-04-03,2023,3,South Central,1,9/3/2026
2023-04-03,2023,9,Northshore,0,9/3/2026
2023-04-04,2023,1,Southeast,1,9/3/2026
2023-04-04,2023,2,Capital Region,0,9/3/2026
2023-04-04,2023,3,South Central,0,9/3/2026
2023-04-04,2023,9,Northshore,1,9/3/2026
2023-04-05,2023,1,Southeast,1,9/3/2026
2023-04-05,2023,2,Capital Region,0,9/3/2026
2023-04-05,2023,3,South Central,0,9/3/2026
2023-04-05,2023,9,Northshore,0,9/3/2026
2023-04-06,2023,1,Southeast,2,9/3/2026
2023-04-06,2023,2,Capital Region,0,9/3/2026
2023-04-06,2023,3,South Central,0,9/3/2026
2023-04-06,2023,9,Northshore,0,9/3/2026
2023-04-07,2023,1,Southeast,1,9/3/2026
2023-04-07,2023,2,Capital Region,0,9/3/2026
2023-04-07,2023,3,South Central,0,9/3/2026
2023-04-07,2023,9,Northshore,0,9/3/2026
2023-04-08,2023,1,Southeast,1,9/3/2026
2023-04-08,2023,2,Capital Region,0,9/3/2026
2023-04-08,2023,3,South Central,0,9/3/2026
2023-04-08,2023,9,Northshore,2,9/3/2026
2023-04-09,2023,1,Southeast,1,9/3/2026
2023-04-09,2023,2,Capital Region,0,9/3/2026
2023-04-09,2023,3,South Central,0,9/3/2026
2023-04-09,2023,9,Northshore,0,9/3/2026
2023-04-10,2023,1,Southeast,0,9/3/2026
2023-04-10,2023,2,Capital Region,1,9/3/2026
2023-04-10,2023,3,South Central,0,9/3/2026
2023-04-10,2023,9,Northshore,0,9/3/2026
2023-04-11,2023,1,Southeast,0,9/3/2026
2023-04-11,2023,2,Capital Region,0,9/3/2026
2023-04-11,2023,3,South Central,0,9/3/2026
2023-04-11,2023,9,Northshore,0,9/3/2026
2023-04-12,2023,1,Southeast,0,9/3/2026
2023-04-12,2023,2,Capital Region,0,9/3/2026
2023-04-12,2023,3,South Central,0,9/3/2026
2023-04-12,2023,9,Northshore,0,9/3/2026
2023-04-13,2023,1,Southeast,0,9/3/2026
2023-04-13,2023,2,Capital Region,1,9/3/2026
2023-04-13,2023,3,South Central,0,9/3/2026
2023-04-13,2023,9,Northshore,1,9/3/2026
2023-04-14,2023,1,Southeast,2,9/3/2026
2023-04-14,2023,2,Capital Region,0,9/3/2026
2023-04-14,2023,3,South Central,0,9/3/2026
2023-04-14,2023,9,Northshore,0,9/3/2026
2023-04-15,2023,1,Southeast,1,9/3/2026
2023-04-15,2023,2,Capital Region,0,9/3/2026
2023-04-15,2023,3,South Central,0,9/3/2026
2023-04-15,2023,9,Northshore,0,9/3/2026
2023-04-16,2023,1,Southeast,1,9/3/2026
2023-04-16,2023,2,Capital Region,0,9/3/2026
2023-04-16,2023,3,South Central,0,9/3/2026
2023-04-16,2023,9,Northshore,0,9/3/2026
2023-04-17,2023,1,Southeast,1,9/3/2026
2023-04-17,2023,2,Capital Region,0,9/3/2026
2023-04-17,2023,3,South Central,0,9/3/2026
2023-04-17,2023,9,Northshore,1,9/3/2026
2023-04-18,2023,1,Southeast,1,9/3/2026
2023-04-18,2023,2,Capital Region,0,9/3/2026
2023-04-18,2023,3,South Central,0,9/3/2026
2023-04-18,2023,9,Northshore,0,9/3/2026
2023-04-19,2023,1,Southeast,0,9/3/2026
2023-04-19,2023,2,Capital Region,0,9/3/2026
2023-04-19,2023,3,South Central,0,9/3/2026
2023-04-19,2023,9,Northshore,0,9/3/2026
2023-04-20,2023,1,Southeast,1,9/3/2026
2023-04-20,2023,2,Capital Region,0,9/3/2026
2023-04-20,2023,3,South Central,0,9/3/2026
2023-04-20,2023,9,Northshore,0,9/3/2026
2023-04-21,2023,1,Southeast,0,9/3/2026
2023-04-21,2023,2,Capital Region,0,9/3/2026
2023-04-21,2023,3,South Central,0,9/3/2026
2023-04-21,2023,9,Northshore,0,9/3/2026
2023-04-22,2023,1,Southeast,0,9/3/2026
2023-04-22,2023,2,Capital Region,0,9/3/2026
2023-04-22,2023,3,South Central,1,9/3/2026
2023-04-22,2023,9,Northshore,1,9/3/2026
2023-04-23,2023,1,Southeast,0,9/3/2026
2023-04-23,2023,2,Capital Region,0,9/3/2026
2023-04-23,2023,3,South Central,1,9/3/2026
2023-04-23,2023,9,Northshore,0,9/3/2026
2023-04-24,2023,1,Southeast,0,9/3/2026
2023-04-24,2023,2,Capital Region,0,9/3/2026
2023-04-24,2023,3,South Central,0,9/3/2026
2023-04-24,2023,9,Northshore,0,9/3/2026
2023-04-25,2023,1,Southeast,0,9/3/2026
2023-04-25,2023,2,Capital Region,0,9/3/2026
2023-04-25,2023,3,South Central,1,9/3/2026
2023-04-25,2023,9,Northshore,0,9/3/2026
2023-04-26,2023,1,Southeast,1,9/3/2026
2023-04-26,2023,2,Capital Region,0,9/3/2026
2023-04-26,2023,3,South Central,1,9/3/2026
2023-04-26,2023,9,Northshore,0,9/3/2026
2023-04-27,2023,1,Southeast,1,9/3/2026
2023-04-27,2023,2,Capital Region,1,9/3/2026
2023-04-27,2023,3,South Central,0,9/3/2026
2023-04-27,2023,9,Northshore,1,9/3/2026
2023-04-28,2023,1,Southeast,2,9/3/2026
2023-04-28,2023,2,Capital Region,1,9/3/2026
2023-04-28,2023,3,South Central,0,9/3/2026
2023-04-28,2023,9,Northshore,4,9/3/2026
2023-04-29,2023,1,Southeast,1,9/3/2026
2023-04-29,2023,2,Capital Region,0,9/3/2026
2023-04-29,2023,3,South Central,0,9/3/2026
2023-04-29,2023,9,Northshore,0,9/3/2026
2023-04-30,2023,1,Southeast,0,9/3/2026
2023-04-30,2023,2,Capital Region,1,9/3/2026
2023-04-30,2023,3,South Central,0,9/3/2026
2023-04-30,2023,9,Northshore,0,9/3/2026
2023-05-01,2023,1,Southeast,2,9/3/2026
2023-05-01,2023,2,Capital Region,0,9/3/2026
2023-05-01,2023,3,South Central,0,9/3/2026
2023-05-01,2023,9,Northshore,1,9/3/2026
2023-05-02,2023,1,Southeast,0,9/3/2026
2023-05-02,2023,2,Capital Region,0,9/3/2026
2023-05-02,2023,3,South Central,0,9/3/2026
2023-05-02,2023,9,Northshore,1,9/3/2026
2023-05-03,2023,1,Southeast,1,9/3/2026
2023-05-03,2023,2,Capital Region,0,9/3/2026
2023-05-03,2023,3,South Central,1,9/3/2026
2023-05-03,2023,9,Northshore,3,9/3/2026
2023-05-04,2023,1,Southeast,1,9/3/2026
2023-05-04,2023,2,Capital Region,1,9/3/2026
2023-05-04,2023,3,South Central,1,9/3/2026
2023-05-04,2023,9,Northshore,2,9/3/2026
2023-05-05,2023,1,Southeast,2,9/3/2026
2023-05-05,2023,2,Capital Region,2,9/3/2026
2023-05-05,2023,3,South Central,0,9/3/2026
2023-05-05,2023,9,Northshore,1,9/3/2026
2023-05-06,2023,1,Southeast,0,9/3/2026
2023-05-06,2023,2,Capital Region,0,9/3/2026
2023-05-06,2023,3,South Central,0,9/3/2026
2023-05-06,2023,9,Northshore,1,9/3/2026
2023-05-07,2023,1,Southeast,1,9/3/2026
2023-05-07,2023,2,Capital Region,0,9/3/2026
2023-05-07,2023,3,South Central,1,9/3/2026
2023-05-07,2023,9,Northshore,0,9/3/2026
2023-05-08,2023,1,Southeast,1,9/3/2026
2023-05-08,2023,2,Capital Region,0,9/3/2026
2023-05-08,2023,3,South Central,0,9/3/2026
2023-05-08,2023,9,Northshore,3,9/3/2026
2023-05-09,2023,1,Southeast,1,9/3/2026
2023-05-09,2023,2,Capital Region,1,9/3/2026
2023-05-09,2023,3,South Central,0,9/3/2026
2023-05-09,2023,9,Northshore,1,9/3/2026
2023-05-10,2023,1,Southeast,0,9/3/2026
2023-05-10,2023,2,Capital Region,1,9/3/2026
2023-05-10,2023,3,South Central,0,9/3/2026
2023-05-10,2023,9,Northshore,1,9/3/2026
2023-05-11,2023,1,Southeast,0,9/3/2026
2023-05-11,2023,2,Capital Region,0,9/3/2026
2023-05-11,2023,3,South Central,1,9/3/2026
2023-05-11,2023,9,Northshore,0,9/3/2026
2023-05-12,2023,1,Southeast,0,9/3/2026
2023-05-12,2023,2,Capital Region,1,9/3/2026
2023-05-12,2023,3,South Central,1,9/3/2026
2023-05-12,2023,9,Northshore,2,9/3/2026
2023-05-13,2023,1,Southeast,4,9/3/2026
2023-05-13,2023,2,Capital Region,0,9/3/2026
2023-05-13,2023,3,South Central,2,9/3/2026
2023-05-13,2023,9,Northshore,4,9/3/2026
2023-05-14,2023,1,Southeast,3,9/3/2026
2023-05-14,2023,2,Capital Region,0,9/3/2026
2023-05-14,2023,3,South Central,3,9/3/2026
2023-05-14,2023,9,Northshore,2,9/3/2026
2023-05-15,2023,1,Southeast,2,9/3/2026
2023-05-15,2023,2,Capital Region,1,9/3/2026
2023-05-15,2023,3,South Central,1,9/3/2026
2023-05-15,2023,9,Northshore,2,9/3/2026
2023-05-16,2023,1,Southeast,2,9/3/2026
2023-05-16,2023,2,Capital Region,5,9/3/2026
2023-05-16,2023,3,South Central,1,9/3/2026
2023-05-16,2023,9,Northshore,3,9/3/2026
2023-05-17,2023,1,Southeast,1,9/3/2026
2023-05-17,2023,2,Capital Region,1,9/3/2026
2023-05-17,2023,3,South Central,3,9/3/2026
2023-05-17,2023,9,Northshore,1,9/3/2026
2023-05-18,2023,1,Southeast,3,9/3/2026
2023-05-18,2023,2,Capital Region,0,9/3/2026
2023-05-18,2023,3,South Central,0,9/3/2026
2023-05-18,2023,9,Northshore,1,9/3/2026
2023-05-19,2023,1,Southeast,4,9/3/2026
2023-05-19,2023,2,Capital Region,1,9/3/2026
2023-05-19,2023,3,South Central,5,9/3/2026
2023-05-19,2023,9,Northshore,5,9/3/2026
2023-05-20,2023,1,Southeast,8,9/3/2026
2023-05-20,2023,2,Capital Region,0,9/3/2026
2023-05-20,2023,3,South Central,2,9/3/2026
2023-05-20,2023,9,Northshore,3,9/3/2026
2023-05-21,2023,1,Southeast,0,9/3/2026
2023-05-21,2023,2,Capital Region,0,9/3/2026
2023-05-21,2023,3,South Central,1,9/3/2026
2023-05-21,2023,9,Northshore,1,9/3/2026
2023-05-22,2023,1,Southeast,2,9/3/2026
2023-05-22,2023,2,Capital Region,1,9/3/2026
2023-05-22,2023,3,South Central,0,9/3/2026
2023-05-22,2023,9,Northshore,3,9/3/2026
2023-05-23,2023,1,Southeast,3,9/3/2026
2023-05-23,2023,2,Capital Region,0,9/3/2026
2023-05-23,2023,3,South Central,0,9/3/2026
2023-05-23,2023,9,Northshore,0,9/3/2026
2023-05-24,2023,1,Southeast,0,9/3/2026
2023-05-24,2023,2,Capital Region,0,9/3/2026
2023-05-24,2023,3,South Central,1,9/3/2026
2023-05-24,2023,9,Northshore,0,9/3/2026
2023-05-25,2023,1,Southeast,1,9/3/2026
2023-05-25,2023,2,Capital Region,1,9/3/2026
2023-05-25,2023,3,South Central,0,9/3/2026
2023-05-25,2023,9,Northshore,1,9/3/2026
2023-05-26,2023,1,Southeast,2,9/3/2026
2023-05-26,2023,2,Capital Region,1,9/3/2026
2023-05-26,2023,3,South Central,2,9/3/2026
2023-05-26,2023,9,Northshore,1,9/3/2026
2023-05-27,2023,1,Southeast,1,9/3/2026
2023-05-27,2023,2,Capital Region,1,9/3/2026
2023-05-27,2023,3,South Central,1,9/3/2026
2023-05-27,2023,9,Northshore,0,9/3/2026
2023-05-28,2023,1,Southeast,1,9/3/2026
2023-05-28,2023,2,Capital Region,0,9/3/2026
2023-05-28,2023,3,South Central,0,9/3/2026
2023-05-28,2023,9,Northshore,3,9/3/2026
2023-05-29,2023,1,Southeast,1,9/3/2026
2023-05-29,2023,2,Capital Region,0,9/3/2026
2023-05-29,2023,3,South Central,0,9/3/2026
2023-05-29,2023,9,Northshore,0,9/3/2026
2023-05-30,2023,1,Southeast,1,9/3/2026
2023-05-30,2023,2,Capital Region,0,9/3/2026
2023-05-30,2023,3,South Central,0,9/3/2026
2023-05-30,2023,9,Northshore,0,9/3/2026
2023-05-31,2023,1,Southeast,0,9/3/2026
2023-05-31,2023,2,Capital Region,1,9/3/2026
2023-05-31,2023,3,South Central,2,9/3/2026
2023-05-31,2023,9,Northshore,3,9/3/2026
2023-06-01,2023,1,Southeast,1,9/3/2026
2023-06-01,2023,2,Capital Region,1,9/3/2026
2023-06-01,2023,3,South Central,1,9/3/2026
2023-06-01,2023,9,Northshore,7,9/3/2026
2023-06-02,2023,1,Southeast,1,9/3/2026
2023-06-02,2023,2,Capital Region,1,9/3/2026
2023-06-02,2023,3,South Central,1,9/3/2026
2023-06-02,2023,9,Northshore,0,9/3/2026
2023-06-03,2023,1,Southeast,3,9/3/2026
2023-06-03,2023,2,Capital Region,2,9/3/2026
2023-06-03,2023,3,South Central,2,9/3/2026
2023-06-03,2023,9,Northshore,1,9/3/2026
2023-06-04,2023,1,Southeast,2,9/3/2026
2023-06-04,2023,2,Capital Region,3,9/3/2026
2023-06-04,2023,3,South Central,1,9/3/2026
2023-06-04,2023,9,Northshore,1,9/3/2026
2023-06-05,2023,1,Southeast,2,9/3/2026
2023-06-05,2023,2,Capital Region,3,9/3/2026
2023-06-05,2023,3,South Central,1,9/3/2026
2023-06-05,2023,9,Northshore,2,9/3/2026
2023-06-06,2023,1,Southeast,2,9/3/2026
2023-06-06,2023,2,Capital Region,1,9/3/2026
2023-06-06,2023,3,South Central,0,9/3/2026
2023-06-06,2023,9,Northshore,1,9/3/2026
2023-06-07,2023,1,Southeast,0,9/3/2026
2023-06-07,2023,2,Capital Region,1,9/3/2026
2023-06-07,2023,3,South Central,2,9/3/2026
2023-06-07,2023,9,Northshore,0,9/3/2026
2023-06-08,2023,1,Southeast,4,9/3/2026
2023-06-08,2023,2,Capital Region,4,9/3/2026
2023-06-08,2023,3,South Central,1,9/3/2026
2023-06-08,2023,9,Northshore,0,9/3/2026
2023-06-09,2023,1,Southeast,0,9/3/2026
2023-06-09,2023,2,Capital Region,1,9/3/2026
2023-06-09,2023,3,South Central,1,9/3/2026
2023-06-09,2023,9,Northshore,1,9/3/2026
2023-06-10,2023,1,Southeast,10,9/3/2026
2023-06-10,2023,2,Capital Region,2,9/3/2026
2023-06-10,2023,3,South Central,3,9/3/2026
2023-06-10,2023,9,Northshore,2,9/3/2026
2023-06-11,2023,1,Southeast,5,9/3/2026
2023-06-11,2023,2,Capital Region,2,9/3/2026
2023-06-11,2023,3,South Central,2,9/3/2026
2023-06-11,2023,9,Northshore,3,9/3/2026
2023-06-12,2023,1,Southeast,2,9/3/2026
2023-06-12,2023,2,Capital Region,1,9/3/2026
2023-06-12,2023,3,South Central,4,9/3/2026
2023-06-12,2023,9,Northshore,5,9/3/2026
2023-06-13,2023,1,Southeast,8,9/3/2026
2023-06-13,2023,2,Capital Region,4,9/3/2026
2023-06-13,2023,3,South Central,8,9/3/2026
2023-06-13,2023,9,Northshore,6,9/3/2026
2023-06-14,2023,1,Southeast,6,9/3/2026
2023-06-14,2023,2,Capital Region,3,9/3/2026
2023-06-14,2023,3,South Central,1,9/3/2026
2023-06-14,2023,9,Northshore,8,9/3/2026
2023-06-15,2023,1,Southeast,8,9/3/2026
2023-06-15,2023,2,Capital Region,3,9/3/2026
2023-06-15,2023,3,South Central,3,9/3/2026
2023-06-15,2023,9,Northshore,8,9/3/2026
2023-06-16,2023,1,Southeast,13,9/3/2026
2023-06-16,2023,2,Capital Region,4,9/3/2026
2023-06-16,2023,3,South Central,2,9/3/2026
2023-06-16,2023,9,Northshore,7,9/3/2026
2023-06-17,2023,1,Southeast,11,9/3/2026
2023-06-17,2023,2,Capital Region,5,9/3/2026
2023-06-17,2023,3,South Central,7,9/3/2026
2023-06-17,2023,9,Northshore,15,9/3/2026
2023-06-18,2023,1,Southeast,7,9/3/2026
2023-06-18,2023,2,Capital Region,5,9/3/2026
2023-06-18,2023,3,South Central,4,9/3/2026
2023-06-18,2023,9,Northshore,5,9/3/2026
2023-06-19,2023,1,Southeast,10,9/3/2026
2023-06-19,2023,2,Capital Region,4,9/3/2026
2023-06-19,2023,3,South Central,6,9/3/2026
2023-06-19,2023,9,Northshore,3,9/3/2026
2023-06-20,2023,1,Southeast,8,9/3/2026
2023-06-20,2023,2,Capital Region,2,9/3/2026
2023-06-20,2023,3,South Central,2,9/3/2026
2023-06-20,2023,9,Northshore,6,9/3/2026
2023-06-21,2023,1,Southeast,11,9/3/2026
2023-06-21,2023,2,Capital Region,2,9/3/2026
2023-06-21,2023,3,South Central,3,9/3/2026
2023-06-21,2023,9,Northshore,5,9/3/2026
2023-06-22,2023,1,Southeast,10,9/3/2026
2023-06-22,2023,2,Capital Region,3,9/3/2026
2023-06-22,2023,3,South Central,5,9/3/2026
2023-06-22,2023,9,Northshore,7,9/3/2026
2023-06-23,2023,1,Southeast,3,9/3/2026
2023-06-23,2023,2,Capital Region,7,9/3/2026
2023-06-23,2023,3,South Central,4,9/3/2026
2023-06-23,2023,9,Northshore,8,9/3/2026
2023-06-24,2023,1,Southeast,5,9/3/2026
2023-06-24,2023,2,Capital Region,0,9/3/2026
2023-06-24,2023,3,South Central,4,9/3/2026
2023-06-24,2023,9,Northshore,3,9/3/2026
2023-06-25,2023,1,Southeast,4,9/3/2026
2023-06-25,2023,2,Capital Region,4,9/3/2026
2023-06-25,2023,3,South Central,1,9/3/2026
2023-06-25,2023,9,Northshore,3,9/3/2026
2023-06-26,2023,1,Southeast,6,9/3/2026
2023-06-26,2023,2,Capital Region,4,9/3/2026
2023-06-26,2023,3,South Central,5,9/3/2026
2023-06-26,2023,9,Northshore,4,9/3/2026
2023-06-27,2023,1,Southeast,17,9/3/2026
2023-06-27,2023,2,Capital Region,9,9/3/2026
2023-06-27,2023,3,South Central,5,9/3/2026
2023-06-27,2023,9,Northshore,11,9/3/2026
2023-06-28,2023,1,Southeast,21,9/3/2026
2023-06-28,2023,2,Capital Region,7,9/3/2026
2023-06-28,2023,3,South Central,12,9/3/2026
2023-06-28,2023,9,Northshore,13,9/3/2026
2023-06-29,2023,1,Southeast,28,9/3/2026
2023-06-29,2023,2,Capital Region,6,9/3/2026
2023-06-29,2023,3,South Central,15,9/3/2026
2023-06-29,2023,9,Northshore,18,9/3/2026
2023-06-30,2023,1,Southeast,15,9/3/2026
2023-06-30,2023,2,Capital Region,11,9/3/2026
2023-06-30,2023,3,South Central,13,9/3/2026
2023-06-30,2023,9,Northshore,16,9/3/2026
2023-07-01,2023,1,Southeast,16,9/3/2026
2023-07-01,2023,2,Capital Region,8,9/3/2026
2023-07-01,2023,3,South Central,4,9/3/2026
2023-07-01,2023,9,Northshore,9,9/3/2026
2023-07-02,2023,1,Southeast,9,9/3/2026
2023-07-02,2023,2,Capital Region,4,9/3/2026
2023-07-02,2023,3,South Central,7,9/3/2026
2023-07-02,2023,9,Northshore,9,9/3/2026
2023-07-03,2023,1,Southeast,4,9/3/2026
2023-07-03,2023,2,Capital Region,2,9/3/2026
2023-07-03,2023,3,South Central,6,9/3/2026
2023-07-03,2023,9,Northshore,9,9/3/2026
2023-07-04,2023,1,Southeast,3,9/3/2026
2023-07-04,2023,2,Capital Region,6,9/3/2026
2023-07-04,2023,3,South Central,0,9/3/2026
2023-07-04,2023,9,Northshore,6,9/3/2026
2023-07-05,2023,1,Southeast,5,9/3/2026
2023-07-05,2023,2,Capital Region,1,9/3/2026
2023-07-05,2023,3,South Central,4,9/3/2026
2023-07-05,2023,9,Northshore,8,9/3/2026
2023-07-06,2023,1,Southeast,8,9/3/2026
2023-07-06,2023,2,Capital Region,2,9/3/2026
2023-07-06,2023,3,South Central,3,9/3/2026
2023-07-06,2023,9,Northshore,5,9/3/2026
2023-07-07,2023,1,Southeast,3,9/3/2026
2023-07-07,2023,2,Capital Region,4,9/3/2026
2023-07-07,2023,3,South Central,1,9/3/2026
2023-07-07,2023,9,Northshore,5,9/3/2026
2023-07-08,2023,1,Southeast,6,9/3/2026
2023-07-08,2023,2,Capital Region,1,9/3/2026
2023-07-08,2023,3,South Central,4,9/3/2026
2023-07-08,2023,9,Northshore,4,9/3/2026
2023-07-09,2023,1,Southeast,3,9/3/2026
2023-07-09,2023,2,Capital Region,0,9/3/2026
2023-07-09,2023,3,South Central,4,9/3/2026
2023-07-09,2023,9,Northshore,3,9/3/2026
2023-07-10,2023,1,Southeast,4,9/3/2026
2023-07-10,2023,2,Capital Region,2,9/3/2026
2023-07-10,2023,3,South Central,2,9/3/2026
2023-07-10,2023,9,Northshore,5,9/3/2026
2023-07-11,2023,1,Southeast,3,9/3/2026
2023-07-11,2023,2,Capital Region,2,9/3/2026
2023-07-11,2023,3,South Central,5,9/3/2026
2023-07-11,2023,9,Northshore,13,9/3/2026
2023-07-12,2023,1,Southeast,4,9/3/2026
2023-07-12,2023,2,Capital Region,7,9/3/2026
2023-07-12,2023,3,South Central,5,9/3/2026
2023-07-12,2023,9,Northshore,11,9/3/2026
2023-07-13,2023,1,Southeast,9,9/3/2026
2023-07-13,2023,2,Capital Region,6,9/3/2026
2023-07-13,2023,3,South Central,4,9/3/2026
2023-07-13,2023,9,Northshore,11,9/3/2026
2023-07-14,2023,1,Southeast,8,9/3/2026
2023-07-14,2023,2,Capital Region,3,9/3/2026
2023-07-14,2023,3,South Central,1,9/3/2026
2023-07-14,2023,9,Northshore,8,9/3/2026
2023-07-15,2023,1,Southeast,10,9/3/2026
2023-07-15,2023,2,Capital Region,8,9/3/2026
2023-07-15,2023,3,South Central,2,9/3/2026
2023-07-15,2023,9,Northshore,14,9/3/2026
2023-07-16,2023,1,Southeast,10,9/3/2026
2023-07-16,2023,2,Capital Region,2,9/3/2026
2023-07-16,2023,3,South Central,3,9/3/2026
2023-07-16,2023,9,Northshore,4,9/3/2026
2023-07-17,2023,1,Southeast,10,9/3/2026
2023-07-17,2023,2,Capital Region,1,9/3/2026
2023-07-17,2023,3,South Central,2,9/3/2026
2023-07-17,2023,9,Northshore,3,9/3/2026
2023-07-18,2023,1,Southeast,11,9/3/2026
2023-07-18,2023,2,Capital Region,5,9/3/2026
2023-07-18,2023,3,South Central,6,9/3/2026
2023-07-18,2023,9,Northshore,6,9/3/2026
2023-07-19,2023,1,Southeast,12,9/3/2026
2023-07-19,2023,2,Capital Region,4,9/3/2026
2023-07-19,2023,3,South Central,14,9/3/2026
2023-07-19,2023,9,Northshore,9,9/3/2026
2023-07-20,2023,1,Southeast,14,9/3/2026
2023-07-20,2023,2,Capital Region,4,9/3/2026
2023-07-20,2023,3,South Central,5,9/3/2026
2023-07-20,2023,9,Northshore,13,9/3/2026
2023-07-21,2023,1,Southeast,12,9/3/2026
2023-07-21,2023,2,Capital Region,6,9/3/2026
2023-07-21,2023,3,South Central,13,9/3/2026
2023-07-21,2023,9,Northshore,11,9/3/2026
2023-07-22,2023,1,Southeast,6,9/3/2026
2023-07-22,2023,2,Capital Region,8,9/3/2026
2023-07-22,2023,3,South Central,8,9/3/2026
2023-07-22,2023,9,Northshore,12,9/3/2026
2023-07-23,2023,1,Southeast,5,9/3/2026
2023-07-23,2023,2,Capital Region,1,9/3/2026
2023-07-23,2023,3,South Central,3,9/3/2026
2023-07-23,2023,9,Northshore,6,9/3/2026
2023-07-24,2023,1,Southeast,5,9/3/2026
2023-07-24,2023,2,Capital Region,2,9/3/2026
2023-07-24,2023,3,South Central,2,9/3/2026
2023-07-24,2023,9,Northshore,3,9/3/2026
2023-07-25,2023,1,Southeast,10,9/3/2026
2023-07-25,2023,2,Capital Region,2,9/3/2026
2023-07-25,2023,3,South Central,2,9/3/2026
2023-07-25,2023,9,Northshore,9,9/3/2026
2023-07-26,2023,1,Southeast,5,9/3/2026
2023-07-26,2023,2,Capital Region,2,9/3/2026
2023-07-26,2023,3,South Central,2,9/3/2026
2023-07-26,2023,9,Northshore,11,9/3/2026
2023-07-27,2023,1,Southeast,10,9/3/2026
2023-07-27,2023,2,Capital Region,3,9/3/2026
2023-07-27,2023,3,South Central,2,9/3/2026
2023-07-27,2023,9,Northshore,10,9/3/2026
2023-07-28,2023,1,Southeast,11,9/3/2026
2023-07-28,2023,2,Capital Region,2,9/3/2026
2023-07-28,2023,3,South Central,1,9/3/2026
2023-07-28,2023,9,Northshore,9,9/3/2026
2023-07-29,2023,1,Southeast,10,9/3/2026
2023-07-29,2023,2,Capital Region,9,9/3/2026
2023-07-29,2023,3,South Central,2,9/3/2026
2023-07-29,2023,9,Northshore,6,9/3/2026
2023-07-30,2023,1,Southeast,4,9/3/2026
2023-07-30,2023,2,Capital Region,6,9/3/2026
2023-07-30,2023,3,South Central,6,9/3/2026
2023-07-30,2023,9,Northshore,5,9/3/2026
2023-07-31,2023,1,Southeast,12,9/3/2026
2023-07-31,2023,2,Capital Region,5,9/3/2026
2023-07-31,2023,3,South Central,8,9/3/2026
2023-07-31,2023,9,Northshore,14,9/3/2026
2023-08-01,2023,1,Southeast,13,9/3/2026
2023-08-01,2023,2,Capital Region,4,9/3/2026
2023-08-01,2023,3,South Central,4,9/3/2026
2023-08-01,2023,9,Northshore,9,9/3/2026
2023-08-02,2023,1,Southeast,16,9/3/2026
2023-08-02,2023,2,Capital Region,6,9/3/2026
2023-08-02,2023,3,South Central,6,9/3/2026
2023-08-02,2023,9,Northshore,2,9/3/2026
2023-08-03,2023,1,Southeast,13,9/3/2026
2023-08-03,2023,2,Capital Region,5,9/3/2026
2023-08-03,2023,3,South Central,11,9/3/2026
2023-08-03,2023,9,Northshore,9,9/3/2026
2023-08-04,2023,1,Southeast,13,9/3/2026
2023-08-04,2023,2,Capital Region,9,9/3/2026
2023-08-04,2023,3,South Central,8,9/3/2026
2023-08-04,2023,9,Northshore,12,9/3/2026
2023-08-05,2023,1,Southeast,21,9/3/2026
2023-08-05,2023,2,Capital Region,8,9/3/2026
2023-08-05,2023,3,South Central,6,9/3/2026
2023-08-05,2023,9,Northshore,18,9/3/2026
2023-08-06,2023,1,Southeast,9,9/3/2026
2023-08-06,2023,2,Capital Region,5,9/3/2026
2023-08-06,2023,3,South Central,3,9/3/2026
2023-08-06,2023,9,Northshore,10,9/3/2026
2023-08-07,2023,1,Southeast,19,9/3/2026
2023-08-07,2023,2,Capital Region,9,9/3/2026
2023-08-07,2023,3,South Central,7,9/3/2026
2023-08-07,2023,9,Northshore,11,9/3/2026
2023-08-08,2023,1,Southeast,15,9/3/2026
2023-08-08,2023,2,Capital Region,2,9/3/2026
2023-08-08,2023,3,South Central,7,9/3/2026
2023-08-08,2023,9,Northshore,11,9/3/2026
2023-08-09,2023,1,Southeast,11,9/3/2026
2023-08-09,2023,2,Capital Region,5,9/3/2026
2023-08-09,2023,3,South Central,8,9/3/2026
2023-08-09,2023,9,Northshore,13,9/3/2026
2023-08-10,2023,1,Southeast,17,9/3/2026
2023-08-10,2023,2,Capital Region,6,9/3/2026
2023-08-10,2023,3,South Central,6,9/3/2026
2023-08-10,2023,9,Northshore,15,9/3/2026
2023-08-11,2023,1,Southeast,15,9/3/2026
2023-08-11,2023,2,Capital Region,2,9/3/2026
2023-08-11,2023,3,South Central,5,9/3/2026
2023-08-11,2023,9,Northshore,18,9/3/2026
2023-08-12,2023,1,Southeast,17,9/3/2026
2023-08-12,2023,2,Capital Region,6,9/3/2026
2023-08-12,2023,3,South Central,7,9/3/2026
2023-08-12,2023,9,Northshore,10,9/3/2026
2023-08-13,2023,1,Southeast,14,9/3/2026
2023-08-13,2023,2,Capital Region,7,9/3/2026
2023-08-13,2023,3,South Central,6,9/3/2026
2023-08-13,2023,9,Northshore,7,9/3/2026
2023-08-14,2023,1,Southeast,18,9/3/2026
2023-08-14,2023,2,Capital Region,7,9/3/2026
2023-08-14,2023,3,South Central,6,9/3/2026
2023-08-14,2023,9,Northshore,10,9/3/2026
2023-08-15,2023,1,Southeast,10,9/3/2026
2023-08-15,2023,2,Capital Region,7,9/3/2026
2023-08-15,2023,3,South Central,8,9/3/2026
2023-08-15,2023,9,Northshore,12,9/3/2026
2023-08-16,2023,1,Southeast,2,9/3/2026
2023-08-16,2023,2,Capital Region,6,9/3/2026
2023-08-16,2023,3,South Central,5,9/3/2026
2023-08-16,2023,9,Northshore,4,9/3/2026
2023-08-17,2023,1,Southeast,6,9/3/2026
2023-08-17,2023,2,Capital Region,1,9/3/2026
2023-08-17,2023,3,South Central,3,9/3/2026
2023-08-17,2023,9,Northshore,4,9/3/2026
2023-08-18,2023,1,Southeast,7,9/3/2026
2023-08-18,2023,2,Capital Region,4,9/3/2026
2023-08-18,2023,3,South Central,4,9/3/2026
2023-08-18,2023,9,Northshore,4,9/3/2026
2023-08-19,2023,1,Southeast,11,9/3/2026
2023-08-19,2023,2,Capital Region,6,9/3/2026
2023-08-19,2023,3,South Central,4,9/3/2026
2023-08-19,2023,9,Northshore,7,9/3/2026
2023-08-20,2023,1,Southeast,11,9/3/2026
2023-08-20,2023,2,Capital Region,4,9/3/2026
2023-08-20,2023,3,South Central,4,9/3/2026
2023-08-20,2023,9,Northshore,14,9/3/2026
2023-08-21,2023,1,Southeast,6,9/3/2026
2023-08-21,2023,2,Capital Region,3,9/3/2026
2023-08-21,2023,3,South Central,3,9/3/2026
2023-08-21,2023,9,Northshore,10,9/3/2026
2023-08-22,2023,1,Southeast,9,9/3/2026
2023-08-22,2023,2,Capital Region,4,9/3/2026
2023-08-22,2023,3,South Central,6,9/3/2026
2023-08-22,2023,9,Northshore,7,9/3/2026
2023-08-23,2023,1,Southeast,18,9/3/2026
2023-08-23,2023,2,Capital Region,11,9/3/2026
2023-08-23,2023,3,South Central,9,9/3/2026
2023-08-23,2023,9,Northshore,15,9/3/2026
2023-08-24,2023,1,Southeast,7,9/3/2026
2023-08-24,2023,2,Capital Region,5,9/3/2026
2023-08-24,2023,3,South Central,13,9/3/2026
2023-08-24,2023,9,Northshore,13,9/3/2026
2023-08-25,2023,1,Southeast,12,9/3/2026
2023-08-25,2023,2,Capital Region,4,9/3/2026
2023-08-25,2023,3,South Central,7,9/3/2026
2023-08-25,2023,9,Northshore,17,9/3/2026
2023-08-26,2023,1,Southeast,11,9/3/2026
2023-08-26,2023,2,Capital Region,7,9/3/2026
2023-08-26,2023,3,South Central,9,9/3/2026
2023-08-26,2023,9,Northshore,12,9/3/2026
2023-08-27,2023,1,Southeast,15,9/3/2026
2023-08-27,2023,2,Capital Region,5,9/3/2026
2023-08-27,2023,3,South Central,4,9/3/2026
2023-08-27,2023,9,Northshore,5,9/3/2026
2023-08-28,2023,1,Southeast,5,9/3/2026
2023-08-28,2023,2,Capital Region,3,9/3/2026
2023-08-28,2023,3,South Central,2,9/3/2026
2023-08-28,2023,9,Northshore,6,9/3/2026
2023-08-29,2023,1,Southeast,3,9/3/2026
2023-08-29,2023,2,Capital Region,4,9/3/2026
2023-08-29,2023,3,South Central,3,9/3/2026
2023-08-29,2023,9,Northshore,2,9/3/2026
2023-08-30,2023,1,Southeast,2,9/3/2026
2023-08-30,2023,2,Capital Region,4,9/3/2026
2023-08-30,2023,3,South Central,3,9/3/2026
2023-08-30,2023,9,Northshore,2,9/3/2026
2023-08-31,2023,1,Southeast,2,9/3/2026
2023-08-31,2023,2,Capital Region,2,9/3/2026
2023-08-31,2023,3,South Central,2,9/3/2026
2023-08-31,2023,9,Northshore,1,9/3/2026
2023-09-01,2023,1,Southeast,3,9/3/2026
2023-09-01,2023,2,Capital Region,1,9/3/2026
2023-09-01,2023,3,South Central,2,9/3/2026
2023-09-01,2023,9,Northshore,3,9/3/2026
2023-09-02,2023,1,Southeast,1,9/3/2026
2023-09-02,2023,2,Capital Region,1,9/3/2026
2023-09-02,2023,3,South Central,1,9/3/2026
2023-09-02,2023,9,Northshore,2,9/3/2026
2023-09-03,2023,1,Southeast,4,9/3/2026
2023-09-03,2023,2,Capital Region,1,9/3/2026
2023-09-03,2023,3,South Central,2,9/3/2026
2023-09-03,2023,9,Northshore,2,9/3/2026
2023-09-04,2023,1,Southeast,0,9/3/2026
2023-09-04,2023,2,Capital Region,1,9/3/2026
2023-09-04,2023,3,South Central,1,9/3/2026
2023-09-04,2023,9,Northshore,0,9/3/2026
2023-09-05,2023,1,Southeast,6,9/3/2026
2023-09-05,2023,2,Capital Region,2,9/3/2026
2023-09-05,2023,3,South Central,7,9/3/2026
2023-09-05,2023,9,Northshore,0,9/3/2026
2023-09-06,2023,1,Southeast,10,9/3/2026
2023-09-06,2023,2,Capital Region,5,9/3/2026
2023-09-06,2023,3,South Central,6,9/3/2026
2023-09-06,2023,9,Northshore,2,9/3/2026
2023-09-07,2023,1,Southeast,7,9/3/2026
2023-09-07,2023,2,Capital Region,5,9/3/2026
2023-09-07,2023,3,South Central,9,9/3/2026
2023-09-07,2023,9,Northshore,9,9/3/2026
2023-09-08,2023,1,Southeast,1,9/3/2026
2023-09-08,2023,2,Capital Region,7,9/3/2026
2023-09-08,2023,3,South Central,4,9/3/2026
2023-09-08,2023,9,Northshore,0,9/3/2026
2023-09-09,2023,1,Southeast,3,9/3/2026
2023-09-09,2023,2,Capital Region,0,9/3/2026
2023-09-09,2023,3,South Central,1,9/3/2026
2023-09-09,2023,9,Northshore,4,9/3/2026
2023-09-10,2023,1,Southeast,0,9/3/2026
2023-09-10,2023,2,Capital Region,0,9/3/2026
2023-09-10,2023,3,South Central,1,9/3/2026
2023-09-10,2023,9,Northshore,0,9/3/2026
2023-09-11,2023,1,Southeast,5,9/3/2026
2023-09-11,2023,2,Capital Region,0,9/3/2026
2023-09-11,2023,3,South Central,5,9/3/2026
2023-09-11,2023,9,Northshore,1,9/3/2026
2023-09-12,2023,1,Southeast,2,9/3/2026
2023-09-12,2023,2,Capital Region,2,9/3/2026
2023-09-12,2023,3,South Central,1,9/3/2026
2023-09-12,2023,9,Northshore,5,9/3/2026
2023-09-13,2023,1,Southeast,3,9/3/2026
2023-09-13,2023,2,Capital Region,2,9/3/2026
2023-09-13,2023,3,South Central,3,9/3/2026
2023-09-13,2023,9,Northshore,4,9/3/2026
2023-09-14,2023,1,Southeast,4,9/3/2026
2023-09-14,2023,2,Capital Region,0,9/3/2026
2023-09-14,2023,3,South Central,2,9/3/2026
2023-09-14,2023,9,Northshore,1,9/3/2026
2023-09-15,2023,1,Southeast,0,9/3/2026
2023-09-15,2023,2,Capital Region,1,9/3/2026
2023-09-15,2023,3,South Central,2,9/3/2026
2023-09-15,2023,9,Northshore,0,9/3/2026
2023-09-16,2023,1,Southeast,0,9/3/2026
2023-09-16,2023,2,Capital Region,1,9/3/2026
2023-09-16,2023,3,South Central,3,9/3/2026
2023-09-16,2023,9,Northshore,1,9/3/2026
2023-09-17,2023,1,Southeast,0,9/3/2026
2023-09-17,2023,2,Capital Region,1,9/3/2026
2023-09-17,2023,3,South Central,0,9/3/2026
2023-09-17,2023,9,Northshore,0,9/3/2026
2023-09-18,2023,1,Southeast,2,9/3/2026
2023-09-18,2023,2,Capital Region,0,9/3/2026
2023-09-18,2023,3,South Central,0,9/3/2026
2023-09-18,2023,9,Northshore,0,9/3/2026
2023-09-19,2023,1,Southeast,1,9/3/2026
2023-09-19,2023,2,Capital Region,0,9/3/2026
2023-09-19,2023,3,South Central,3,9/3/2026
2023-09-19,2023,9,Northshore,0,9/3/2026
2023-09-20,2023,1,Southeast,1,9/3/2026
2023-09-20,2023,2,Capital Region,0,9/3/2026
2023-09-20,2023,3,South Central,3,9/3/2026
2023-09-20,2023,9,Northshore,2,9/3/2026
2023-09-21,2023,1,Southeast,4,9/3/2026
2023-09-21,2023,2,Capital Region,0,9/3/2026
2023-09-21,2023,3,South Central,2,9/3/2026
2023-09-21,2023,9,Northshore,1,9/3/2026
2023-09-22,2023,1,Southeast,1,9/3/2026
2023-09-22,2023,2,Capital Region,2,9/3/2026
2023-09-22,2023,3,South Central,3,9/3/2026
2023-09-22,2023,9,Northshore,5,9/3/2026
2023-09-23,2023,1,Southeast,2,9/3/2026
2023-09-23,2023,2,Capital Region,2,9/3/2026
2023-09-23,2023,3,South Central,1,9/3/2026
2023-09-23,2023,9,Northshore,1,9/3/2026
2023-09-24,2023,1,Southeast,5,9/3/2026
2023-09-24,2023,2,Capital Region,2,9/3/2026
2023-09-24,2023,3,South Central,1,9/3/2026
2023-09-24,2023,9,Northshore,1,9/3/2026
2023-09-25,2023,1,Southeast,0,9/3/2026
2023-09-25,2023,2,Capital Region,1,9/3/2026
2023-09-25,2023,3,South Central,2,9/3/2026
2023-09-25,2023,9,Northshore,0,9/3/2026
2023-09-26,2023,1,Southeast,2,9/3/2026
2023-09-26,2023,2,Capital Region,1,9/3/2026
2023-09-26,2023,3,South Central,1,9/3/2026
2023-09-26,2023,9,Northshore,2,9/3/2026
2023-09-27,2023,1,Southeast,1,9/3/2026
2023-09-27,2023,2,Capital Region,0,9/3/2026
2023-09-27,2023,3,South Central,1,9/3/2026
2023-09-27,2023,9,Northshore,2,9/3/2026
2023-09-28,2023,1,Southeast,0,9/3/2026
2023-09-28,2023,2,Capital Region,0,9/3/2026
2023-09-28,2023,3,South Central,1,9/3/2026
2023-09-28,2023,9,Northshore,3,9/3/2026
2023-09-29,2023,1,Southeast,0,9/3/2026
2023-09-29,2023,2,Capital Region,2,9/3/2026
2023-09-29,2023,3,South Central,2,9/3/2026
2023-09-29,2023,9,Northshore,1,9/3/2026
2023-09-30,2023,1,Southeast,1,9/3/2026
2023-09-30,2023,2,Capital Region,1,9/3/2026
2023-09-30,2023,3,South Central,0,9/3/2026
2023-09-30,2023,9,Northshore,1,9/3/2026
2023-10-01,2023,1,Southeast,3,9/3/2026
2023-10-01,2023,2,Capital Region,0,9/3/2026
2023-10-01,2023,3,South Central,0,9/3/2026
2023-10-01,2023,9,Northshore,0,9/3/2026
2023-10-02,2023,1,Southeast,0,9/3/2026
2023-10-02,2023,2,Capital Region,0,9/3/2026
2023-10-02,2023,3,South Central,0,9/3/2026
2023-10-02,2023,9,Northshore,5,9/3/2026
2023-10-03,2023,1,Southeast,1,9/3/2026
2023-10-03,2023,2,Capital Region,2,9/3/2026
2023-10-03,2023,3,South Central,0,9/3/2026
2023-10-03,2023,9,Northshore,0,9/3/2026
2023-10-04,2023,1,Southeast,0,9/3/2026
2023-10-04,2023,2,Capital Region,1,9/3/2026
2023-10-04,2023,3,South Central,0,9/3/2026
2023-10-04,2023,9,Northshore,0,9/3/2026
2023-10-05,2023,1,Southeast,1,9/3/2026
2023-10-05,2023,2,Capital Region,0,9/3/2026
2023-10-05,2023,3,South Central,0,9/3/2026
2023-10-05,2023,9,Northshore,2,9/3/2026
2023-10-06,2023,1,Southeast,1,9/3/2026
2023-10-06,2023,2,Capital Region,0,9/3/2026
2023-10-06,2023,3,South Central,1,9/3/2026
2023-10-06,2023,9,Northshore,2,9/3/2026
2023-10-07,2023,1,Southeast,0,9/3/2026
2023-10-07,2023,2,Capital Region,0,9/3/2026
2023-10-07,2023,3,South Central,0,9/3/2026
2023-10-07,2023,9,Northshore,0,9/3/2026
2023-10-08,2023,1,Southeast,0,9/3/2026
2023-10-08,2023,2,Capital Region,0,9/3/2026
2023-10-08,2023,3,South Central,0,9/3/2026
2023-10-08,2023,9,Northshore,0,9/3/2026
2023-10-09,2023,1,Southeast,0,9/3/2026
2023-10-09,2023,2,Capital Region,1,9/3/2026
2023-10-09,2023,3,South Central,0,9/3/2026
2023-10-09,2023,9,Northshore,0,9/3/2026
2023-10-10,2023,1,Southeast,0,9/3/2026
2023-10-10,2023,2,Capital Region,0,9/3/2026
2023-10-10,2023,3,South Central,0,9/3/2026
2023-10-10,2023,9,Northshore,0,9/3/2026
2023-10-11,2023,1,Southeast,0,9/3/2026
2023-10-11,2023,2,Capital Region,0,9/3/2026
2023-10-11,2023,3,South Central,0,9/3/2026
2023-10-11,2023,9,Northshore,0,9/3/2026
2023-10-12,2023,1,Southeast,0,9/3/2026
2023-10-12,2023,2,Capital Region,0,9/3/2026
2023-10-12,2023,3,South Central,0,9/3/2026
2023-10-12,2023,9,Northshore,1,9/3/2026
2023-10-13,2023,1,Southeast,0,9/3/2026
2023-10-13,2023,2,Capital Region,0,9/3/2026
2023-10-13,2023,3,South Central,0,9/3/2026
2023-10-13,2023,9,Northshore,0,9/3/2026
2023-10-14,2023,1,Southeast,0,9/3/2026
2023-10-14,2023,2,Capital Region,0,9/3/2026
2023-10-14,2023,3,South Central,0,9/3/2026
2023-10-14,2023,9,Northshore,0,9/3/2026
2023-10-15,2023,1,Southeast,0,9/3/2026
2023-10-15,2023,2,Capital Region,0,9/3/2026
2023-10-15,2023,3,South Central,0,9/3/2026
2023-10-15,2023,9,Northshore,1,9/3/2026
2023-10-16,2023,1,Southeast,0,9/3/2026
2023-10-16,2023,2,Capital Region,0,9/3/2026
2023-10-16,2023,3,South Central,0,9/3/2026
2023-10-16,2023,9,Northshore,0,9/3/2026
2023-10-17,2023,1,Southeast,0,9/3/2026
2023-10-17,2023,2,Capital Region,0,9/3/2026
2023-10-17,2023,3,South Central,0,9/3/2026
2023-10-17,2023,9,Northshore,0,9/3/2026
2023-10-18,2023,1,Southeast,0,9/3/2026
2023-10-18,2023,2,Capital Region,0,9/3/2026
2023-10-18,2023,3,South Central,0,9/3/2026
2023-10-18,2023,9,Northshore,1,9/3/2026
2023-10-19,2023,1,Southeast,0,9/3/2026
2023-10-19,2023,2,Capital Region,0,9/3/2026
2023-10-19,2023,3,South Central,0,9/3/2026
2023-10-19,2023,9,Northshore,0,9/3/2026
2023-10-20,2023,1,Southeast,1,9/3/2026
2023-10-20,2023,2,Capital Region,0,9/3/2026
2023-10-20,2023,3,South Central,0,9/3/2026
2023-10-20,2023,9,Northshore,0,9/3/2026
2023-10-21,2023,1,Southeast,2,9/3/2026
2023-10-21,2023,2,Capital Region,0,9/3/2026
2023-10-21,2023,3,South Central,0,9/3/2026
2023-10-21,2023,9,Northshore,1,9/3/2026
2023-10-22,2023,1,Southeast,0,9/3/2026
2023-10-22,2023,2,Capital Region,0,9/3/2026
2023-10-22,2023,3,South Central,0,9/3/2026
2023-10-22,2023,9,Northshore,1,9/3/2026
2023-10-23,2023,1,Southeast,0,9/3/2026
2023-10-23,2023,2,Capital Region,0,9/3/2026
2023-10-23,2023,3,South Central,0,9/3/2026
2023-10-23,2023,9,Northshore,1,9/3/2026
2023-10-24,2023,1,Southeast,1,9/3/2026
2023-10-24,2023,2,Capital Region,0,9/3/2026
2023-10-24,2023,3,South Central,2,9/3/2026
2023-10-24,2023,9,Northshore,0,9/3/2026
2023-10-25,2023,1,Southeast,1,9/3/2026
2023-10-25,2023,2,Capital Region,0,9/3/2026
2023-10-25,2023,3,South Central,0,9/3/2026
2023-10-25,2023,9,Northshore,0,9/3/2026
2023-10-26,2023,1,Southeast,0,9/3/2026
2023-10-26,2023,2,Capital Region,0,9/3/2026
2023-10-26,2023,3,South Central,1,9/3/2026
2023-10-26,2023,9,Northshore,0,9/3/2026
2023-10-27,2023,1,Southeast,1,9/3/2026
2023-10-27,2023,2,Capital Region,1,9/3/2026
2023-10-27,2023,3,South Central,0,9/3/2026
2023-10-27,2023,9,Northshore,1,9/3/2026
2023-10-28,2023,1,Southeast,0,9/3/2026
2023-10-28,2023,2,Capital Region,1,9/3/2026
2023-10-28,2023,3,South Central,1,9/3/2026
2023-10-28,2023,9,Northshore,0,9/3/2026
2023-10-29,2023,1,Southeast,0,9/3/2026
2023-10-29,2023,2,Capital Region,0,9/3/2026
2023-10-29,2023,3,South Central,0,9/3/2026
2023-10-29,2023,9,Northshore,1,9/3/2026
2023-10-30,2023,1,Southeast,0,9/3/2026
2023-10-30,2023,2,Capital Region,1,9/3/2026
2023-10-30,2023,3,South Central,0,9/3/2026
2023-10-30,2023,9,Northshore,1,9/3/2026
2023-10-31,2023,1,Southeast,0,9/3/2026
2023-10-31,2023,2,Capital Region,0,9/3/2026
2023-10-31,2023,3,South Central,0,9/3/2026
2023-10-31,2023,9,Northshore,0,9/3/2026
2024-04-01,2024,1,Southeast,1,9/3/2026
2024-04-01,2024,2,Capital Region,1,9/3/2026
2024-04-01,2024,3,South Central,0,9/3/2026
2024-04-01,2024,9,Northshore,1,9/3/2026
2024-04-02,2024,1,Southeast,0,9/3/2026
2024-04-02,2024,2,Capital Region,0,9/3/2026
2024-04-02,2024,3,South Central,0,9/3/2026
2024-04-02,2024,9,Northshore,0,9/3/2026
2024-04-03,2024,1,Southeast,0,9/3/2026
2024-04-03,2024,2,Capital Region,0,9/3/2026
2024-04-03,2024,3,South Central,0,9/3/2026
2024-04-03,2024,9,Northshore,0,9/3/2026
2024-04-04,2024,1,Southeast,0,9/3/2026
2024-04-04,2024,2,Capital Region,0,9/3/2026
2024-04-04,2024,3,South Central,1,9/3/2026
2024-04-04,2024,9,Northshore,0,9/3/2026
2024-04-05,2024,1,Southeast,0,9/3/2026
2024-04-05,2024,2,Capital Region,0,9/3/2026
2024-04-05,2024,3,South Central,0,9/3/2026
2024-04-05,2024,9,Northshore,1,9/3/2026
2024-04-06,2024,1,Southeast,1,9/3/2026
2024-04-06,2024,2,Capital Region,0,9/3/2026
2024-04-06,2024,3,South Central,0,9/3/2026
2024-04-06,2024,9,Northshore,0,9/3/2026
2024-04-07,2024,1,Southeast,0,9/3/2026
2024-04-07,2024,2,Capital Region,0,9/3/2026
2024-04-07,2024,3,South Central,0,9/3/2026
2024-04-07,2024,9,Northshore,1,9/3/2026
2024-04-08,2024,1,Southeast,0,9/3/2026
2024-04-08,2024,2,Capital Region,0,9/3/2026
2024-04-08,2024,3,South Central,1,9/3/2026
2024-04-08,2024,9,Northshore,0,9/3/2026
2024-04-09,2024,1,Southeast,0,9/3/2026
2024-04-09,2024,2,Capital Region,1,9/3/2026
2024-04-09,2024,3,South Central,0,9/3/2026
2024-04-09,2024,9,Northshore,1,9/3/2026
2024-04-10,2024,1,Southeast,0,9/3/2026
2024-04-10,2024,2,Capital Region,0,9/3/2026
2024-04-10,2024,3,South Central,0,9/3/2026
2024-04-10,2024,9,Northshore,0,9/3/2026
2024-04-11,2024,1,Southeast,0,9/3/2026
2024-04-11,2024,2,Capital Region,0,9/3/2026
2024-04-11,2024,3,South Central,0,9/3/2026
2024-04-11,2024,9,Northshore,0,9/3/2026
2024-04-12,2024,1,Southeast,0,9/3/2026
2024-04-12,2024,2,Capital Region,0,9/3/2026
2024-04-12,2024,3,South Central,0,9/3/2026
2024-04-12,2024,9,Northshore,0,9/3/2026
2024-04-13,2024,1,Southeast,1,9/3/2026
2024-04-13,2024,2,Capital Region,1,9/3/2026
2024-04-13,2024,3,South Central,2,9/3/2026
2024-04-13,2024,9,Northshore,1,9/3/2026
2024-04-14,2024,1,Southeast,0,9/3/2026
2024-04-14,2024,2,Capital Region,0,9/3/2026
2024-04-14,2024,3,South Central,1,9/3/2026
2024-04-14,2024,9,Northshore,1,9/3/2026
2024-04-15,2024,1,Southeast,1,9/3/2026
2024-04-15,2024,2,Capital Region,1,9/3/2026
2024-04-15,2024,3,South Central,0,9/3/2026
2024-04-15,2024,9,Northshore,0,9/3/2026
2024-04-16,2024,1,Southeast,1,9/3/2026
2024-04-16,2024,2,Capital Region,0,9/3/2026
2024-04-16,2024,3,South Central,0,9/3/2026
2024-04-16,2024,9,Northshore,2,9/3/2026
2024-04-17,2024,1,Southeast,1,9/3/2026
2024-04-17,2024,2,Capital Region,1,9/3/2026
2024-04-17,2024,3,South Central,0,9/3/2026
2024-04-17,2024,9,Northshore,0,9/3/2026
2024-04-18,2024,1,Southeast,1,9/3/2026
2024-04-18,2024,2,Capital Region,2,9/3/2026
2024-04-18,2024,3,South Central,0,9/3/2026
2024-04-18,2024,9,Northshore,0,9/3/2026
2024-04-19,2024,1,Southeast,3,9/3/2026
2024-04-19,2024,2,Capital Region,0,9/3/2026
2024-04-19,2024,3,South Central,3,9/3/2026
2024-04-19,2024,9,Northshore,0,9/3/2026
2024-04-20,2024,1,Southeast,1,9/3/2026
2024-04-20,2024,2,Capital Region,2,9/3/2026
2024-04-20,2024,3,South Central,0,9/3/2026
2024-04-20,2024,9,Northshore,1,9/3/2026
2024-04-21,2024,1,Southeast,0,9/3/2026
2024-04-21,2024,2,Capital Region,0,9/3/2026
2024-04-21,2024,3,South Central,0,9/3/2026
2024-04-21,2024,9,Northshore,0,9/3/2026
2024-04-22,2024,1,Southeast,0,9/3/2026
2024-04-22,2024,2,Capital Region,0,9/3/2026
2024-04-22,2024,3,South Central,1,9/3/2026
2024-04-22,2024,9,Northshore,0,9/3/2026
2024-04-23,2024,1,Southeast,1,9/3/2026
2024-04-23,2024,2,Capital Region,0,9/3/2026
2024-04-23,2024,3,South Central,0,9/3/2026
2024-04-23,2024,9,Northshore,0,9/3/2026
2024-04-24,2024,1,Southeast,2,9/3/2026
2024-04-24,2024,2,Capital Region,0,9/3/2026
2024-04-24,2024,3,South Central,0,9/3/2026
2024-04-24,2024,9,Northshore,0,9/3/2026
2024-04-25,2024,1,Southeast,0,9/3/2026
2024-04-25,2024,2,Capital Region,0,9/3/2026
2024-04-25,2024,3,South Central,0,9/3/2026
2024-04-25,2024,9,Northshore,1,9/3/2026
2024-04-26,2024,1,Southeast,3,9/3/2026
2024-04-26,2024,2,Capital Region,0,9/3/2026
2024-04-26,2024,3,South Central,0,9/3/2026
2024-04-26,2024,9,Northshore,2,9/3/2026
2024-04-27,2024,1,Southeast,2,9/3/2026
2024-04-27,2024,2,Capital Region,1,9/3/2026
2024-04-27,2024,3,South Central,0,9/3/2026
2024-04-27,2024,9,Northshore,1,9/3/2026
2024-04-28,2024,1,Southeast,3,9/3/2026
2024-04-28,2024,2,Capital Region,0,9/3/2026
2024-04-28,2024,3,South Central,1,9/3/2026
2024-04-28,2024,9,Northshore,0,9/3/2026
2024-04-29,2024,1,Southeast,0,9/3/2026
2024-04-29,2024,2,Capital Region,0,9/3/2026
2024-04-29,2024,3,South Central,0,9/3/2026
2024-04-29,2024,9,Northshore,1,9/3/2026
2024-04-30,2024,1,Southeast,0,9/3/2026
2024-04-30,2024,2,Capital Region,0,9/3/2026
2024-04-30,2024,3,South Central,0,9/3/2026
2024-04-30,2024,9,Northshore,1,9/3/2026
2024-05-01,2024,1,Southeast,0,9/3/2026
2024-05-01,2024,2,Capital Region,2,9/3/2026
2024-05-01,2024,3,South Central,0,9/3/2026
2024-05-01,2024,9,Northshore,2,9/3/2026
2024-05-02,2024,1,Southeast,1,9/3/2026
2024-05-02,2024,2,Capital Region,0,9/3/2026
2024-05-02,2024,3,South Central,1,9/3/2026
2024-05-02,2024,9,Northshore,1,9/3/2026
2024-05-03,2024,1,Southeast,2,9/3/2026
2024-05-03,2024,2,Capital Region,1,9/3/2026
2024-05-03,2024,3,South Central,0,9/3/2026
2024-05-03,2024,9,Northshore,0,9/3/2026
2024-05-04,2024,1,Southeast,2,9/3/2026
2024-05-04,2024,2,Capital Region,1,9/3/2026
2024-05-04,2024,3,South Central,3,9/3/2026
2024-05-04,2024,9,Northshore,0,9/3/2026
2024-05-05,2024,1,Southeast,2,9/3/2026
2024-05-05,2024,2,Capital Region,0,9/3/2026
2024-05-05,2024,3,South Central,0,9/3/2026
2024-05-05,2024,9,Northshore,1,9/3/2026
2024-05-06,2024,1,Southeast,2,9/3/2026
2024-05-06,2024,2,Capital Region,0,9/3/2026
2024-05-06,2024,3,South Central,1,9/3/2026
2024-05-06,2024,9,Northshore,1,9/3/2026
2024-05-07,2024,1,Southeast,1,9/3/2026
2024-05-07,2024,2,Capital Region,1,9/3/2026
2024-05-07,2024,3,South Central,1,9/3/2026
2024-05-07,2024,9,Northshore,2,9/3/2026
2024-05-08,2024,1,Southeast,1,9/3/2026
2024-05-08,2024,2,Capital Region,0,9/3/2026
2024-05-08,2024,3,South Central,0,9/3/2026
2024-05-08,2024,9,Northshore,6,9/3/2026
2024-05-09,2024,1,Southeast,3,9/3/2026
2024-05-09,2024,2,Capital Region,1,9/3/2026
2024-05-09,2024,3,South Central,2,9/3/2026
2024-05-09,2024,9,Northshore,2,9/3/2026
2024-05-10,2024,1,Southeast,1,9/3/2026
2024-05-10,2024,2,Capital Region,1,9/3/2026
2024-05-10,2024,3,South Central,1,9/3/2026
2024-05-10,2024,9,Northshore,2,9/3/2026
2024-05-11,2024,1,Southeast,1,9/3/2026
2024-05-11,2024,2,Capital Region,3,9/3/2026
2024-05-11,2024,3,South Central,0,9/3/2026
2024-05-11,2024,9,Northshore,1,9/3/2026
2024-05-12,2024,1,Southeast,1,9/3/2026
2024-05-12,2024,2,Capital Region,0,9/3/2026
2024-05-12,2024,3,South Central,1,9/3/2026
2024-05-12,2024,9,Northshore,0,9/3/2026
2024-05-13,2024,1,Southeast,1,9/3/2026
2024-05-13,2024,2,Capital Region,0,9/3/2026
2024-05-13,2024,3,South Central,0,9/3/2026
2024-05-13,2024,9,Northshore,0,9/3/2026
2024-05-14,2024,1,Southeast,1,9/3/2026
2024-05-14,2024,2,Capital Region,0,9/3/2026
2024-05-14,2024,3,South Central,0,9/3/2026
2024-05-14,2024,9,Northshore,1,9/3/2026
2024-05-15,2024,1,Southeast,3,9/3/2026
2024-05-15,2024,2,Capital Region,0,9/3/2026
2024-05-15,2024,3,South Central,1,9/3/2026
2024-05-15,2024,9,Northshore,5,9/3/2026
2024-05-16,2024,1,Southeast,1,9/3/2026
2024-05-16,2024,2,Capital Region,1,9/3/2026
2024-05-16,2024,3,South Central,2,9/3/2026
2024-05-16,2024,9,Northshore,1,9/3/2026
2024-05-17,2024,1,Southeast,2,9/3/2026
2024-05-17,2024,2,Capital Region,0,9/3/2026
2024-05-17,2024,3,South Central,2,9/3/2026
2024-05-17,2024,9,Northshore,1,9/3/2026
2024-05-18,2024,1,Southeast,3,9/3/2026
2024-05-18,2024,2,Capital Region,2,9/3/2026
2024-05-18,2024,3,South Central,2,9/3/2026
2024-05-18,2024,9,Northshore,1,9/3/2026
2024-05-19,2024,1,Southeast,4,9/3/2026
2024-05-19,2024,2,Capital Region,0,9/3/2026
2024-05-19,2024,3,South Central,1,9/3/2026
2024-05-19,2024,9,Northshore,0,9/3/2026
2024-05-20,2024,1,Southeast,3,9/3/2026
2024-05-20,2024,2,Capital Region,1,9/3/2026
2024-05-20,2024,3,South Central,1,9/3/2026
2024-05-20,2024,9,Northshore,2,9/3/2026
2024-05-21,2024,1,Southeast,5,9/3/2026
2024-05-21,2024,2,Capital Region,0,9/3/2026
2024-05-21,2024,3,South Central,0,9/3/2026
2024-05-21,2024,9,Northshore,3,9/3/2026
2024-05-22,2024,1,Southeast,2,9/3/2026
2024-05-22,2024,2,Capital Region,1,9/3/2026
2024-05-22,2024,3,South Central,1,9/3/2026
2024-05-22,2024,9,Northshore,1,9/3/2026
2024-05-23,2024,1,Southeast,2,9/3/2026
2024-05-23,2024,2,Capital Region,1,9/3/2026
2024-05-23,2024,3,South Central,5,9/3/2026
2024-05-23,2024,9,Northshore,1,9/3/2026
2024-05-24,2024,1,Southeast,3,9/3/2026
2024-05-24,2024,2,Capital Region,2,9/3/2026
2024-05-24,2024,3,South Central,1,9/3/2026
2024-05-24,2024,9,Northshore,2,9/3/2026
2024-05-25,2024,1,Southeast,4,9/3/2026
2024-05-25,2024,2,Capital Region,3,9/3/2026
2024-05-25,2024,3,South Central,1,9/3/2026
2024-05-25,2024,9,Northshore,0,9/3/2026
2024-05-26,2024,1,Southeast,5,9/3/2026
2024-05-26,2024,2,Capital Region,0,9/3/2026
2024-05-26,2024,3,South Central,3,9/3/2026
2024-05-26,2024,9,Northshore,4,9/3/2026
2024-05-27,2024,1,Southeast,3,9/3/2026
2024-05-27,2024,2,Capital Region,6,9/3/2026
2024-05-27,2024,3,South Central,2,9/3/2026
2024-05-27,2024,9,Northshore,5,9/3/2026
2024-05-28,2024,1,Southeast,7,9/3/2026
2024-05-28,2024,2,Capital Region,3,9/3/2026
2024-05-28,2024,3,South Central,3,9/3/2026
2024-05-28,2024,9,Northshore,6,9/3/2026
2024-05-29,2024,1,Southeast,1,9/3/2026
2024-05-29,2024,2,Capital Region,2,9/3/2026
2024-05-29,2024,3,South Central,2,9/3/2026
2024-05-29,2024,9,Northshore,4,9/3/2026
2024-05-30,2024,1,Southeast,2,9/3/2026
2024-05-30,2024,2,Capital Region,2,9/3/2026
2024-05-30,2024,3,South Central,2,9/3/2026
2024-05-30,2024,9,Northshore,3,9/3/2026
2024-05-31,2024,1,Southeast,1,9/3/2026
2024-05-31,2024,2,Capital Region,3,9/3/2026
2024-05-31,2024,3,South Central,1,9/3/2026
2024-05-31,2024,9,Northshore,0,9/3/2026
2024-06-01,2024,1,Southeast,3,9/3/2026
2024-06-01,2024,2,Capital Region,3,9/3/2026
2024-06-01,2024,3,South Central,0,9/3/2026
2024-06-01,2024,9,Northshore,0,9/3/2026
2024-06-02,2024,1,Southeast,1,9/3/2026
2024-06-02,2024,2,Capital Region,1,9/3/2026
2024-06-02,2024,3,South Central,0,9/3/2026
2024-06-02,2024,9,Northshore,1,9/3/2026
2024-06-03,2024,1,Southeast,7,9/3/2026
2024-06-03,2024,2,Capital Region,1,9/3/2026
2024-06-03,2024,3,South Central,4,9/3/2026
2024-06-03,2024,9,Northshore,1,9/3/2026
2024-06-04,2024,1,Southeast,6,9/3/2026
2024-06-04,2024,2,Capital Region,1,9/3/2026
2024-06-04,2024,3,South Central,1,9/3/2026
2024-06-04,2024,9,Northshore,4,9/3/2026
2024-06-05,2024,1,Southeast,1,9/3/2026
2024-06-05,2024,2,Capital Region,4,9/3/2026
2024-06-05,2024,3,South Central,2,9/3/2026
2024-06-05,2024,9,Northshore,1,9/3/2026
2024-06-06,2024,1,Southeast,1,9/3/2026
2024-06-06,2024,2,Capital Region,2,9/3/2026
2024-06-06,2024,3,South Central,2,9/3/2026
2024-06-06,2024,9,Northshore,2,9/3/2026
2024-06-07,2024,1,Southeast,7,9/3/2026
2024-06-07,2024,2,Capital Region,7,9/3/2026
2024-06-07,2024,3,South Central,1,9/3/2026
2024-06-07,2024,9,Northshore,7,9/3/2026
2024-06-08,2024,1,Southeast,10,9/3/2026
2024-06-08,2024,2,Capital Region,2,9/3/2026
2024-06-08,2024,3,South Central,5,9/3/2026
2024-06-08,2024,9,Northshore,5,9/3/2026
2024-06-09,2024,1,Southeast,4,9/3/2026
2024-06-09,2024,2,Capital Region,2,9/3/2026
2024-06-09,2024,3,South Central,11,9/3/2026
2024-06-09,2024,9,Northshore,7,9/3/2026
2024-06-10,2024,1,Southeast,3,9/3/2026
2024-06-10,2024,2,Capital Region,2,9/3/2026
2024-06-10,2024,3,South Central,1,9/3/2026
2024-06-10,2024,9,Northshore,8,9/3/2026
2024-06-11,2024,1,Southeast,7,9/3/2026
2024-06-11,2024,2,Capital Region,1,9/3/2026
2024-06-11,2024,3,South Central,2,9/3/2026
2024-06-11,2024,9,Northshore,5,9/3/2026
2024-06-12,2024,1,Southeast,7,9/3/2026
2024-06-12,2024,2,Capital Region,2,9/3/2026
2024-06-12,2024,3,South Central,3,9/3/2026
2024-06-12,2024,9,Northshore,1,9/3/2026
2024-06-13,2024,1,Southeast,7,9/3/2026
2024-06-13,2024,2,Capital Region,6,9/3/2026
2024-06-13,2024,3,South Central,7,9/3/2026
2024-06-13,2024,9,Northshore,2,9/3/2026
2024-06-14,2024,1,Southeast,7,9/3/2026
2024-06-14,2024,2,Capital Region,1,9/3/2026
2024-06-14,2024,3,South Central,5,9/3/2026
2024-06-14,2024,9,Northshore,2,9/3/2026
2024-06-15,2024,1,Southeast,7,9/3/2026
2024-06-15,2024,2,Capital Region,4,9/3/2026
2024-06-15,2024,3,South Central,5,9/3/2026
2024-06-15,2024,9,Northshore,10,9/3/2026
2024-06-16,2024,1,Southeast,1,9/3/2026
2024-06-16,2024,2,Capital Region,0,9/3/2026
2024-06-16,2024,3,South Central,4,9/3/2026
2024-06-16,2024,9,Northshore,3,9/3/2026
2024-06-17,2024,1,Southeast,2,9/3/2026
2024-06-17,2024,2,Capital Region,0,9/3/2026
2024-06-17,2024,3,South Central,3,9/3/2026
2024-06-17,2024,9,Northshore,1,9/3/2026
2024-06-18,2024,1,Southeast,1,9/3/2026
2024-06-18,2024,2,Capital Region,1,9/3/2026
2024-06-18,2024,3,South Central,0,9/3/2026
2024-06-18,2024,9,Northshore,1,9/3/2026
2024-06-19,2024,1,Southeast,0,9/3/2026
2024-06-19,2024,2,Capital Region,0,9/3/2026
2024-06-19,2024,3,South Central,5,9/3/2026
2024-06-19,2024,9,Northshore,3,9/3/2026
2024-06-20,2024,1,Southeast,0,9/3/2026
2024-06-20,2024,2,Capital Region,5,9/3/2026
2024-06-20,2024,3,South Central,0,9/3/2026
2024-06-20,2024,9,Northshore,3,9/3/2026
2024-06-21,2024,1,Southeast,1,9/3/2026
2024-06-21,2024,2,Capital Region,2,9/3/2026
2024-06-21,2024,3,South Central,4,9/3/2026
2024-06-21,2024,9,Northshore,6,9/3/2026
2024-06-22,2024,1,Southeast,4,9/3/2026
2024-06-22,2024,2,Capital Region,1,9/3/2026
2024-06-22,2024,3,South Central,6,9/3/2026
2024-06-22,2024,9,Northshore,10,9/3/2026
2024-06-23,2024,1,Southeast,3,9/3/2026
2024-06-23,2024,2,Capital Region,1,9/3/2026
2024-06-23,2024,3,South Central,2,9/3/2026
2024-06-23,2024,9,Northshore,5,9/3/2026
2024-06-24,2024,1,Southeast,8,9/3/2026
2024-06-24,2024,2,Capital Region,1,9/3/2026
2024-06-24,2024,3,South Central,8,9/3/2026
2024-06-24,2024,9,Northshore,6,9/3/2026
2024-06-25,2024,1,Southeast,13,9/3/2026
2024-06-25,2024,2,Capital Region,8,9/3/2026
2024-06-25,2024,3,South Central,4,9/3/2026
2024-06-25,2024,9,Northshore,5,9/3/2026
2024-06-26,2024,1,Southeast,4,9/3/2026
2024-06-26,2024,2,Capital Region,5,9/3/2026
2024-06-26,2024,3,South Central,5,9/3/2026
2024-06-26,2024,9,Northshore,7,9/3/2026
2024-06-27,2024,1,Southeast,8,9/3/2026
2024-06-27,2024,2,Capital Region,0,9/3/2026
2024-06-27,2024,3,South Central,4,9/3/2026
2024-06-27,2024,9,Northshore,4,9/3/2026
2024-06-28,2024,1,Southeast,2,9/3/2026
2024-06-28,2024,2,Capital Region,0,9/3/2026
2024-06-28,2024,3,South Central,4,9/3/2026
2024-06-28,2024,9,Northshore,7,9/3/2026
2024-06-29,2024,1,Southeast,8,9/3/2026
2024-06-29,2024,2,Capital Region,5,9/3/2026
2024-06-29,2024,3,South Central,2,9/3/2026
2024-06-29,2024,9,Northshore,5,9/3/2026
2024-06-30,2024,1,Southeast,6,9/3/2026
2024-06-30,2024,2,Capital Region,3,9/3/2026
2024-06-30,2024,3,South Central,5,9/3/2026
2024-06-30,2024,9,Northshore,10,9/3/2026
2024-07-01,2024,1,Southeast,5,9/3/2026
2024-07-01,2024,2,Capital Region,3,9/3/2026
2024-07-01,2024,3,South Central,7,9/3/2026
2024-07-01,2024,9,Northshore,11,9/3/2026
2024-07-02,2024,1,Southeast,13,9/3/2026
2024-07-02,2024,2,Capital Region,10,9/3/2026
2024-07-02,2024,3,South Central,11,9/3/2026
2024-07-02,2024,9,Northshore,19,9/3/2026
2024-07-03,2024,1,Southeast,6,9/3/2026
2024-07-03,2024,2,Capital Region,7,9/3/2026
2024-07-03,2024,3,South Central,9,9/3/2026
2024-07-03,2024,9,Northshore,10,9/3/2026
2024-07-04,2024,1,Southeast,4,9/3/2026
2024-07-04,2024,2,Capital Region,3,9/3/2026
2024-07-04,2024,3,South Central,3,9/3/2026
2024-07-04,2024,9,Northshore,5,9/3/2026
2024-07-05,2024,1,Southeast,9,9/3/2026
2024-07-05,2024,2,Capital Region,2,9/3/2026
2024-07-05,2024,3,South Central,3,9/3/2026
2024-07-05,2024,9,Northshore,6,9/3/2026
2024-07-06,2024,1,Southeast,7,9/3/2026
2024-07-06,2024,2,Capital Region,3,9/3/2026
2024-07-06,2024,3,South Central,0,9/3/2026
2024-07-06,2024,9,Northshore,2,9/3/2026
2024-07-07,2024,1,Southeast,14,9/3/2026
2024-07-07,2024,2,Capital Region,0,9/3/2026
2024-07-07,2024,3,South Central,2,9/3/2026
2024-07-07,2024,9,Northshore,9,9/3/2026
2024-07-08,2024,1,Southeast,10,9/3/2026
2024-07-08,2024,2,Capital Region,3,9/3/2026
2024-07-08,2024,3,South Central,10,9/3/2026
2024-07-08,2024,9,Northshore,6,9/3/2026
2024-07-09,2024,1,Southeast,9,9/3/2026
2024-07-09,2024,2,Capital Region,4,9/3/2026
2024-07-09,2024,3,South Central,3,9/3/2026
2024-07-09,2024,9,Northshore,6,9/3/2026
2024-07-10,2024,1,Southeast,1,9/3/2026
2024-07-10,2024,2,Capital Region,3,9/3/2026
2024-07-10,2024,3,South Central,5,9/3/2026
2024-07-10,2024,9,Northshore,4,9/3/2026
2024-07-11,2024,1,Southeast,7,9/3/2026
2024-07-11,2024,2,Capital Region,1,9/3/2026
2024-07-11,2024,3,South Central,2,9/3/2026
2024-07-11,2024,9,Northshore,5,9/3/2026
2024-07-12,2024,1,Southeast,3,9/3/2026
2024-07-12,2024,2,Capital Region,3,9/3/2026
2024-07-12,2024,3,South Central,3,9/3/2026
2024-07-12,2024,9,Northshore,4,9/3/2026
2024-07-13,2024,1,Southeast,11,9/3/2026
2024-07-13,2024,2,Capital Region,3,9/3/2026
2024-07-13,2024,3,South Central,3,9/3/2026
2024-07-13,2024,9,Northshore,6,9/3/2026
2024-07-14,2024,1,Southeast,6,9/3/2026
2024-07-14,2024,2,Capital Region,5,9/3/2026
2024-07-14,2024,3,South Central,2,9/3/2026
2024-07-14,2024,9,Northshore,4,9/3/2026
2024-07-15,2024,1,Southeast,9,9/3/2026
2024-07-15,2024,2,Capital Region,6,9/3/2026
2024-07-15,2024,3,South Central,5,9/3/2026
2024-07-15,2024,9,Northshore,6,9/3/2026
2024-07-16,2024,1,Southeast,12,9/3/2026
2024-07-16,2024,2,Capital Region,2,9/3/2026
2024-07-16,2024,3,South Central,5,9/3/2026
2024-07-16,2024,9,Northshore,9,9/3/2026
2024-07-17,2024,1,Southeast,5,9/3/2026
2024-07-17,2024,2,Capital Region,2,9/3/2026
2024-07-17,2024,3,South Central,3,9/3/2026
2024-07-17,2024,9,Northshore,2,9/3/2026
2024-07-18,2024,1,Southeast,5,9/3/2026
2024-07-18,2024,2,Capital Region,2,9/3/2026
2024-07-18,2024,3,South Central,3,9/3/2026
2024-07-18,2024,9,Northshore,1,9/3/2026
2024-07-19,2024,1,Southeast,2,9/3/2026
2024-07-19,2024,2,Capital Region,1,9/3/2026
2024-07-19,2024,3,South Central,4,9/3/2026
2024-07-19,2024,9,Northshore,0,9/3/2026
2024-07-20,2024,1,Southeast,1,9/3/2026
2024-07-20,2024,2,Capital Region,1,9/3/2026
2024-07-20,2024,3,South Central,1,9/3/2026
2024-07-20,2024,9,Northshore,4,9/3/2026
2024-07-21,2024,1,Southeast,1,9/3/2026
2024-07-21,2024,2,Capital Region,1,9/3/2026
2024-07-21,2024,3,South Central,0,9/3/2026
2024-07-21,2024,9,Northshore,1,9/3/2026
2024-07-22,2024,1,Southeast,2,9/3/2026
2024-07-22,2024,2,Capital Region,0,9/3/2026
2024-07-22,2024,3,South Central,5,9/3/2026
2024-07-22,2024,9,Northshore,6,9/3/2026
2024-07-23,2024,1,Southeast,0,9/3/2026
2024-07-23,2024,2,Capital Region,0,9/3/2026
2024-07-23,2024,3,South Central,1,9/3/2026
2024-07-23,2024,9,Northshore,2,9/3/2026
2024-07-24,2024,1,Southeast,7,9/3/2026
2024-07-24,2024,2,Capital Region,0,9/3/2026
2024-07-24,2024,3,South Central,3,9/3/2026
2024-07-24,2024,9,Northshore,2,9/3/2026
2024-07-25,2024,1,Southeast,4,9/3/2026
2024-07-25,2024,2,Capital Region,3,9/3/2026
2024-07-25,2024,3,South Central,4,9/3/2026
2024-07-25,2024,9,Northshore,4,9/3/2026
2024-07-26,2024,1,Southeast,2,9/3/2026
2024-07-26,2024,2,Capital Region,0,9/3/2026
2024-07-26,2024,3,South Central,5,9/3/2026
2024-07-26,2024,9,Northshore,4,9/3/2026
2024-07-27,2024,1,Southeast,3,9/3/2026
2024-07-27,2024,2,Capital Region,1,9/3/2026
2024-07-27,2024,3,South Central,3,9/3/2026
2024-07-27,2024,9,Northshore,2,9/3/2026
2024-07-28,2024,1,Southeast,5,9/3/2026
2024-07-28,2024,2,Capital Region,4,9/3/2026
2024-07-28,2024,3,South Central,3,9/3/2026
2024-07-28,2024,9,Northshore,2,9/3/2026
2024-07-29,2024,1,Southeast,7,9/3/2026
2024-07-29,2024,2,Capital Region,7,9/3/2026
2024-07-29,2024,3,South Central,3,9/3/2026
2024-07-29,2024,9,Northshore,4,9/3/2026
2024-07-30,2024,1,Southeast,15,9/3/2026
2024-07-30,2024,2,Capital Region,10,9/3/2026
2024-07-30,2024,3,South Central,13,9/3/2026
2024-07-30,2024,9,Northshore,17,9/3/2026
2024-07-31,2024,1,Southeast,9,9/3/2026
2024-07-31,2024,2,Capital Region,5,9/3/2026
2024-07-31,2024,3,South Central,9,9/3/2026
2024-07-31,2024,9,Northshore,13,9/3/2026
2024-08-01,2024,1,Southeast,11,9/3/2026
2024-08-01,2024,2,Capital Region,8,9/3/2026
2024-08-01,2024,3,South Central,10,9/3/2026
2024-08-01,2024,9,Northshore,12,9/3/2026
2024-08-02,2024,1,Southeast,8,9/3/2026
2024-08-02,2024,2,Capital Region,1,9/3/2026
2024-08-02,2024,3,South Central,6,9/3/2026
2024-08-02,2024,9,Northshore,7,9/3/2026
2024-08-03,2024,1,Southeast,5,9/3/2026
2024-08-03,2024,2,Capital Region,4,9/3/2026
2024-08-03,2024,3,South Central,3,9/3/2026
2024-08-03,2024,9,Northshore,4,9/3/2026
2024-08-04,2024,1,Southeast,6,9/3/2026
2024-08-04,2024,2,Capital Region,1,9/3/2026
2024-08-04,2024,3,South Central,0,9/3/2026
2024-08-04,2024,9,Northshore,4,9/3/2026
2024-08-05,2024,1,Southeast,8,9/3/2026
2024-08-05,2024,2,Capital Region,5,9/3/2026
2024-08-05,2024,3,South Central,5,9/3/2026
2024-08-05,2024,9,Northshore,8,9/3/2026
2024-08-06,2024,1,Southeast,12,9/3/2026
2024-08-06,2024,2,Capital Region,8,9/3/2026
2024-08-06,2024,3,South Central,4,9/3/2026
2024-08-06,2024,9,Northshore,14,9/3/2026
2024-08-07,2024,1,Southeast,8,9/3/2026
2024-08-07,2024,2,Capital Region,5,9/3/2026
2024-08-07,2024,3,South Central,2,9/3/2026
2024-08-07,2024,9,Northshore,12,9/3/2026
2024-08-08,2024,1,Southeast,10,9/3/2026
2024-08-08,2024,2,Capital Region,3,9/3/2026
2024-08-08,2024,3,South Central,3,9/3/2026
2024-08-08,2024,9,Northshore,7,9/3/2026
2024-08-09,2024,1,Southeast,10,9/3/2026
2024-08-09,2024,2,Capital Region,8,9/3/2026
2024-08-09,2024,3,South Central,7,9/3/2026
2024-08-09,2024,9,Northshore,9,9/3/2026
2024-08-10,2024,1,Southeast,7,9/3/2026
2024-08-10,2024,2,Capital Region,0,9/3/2026
2024-08-10,2024,3,South Central,7,9/3/2026
2024-08-10,2024,9,Northshore,7,9/3/2026
2024-08-11,2024,1,Southeast,4,9/3/2026
2024-08-11,2024,2,Capital Region,1,9/3/2026
2024-08-11,2024,3,South Central,1,9/3/2026
2024-08-11,2024,9,Northshore,3,9/3/2026
2024-08-12,2024,1,Southeast,9,9/3/2026
2024-08-12,2024,2,Capital Region,5,9/3/2026
2024-08-12,2024,3,South Central,7,9/3/2026
2024-08-12,2024,9,Northshore,9,9/3/2026
2024-08-13,2024,1,Southeast,11,9/3/2026
2024-08-13,2024,2,Capital Region,8,9/3/2026
2024-08-13,2024,3,South Central,6,9/3/2026
2024-08-13,2024,9,Northshore,8,9/3/2026
2024-08-14,2024,1,Southeast,5,9/3/2026
2024-08-14,2024,2,Capital Region,6,9/3/2026
2024-08-14,2024,3,South Central,2,9/3/2026
2024-08-14,2024,9,Northshore,11,9/3/2026
2024-08-15,2024,1,Southeast,9,9/3/2026
2024-08-15,2024,2,Capital Region,4,9/3/2026
2024-08-15,2024,3,South Central,13,9/3/2026
2024-08-15,2024,9,Northshore,9,9/3/2026
2024-08-16,2024,1,Southeast,6,9/3/2026
2024-08-16,2024,2,Capital Region,4,9/3/2026
2024-08-16,2024,3,South Central,1,9/3/2026
2024-08-16,2024,9,Northshore,6,9/3/2026
2024-08-17,2024,1,Southeast,12,9/3/2026
2024-08-17,2024,2,Capital Region,5,9/3/2026
2024-08-17,2024,3,South Central,4,9/3/2026
2024-08-17,2024,9,Northshore,10,9/3/2026
2024-08-18,2024,1,Southeast,6,9/3/2026
2024-08-18,2024,2,Capital Region,5,9/3/2026
2024-08-18,2024,3,South Central,4,9/3/2026
2024-08-18,2024,9,Northshore,5,9/3/2026
2024-08-19,2024,1,Southeast,4,9/3/2026
2024-08-19,2024,2,Capital Region,1,9/3/2026
2024-08-19,2024,3,South Central,1,9/3/2026
2024-08-19,2024,9,Northshore,2,9/3/2026
2024-08-20,2024,1,Southeast,5,9/3/2026
2024-08-20,2024,2,Capital Region,0,9/3/2026
2024-08-20,2024,3,South Central,1,9/3/2026
2024-08-20,2024,9,Northshore,0,9/3/2026
2024-08-21,2024,1,Southeast,8,9/3/2026
2024-08-21,2024,2,Capital Region,4,9/3/2026
2024-08-21,2024,3,South Central,3,9/3/2026
2024-08-21,2024,9,Northshore,4,9/3/2026
2024-08-22,2024,1,Southeast,5,9/3/2026
2024-08-22,2024,2,Capital Region,2,9/3/2026
2024-08-22,2024,3,South Central,5,9/3/2026
2024-08-22,2024,9,Northshore,3,9/3/2026
2024-08-23,2024,1,Southeast,1,9/3/2026
2024-08-23,2024,2,Capital Region,1,9/3/2026
2024-08-23,2024,3,South Central,2,9/3/2026
2024-08-23,2024,9,Northshore,2,9/3/2026
2024-08-24,2024,1,Southeast,3,9/3/2026
2024-08-24,2024,2,Capital Region,1,9/3/2026
2024-08-24,2024,3,South Central,2,9/3/2026
2024-08-24,2024,9,Northshore,1,9/3/2026
2024-08-25,2024,1,Southeast,4,9/3/2026
2024-08-25,2024,2,Capital Region,3,9/3/2026
2024-08-25,2024,3,South Central,2,9/3/2026
2024-08-25,2024,9,Northshore,2,9/3/2026
2024-08-26,2024,1,Southeast,4,9/3/2026
2024-08-26,2024,2,Capital Region,2,9/3/2026
2024-08-26,2024,3,South Central,2,9/3/2026
2024-08-26,2024,9,Northshore,1,9/3/2026
2024-08-27,2024,1,Southeast,2,9/3/2026
2024-08-27,2024,2,Capital Region,3,9/3/2026
2024-08-27,2024,3,South Central,2,9/3/2026
2024-08-27,2024,9,Northshore,4,9/3/2026
2024-08-28,2024,1,Southeast,1,9/3/2026
2024-08-28,2024,2,Capital Region,0,9/3/2026
2024-08-28,2024,3,South Central,3,9/3/2026
2024-08-28,2024,9,Northshore,4,9/3/2026
2024-08-29,2024,1,Southeast,1,9/3/2026
2024-08-29,2024,2,Capital Region,1,9/3/2026
2024-08-29,2024,3,South Central,2,9/3/2026
2024-08-29,2024,9,Northshore,3,9/3/2026
2024-08-30,2024,1,Southeast,0,9/3/2026
2024-08-30,2024,2,Capital Region,0,9/3/2026
2024-08-30,2024,3,South Central,2,9/3/2026
2024-08-30,2024,9,Northshore,2,9/3/2026
2024-08-31,2024,1,Southeast,0,9/3/2026
2024-08-31,2024,2,Capital Region,0,9/3/2026
2024-08-31,2024,3,South Central,0,9/3/2026
2024-08-31,2024,9,Northshore,1,9/3/2026
2024-09-01,2024,1,Southeast,0,9/3/2026
2024-09-01,2024,2,Capital Region,0,9/3/2026
2024-09-01,2024,3,South Central,1,9/3/2026
2024-09-01,2024,9,Northshore,2,9/3/2026
2024-09-02,2024,1,Southeast,2,9/3/2026
2024-09-02,2024,2,Capital Region,2,9/3/2026
2024-09-02,2024,3,South Central,0,9/3/2026
2024-09-02,2024,9,Northshore,4,9/3/2026
2024-09-03,2024,1,Southeast,5,9/3/2026
2024-09-03,2024,2,Capital Region,4,9/3/2026
2024-09-03,2024,3,South Central,8,9/3/2026
2024-09-03,2024,9,Northshore,6,9/3/2026
2024-09-04,2024,1,Southeast,3,9/3/2026
2024-09-04,2024,2,Capital Region,0,9/3/2026
2024-09-04,2024,3,South Central,0,9/3/2026
2024-09-04,2024,9,Northshore,1,9/3/2026
2024-09-05,2024,1,Southeast,0,9/3/2026
2024-09-05,2024,2,Capital Region,0,9/3/2026
2024-09-05,2024,3,South Central,0,9/3/2026
2024-09-05,2024,9,Northshore,0,9/3/2026
2024-09-06,2024,1,Southeast,0,9/3/2026
2024-09-06,2024,2,Capital Region,0,9/3/2026
2024-09-06,2024,3,South Central,0,9/3/2026
2024-09-06,2024,9,Northshore,0,9/3/2026
2024-09-07,2024,1,Southeast,0,9/3/2026
2024-09-07,2024,2,Capital Region,0,9/3/2026
2024-09-07,2024,3,South Central,0,9/3/2026
2024-09-07,2024,9,Northshore,2,9/3/2026
2024-09-08,2024,1,Southeast,0,9/3/2026
2024-09-08,2024,2,Capital Region,0,9/3/2026
2024-09-08,2024,3,South Central,0,9/3/2026
2024-09-08,2024,9,Northshore,0,9/3/2026
2024-09-09,2024,1,Southeast,0,9/3/2026
2024-09-09,2024,2,Capital Region,1,9/3/2026
2024-09-09,2024,3,South Central,1,9/3/2026
2024-09-09,2024,9,Northshore,3,9/3/2026
2024-09-10,2024,1,Southeast,0,9/3/2026
2024-09-10,2024,2,Capital Region,0,9/3/2026
2024-09-10,2024,3,South Central,0,9/3/2026
2024-09-10,2024,9,Northshore,1,9/3/2026
2024-09-11,2024,1,Southeast,0,9/3/2026
2024-09-11,2024,2,Capital Region,0,9/3/2026
2024-09-11,2024,3,South Central,0,9/3/2026
2024-09-11,2024,9,Northshore,0,9/3/2026
2024-09-12,2024,1,Southeast,2,9/3/2026
2024-09-12,2024,2,Capital Region,0,9/3/2026
2024-09-12,2024,3,South Central,2,9/3/2026
2024-09-12,2024,9,Northshore,1,9/3/2026
2024-09-13,2024,1,Southeast,1,9/3/2026
2024-09-13,2024,2,Capital Region,2,9/3/2026
2024-09-13,2024,3,South Central,3,9/3/2026
2024-09-13,2024,9,Northshore,4,9/3/2026
2024-09-14,2024,1,Southeast,3,9/3/2026
2024-09-14,2024,2,Capital Region,1,9/3/2026
2024-09-14,2024,3,South Central,4,9/3/2026
2024-09-14,2024,9,Northshore,3,9/3/2026
2024-09-15,2024,1,Southeast,0,9/3/2026
2024-09-15,2024,2,Capital Region,1,9/3/2026
2024-09-15,2024,3,South Central,3,9/3/2026
2024-09-15,2024,9,Northshore,2,9/3/2026
2024-09-16,2024,1,Southeast,1,9/3/2026
2024-09-16,2024,2,Capital Region,0,9/3/2026
2024-09-16,2024,3,South Central,1,9/3/2026
2024-09-16,2024,9,Northshore,2,9/3/2026
2024-09-17,2024,1,Southeast,3,9/3/2026
2024-09-17,2024,2,Capital Region,1,9/3/2026
2024-09-17,2024,3,South Central,1,9/3/2026
2024-09-17,2024,9,Northshore,2,9/3/2026
2024-09-18,2024,1,Southeast,3,9/3/2026
2024-09-18,2024,2,Capital Region,0,9/3/2026
2024-09-18,2024,3,South Central,4,9/3/2026
2024-09-18,2024,9,Northshore,2,9/3/2026
2024-09-19,2024,1,Southeast,4,9/3/2026
2024-09-19,2024,2,Capital Region,2,9/3/2026
2024-09-19,2024,3,South Central,1,9/3/2026
2024-09-19,2024,9,Northshore,5,9/3/2026
2024-09-20,2024,1,Southeast,5,9/3/2026
2024-09-20,2024,2,Capital Region,0,9/3/2026
2024-09-20,2024,3,South Central,2,9/3/2026
2024-09-20,2024,9,Northshore,2,9/3/2026
2024-09-21,2024,1,Southeast,1,9/3/2026
2024-09-21,2024,2,Capital Region,4,9/3/2026
2024-09-21,2024,3,South Central,3,9/3/2026
2024-09-21,2024,9,Northshore,2,9/3/2026
2024-09-22,2024,1,Southeast,1,9/3/2026
2024-09-22,2024,2,Capital Region,2,9/3/2026
2024-09-22,2024,3,South Central,0,9/3/2026
2024-09-22,2024,9,Northshore,0,9/3/2026
2024-09-23,2024,1,Southeast,0,9/3/2026
2024-09-23,2024,2,Capital Region,0,9/3/2026
2024-09-23,2024,3,South Central,1,9/3/2026
2024-09-23,2024,9,Northshore,2,9/3/2026
2024-09-24,2024,1,Southeast,3,9/3/2026
2024-09-24,2024,2,Capital Region,0,9/3/2026
2024-09-24,2024,3,South Central,1,9/3/2026
2024-09-24,2024,9,Northshore,3,9/3/2026
2024-09-25,2024,1,Southeast,5,9/3/2026
2024-09-25,2024,2,Capital Region,0,9/3/2026
2024-09-25,2024,3,South Central,0,9/3/2026
2024-09-25,2024,9,Northshore,3,9/3/2026
2024-09-26,2024,1,Southeast,2,9/3/2026
2024-09-26,2024,2,Capital Region,0,9/3/2026
2024-09-26,2024,3,South Central,1,9/3/2026
2024-09-26,2024,9,Northshore,0,9/3/2026
2024-09-27,2024,1,Southeast,1,9/3/2026
2024-09-27,2024,2,Capital Region,0,9/3/2026
2024-09-27,2024,3,South Central,2,9/3/2026
2024-09-27,2024,9,Northshore,0,9/3/2026
2024-09-28,2024,1,Southeast,2,9/3/2026
2024-09-28,2024,2,Capital Region,0,9/3/2026
2024-09-28,2024,3,South Central,0,9/3/2026
2024-09-28,2024,9,Northshore,0,9/3/2026
2024-09-29,2024,1,Southeast,0,9/3/2026
2024-09-29,2024,2,Capital Region,2,9/3/2026
2024-09-29,2024,3,South Central,1,9/3/2026
2024-09-29,2024,9,Northshore,0,9/3/2026
2024-09-30,2024,1,Southeast,0,9/3/2026
2024-09-30,2024,2,Capital Region,0,9/3/2026
2024-09-30,2024,3,South Central,1,9/3/2026
2024-09-30,2024,9,Northshore,1,9/3/2026
2024-10-01,2024,1,Southeast,0,9/3/2026
2024-10-01,2024,2,Capital Region,0,9/3/2026
2024-10-01,2024,3,South Central,2,9/3/2026
2024-10-01,2024,9,Northshore,2,9/3/2026
2024-10-02,2024,1,Southeast,2,9/3/2026
2024-10-02,2024,2,Capital Region,0,9/3/2026
2024-10-02,2024,3,South Central,1,9/3/2026
2024-10-02,2024,9,Northshore,3,9/3/2026
2024-10-03,2024,1,Southeast,0,9/3/2026
2024-10-03,2024,2,Capital Region,0,9/3/2026
2024-10-03,2024,3,South Central,0,9/3/2026
2024-10-03,2024,9,Northshore,1,9/3/2026
2024-10-04,2024,1,Southeast,0,9/3/2026
2024-10-04,2024,2,Capital Region,0,9/3/2026
2024-10-04,2024,3,South Central,0,9/3/2026
2024-10-04,2024,9,Northshore,0,9/3/2026
2024-10-05,2024,1,Southeast,2,9/3/2026
2024-10-05,2024,2,Capital Region,1,9/3/2026
2024-10-05,2024,3,South Central,1,9/3/2026
2024-10-05,2024,9,Northshore,0,9/3/2026
2024-10-06,2024,1,Southeast,0,9/3/2026
2024-10-06,2024,2,Capital Region,0,9/3/2026
2024-10-06,2024,3,South Central,0,9/3/2026
2024-10-06,2024,9,Northshore,1,9/3/2026
2024-10-07,2024,1,Southeast,0,9/3/2026
2024-10-07,2024,2,Capital Region,0,9/3/2026
2024-10-07,2024,3,South Central,0,9/3/2026
2024-10-07,2024,9,Northshore,1,9/3/2026
2024-10-08,2024,1,Southeast,0,9/3/2026
2024-10-08,2024,2,Capital Region,0,9/3/2026
2024-10-08,2024,3,South Central,0,9/3/2026
2024-10-08,2024,9,Northshore,0,9/3/2026
2024-10-09,2024,1,Southeast,1,9/3/2026
2024-10-09,2024,2,Capital Region,0,9/3/2026
2024-10-09,2024,3,South Central,1,9/3/2026
2024-10-09,2024,9,Northshore,1,9/3/2026
2024-10-10,2024,1,Southeast,0,9/3/2026
2024-10-10,2024,2,Capital Region,0,9/3/2026
2024-10-10,2024,3,South Central,0,9/3/2026
2024-10-10,2024,9,Northshore,0,9/3/2026
2024-10-11,2024,1,Southeast,0,9/3/2026
2024-10-11,2024,2,Capital Region,0,9/3/2026
2024-10-11,2024,3,South Central,0,9/3/2026
2024-10-11,2024,9,Northshore,0,9/3/2026
2024-10-12,2024,1,Southeast,1,9/3/2026
2024-10-12,2024,2,Capital Region,0,9/3/2026
2024-10-12,2024,3,South Central,0,9/3/2026
2024-10-12,2024,9,Northshore,0,9/3/2026
2024-10-13,2024,1,Southeast,0,9/3/2026
2024-10-13,2024,2,Capital Region,0,9/3/2026
2024-10-13,2024,3,South Central,1,9/3/2026
2024-10-13,2024,9,Northshore,0,9/3/2026
2024-10-14,2024,1,Southeast,2,9/3/2026
2024-10-14,2024,2,Capital Region,0,9/3/2026
2024-10-14,2024,3,South Central,0,9/3/2026
2024-10-14,2024,9,Northshore,0,9/3/2026
2024-10-15,2024,1,Southeast,0,9/3/2026
2024-10-15,2024,2,Capital Region,0,9/3/2026
2024-10-15,2024,3,South Central,0,9/3/2026
2024-10-15,2024,9,Northshore,0,9/3/2026
2024-10-16,2024,1,Southeast,0,9/3/2026
2024-10-16,2024,2,Capital Region,0,9/3/2026
2024-10-16,2024,3,South Central,1,9/3/2026
2024-10-16,2024,9,Northshore,0,9/3/2026
2024-10-17,2024,1,Southeast,0,9/3/2026
2024-10-17,2024,2,Capital Region,0,9/3/2026
2024-10-17,2024,3,South Central,0,9/3/2026
2024-10-17,2024,9,Northshore,1,9/3/2026
2024-10-18,2024,1,Southeast,1,9/3/2026
2024-10-18,2024,2,Capital Region,0,9/3/2026
2024-10-18,2024,3,South Central,0,9/3/2026
2024-10-18,2024,9,Northshore,0,9/3/2026
2024-10-19,2024,1,Southeast,0,9/3/2026
2024-10-19,2024,2,Capital Region,0,9/3/2026
2024-10-19,2024,3,South Central,0,9/3/2026
2024-10-19,2024,9,Northshore,0,9/3/2026
2024-10-20,2024,1,Southeast,0,9/3/2026
2024-10-20,2024,2,Capital Region,0,9/3/2026
2024-10-20,2024,3,South Central,0,9/3/2026
2024-10-20,2024,9,Northshore,0,9/3/2026
2024-10-21,2024,1,Southeast,0,9/3/2026
2024-10-21,2024,2,Capital Region,0,9/3/2026
2024-10-21,2024,3,South Central,0,9/3/2026
2024-10-21,2024,9,Northshore,0,9/3/2026
2024-10-22,2024,1,Southeast,0,9/3/2026
2024-10-22,2024,2,Capital Region,0,9/3/2026
2024-10-22,2024,3,South Central,0,9/3/2026
2024-10-22,2024,9,Northshore,0,9/3/2026
2024-10-23,2024,1,Southeast,2,9/3/2026
2024-10-23,2024,2,Capital Region,1,9/3/2026
2024-10-23,2024,3,South Central,0,9/3/2026
2024-10-23,2024,9,Northshore,1,9/3/2026
2024-10-24,2024,1,Southeast,2,9/3/2026
2024-10-24,2024,2,Capital Region,0,9/3/2026
2024-10-24,2024,3,South Central,0,9/3/2026
2024-10-24,2024,9,Northshore,1,9/3/2026
2024-10-25,2024,1,Southeast,1,9/3/2026
2024-10-25,2024,2,Capital Region,0,9/3/2026
2024-10-25,2024,3,South Central,0,9/3/2026
2024-10-25,2024,9,Northshore,0,9/3/2026
2024-10-26,2024,1,Southeast,0,9/3/2026
2024-10-26,2024,2,Capital Region,1,9/3/2026
2024-10-26,2024,3,South Central,0,9/3/2026
2024-10-26,2024,9,Northshore,3,9/3/2026
2024-10-27,2024,1,Southeast,0,9/3/2026
2024-10-27,2024,2,Capital Region,1,9/3/2026
2024-10-27,2024,3,South Central,0,9/3/2026
2024-10-27,2024,9,Northshore,0,9/3/2026
2024-10-28,2024,1,Southeast,1,9/3/2026
2024-10-28,2024,2,Capital Region,0,9/3/2026
2024-10-28,2024,3,South Central,0,9/3/2026
2024-10-28,2024,9,Northshore,0,9/3/2026
2024-10-29,2024,1,Southeast,0,9/3/2026
2024-10-29,2024,2,Capital Region,0,9/3/2026
2024-10-29,2024,3,South Central,0,9/3/2026
2024-10-29,2024,9,Northshore,0,9/3/2026
2024-10-30,2024,1,Southeast,0,9/3/2026
2024-10-30,2024,2,Capital Region,0,9/3/2026
2024-10-30,2024,3,South Central,0,9/3/2026
2024-10-30,2024,9,Northshore,1,9/3/2026
2024-10-31,2024,1,Southeast,0,9/3/2026
2024-10-31,2024,2,Capital Region,0,9/3/2026
2024-10-31,2024,3,South Central,0,9/3/2026
2024-10-31,2024,9,Northshore,0,9/3/2026
2025-04-01,2025,1,Southeast,2,9/3/2026
2025-04-01,2025,2,Capital Region,0,9/3/2026
2025-04-01,2025,3,South Central,0,9/3/2026
2025-04-01,2025,9,Northshore,1,9/3/2026
2025-04-02,2025,1,Southeast,0,9/3/2026
2025-04-02,2025,2,Capital Region,0,9/3/2026
2025-04-02,2025,3,South Central,2,9/3/2026
2025-04-02,2025,9,Northshore,0,9/3/2026
2025-04-03,2025,1,Southeast,1,9/3/2026
2025-04-03,2025,2,Capital Region,0,9/3/2026
2025-04-03,2025,3,South Central,2,9/3/2026
2025-04-03,2025,9,Northshore,0,9/3/2026
2025-04-04,2025,1,Southeast,0,9/3/2026
2025-04-04,2025,2,Capital Region,0,9/3/2026
2025-04-04,2025,3,South Central,1,9/3/2026
2025-04-04,2025,9,Northshore,0,9/3/2026
2025-04-05,2025,1,Southeast,1,9/3/2026
2025-04-05,2025,2,Capital Region,1,9/3/2026
2025-04-05,2025,3,South Central,0,9/3/2026
2025-04-05,2025,9,Northshore,0,9/3/2026
2025-04-06,2025,1,Southeast,0,9/3/2026
2025-04-06,2025,2,Capital Region,0,9/3/2026
2025-04-06,2025,3,South Central,0,9/3/2026
2025-04-06,2025,9,Northshore,0,9/3/2026
2025-04-07,2025,1,Southeast,1,9/3/2026
2025-04-07,2025,2,Capital Region,0,9/3/2026
2025-04-07,2025,3,South Central,0,9/3/2026
2025-04-07,2025,9,Northshore,0,9/3/2026
2025-04-08,2025,1,Southeast,0,9/3/2026
2025-04-08,2025,2,Capital Region,0,9/3/2026
2025-04-08,2025,3,South Central,1,9/3/2026
2025-04-08,2025,9,Northshore,0,9/3/2026
2025-04-09,2025,1,Southeast,0,9/3/2026
2025-04-09,2025,2,Capital Region,0,9/3/2026
2025-04-09,2025,3,South Central,0,9/3/2026
2025-04-09,2025,9,Northshore,0,9/3/2026
2025-04-10,2025,1,Southeast,1,9/3/2026
2025-04-10,2025,2,Capital Region,0,9/3/2026
2025-04-10,2025,3,South Central,1,9/3/2026
2025-04-10,2025,9,Northshore,1,9/3/2026
2025-04-11,2025,1,Southeast,1,9/3/2026
2025-04-11,2025,2,Capital Region,0,9/3/2026
2025-04-11,2025,3,South Central,0,9/3/2026
2025-04-11,2025,9,Northshore,1,9/3/2026
2025-04-12,2025,1,Southeast,1,9/3/2026
2025-04-12,2025,2,Capital Region,1,9/3/2026
2025-04-12,2025,3,South Central,0,9/3/2026
2025-04-12,2025,9,Northshore,2,9/3/2026
2025-04-13,2025,1,Southeast,2,9/3/2026
2025-04-13,2025,2,Capital Region,0,9/3/2026
2025-04-13,2025,3,South Central,1,9/3/2026
2025-04-13,2025,9,Northshore,4,9/3/2026
2025-04-14,2025,1,Southeast,1,9/3/2026
2025-04-14,2025,2,Capital Region,0,9/3/2026
2025-04-14,2025,3,South Central,0,9/3/2026
2025-04-14,2025,9,Northshore,0,9/3/2026
2025-04-15,2025,1,Southeast,0,9/3/2026
2025-04-15,2025,2,Capital Region,0,9/3/2026
2025-04-15,2025,3,South Central,1,9/3/2026
2025-04-15,2025,9,Northshore,2,9/3/2026
2025-04-16,2025,1,Southeast,0,9/3/2026
2025-04-16,2025,2,Capital Region,0,9/3/2026
2025-04-16,2025,3,South Central,1,9/3/2026
2025-04-16,2025,9,Northshore,0,9/3/2026
2025-04-17,2025,1,Southeast,1,9/3/2026
2025-04-17,2025,2,Capital Region,1,9/3/2026
2025-04-17,2025,3,South Central,0,9/3/2026
2025-04-17,2025,9,Northshore,0,9/3/2026
2025-04-18,2025,1,Southeast,1,9/3/2026
2025-04-18,2025,2,Capital Region,0,9/3/2026
2025-04-18,2025,3,South Central,0,9/3/2026
2025-04-18,2025,9,Northshore,2,9/3/2026
2025-04-19,2025,1,Southeast,1,9/3/2026
2025-04-19,2025,2,Capital Region,1,9/3/2026
2025-04-19,2025,3,South Central,0,9/3/2026
2025-04-19,2025,9,Northshore,1,9/3/2026
2025-04-20,2025,1,Southeast,0,9/3/2026
2025-04-20,2025,2,Capital Region,0,9/3/2026
2025-04-20,2025,3,South Central,0,9/3/2026
2025-04-20,2025,9,Northshore,1,9/3/2026
2025-04-21,2025,1,Southeast,0,9/3/2026
2025-04-21,2025,2,Capital Region,0,9/3/2026
2025-04-21,2025,3,South Central,1,9/3/2026
2025-04-21,2025,9,Northshore,0,9/3/2026
2025-04-22,2025,1,Southeast,1,9/3/2026
2025-04-22,2025,2,Capital Region,1,9/3/2026
2025-04-22,2025,3,South Central,1,9/3/2026
2025-04-22,2025,9,Northshore,0,9/3/2026
2025-04-23,2025,1,Southeast,1,9/3/2026
2025-04-23,2025,2,Capital Region,0,9/3/2026
2025-04-23,2025,3,South Central,1,9/3/2026
2025-04-23,2025,9,Northshore,1,9/3/2026
2025-04-24,2025,1,Southeast,1,9/3/2026
2025-04-24,2025,2,Capital Region,0,9/3/2026
2025-04-24,2025,3,South Central,2,9/3/2026
2025-04-24,2025,9,Northshore,0,9/3/2026
2025-04-25,2025,1,Southeast,1,9/3/2026
2025-04-25,2025,2,Capital Region,2,9/3/2026
2025-04-25,2025,3,South Central,1,9/3/2026
2025-04-25,2025,9,Northshore,1,9/3/2026
2025-04-26,2025,1,Southeast,3,9/3/2026
2025-04-26,2025,2,Capital Region,1,9/3/2026
2025-04-26,2025,3,South Central,1,9/3/2026
2025-04-26,2025,9,Northshore,2,9/3/2026
2025-04-27,2025,1,Southeast,0,9/3/2026
2025-04-27,2025,2,Capital Region,0,9/3/2026
2025-04-27,2025,3,South Central,0,9/3/2026
2025-04-27,2025,9,Northshore,4,9/3/2026
2025-04-28,2025,1,Southeast,5,9/3/2026
2025-04-28,2025,2,Capital Region,0,9/3/2026
2025-04-28,2025,3,South Central,2,9/3/2026
2025-04-28,2025,9,Northshore,2,9/3/2026
2025-04-29,2025,1,Southeast,2,9/3/2026
2025-04-29,2025,2,Capital Region,0,9/3/2026
2025-04-29,2025,3,South Central,4,9/3/2026
2025-04-29,2025,9,Northshore,0,9/3/2026
2025-04-30,2025,1,Southeast,2,9/3/2026
2025-04-30,2025,2,Capital Region,0,9/3/2026
2025-04-30,2025,3,South Central,3,9/3/2026
2025-04-30,2025,9,Northshore,2,9/3/2026
2025-05-01,2025,1,Southeast,3,9/3/2026
2025-05-01,2025,2,Capital Region,2,9/3/2026
2025-05-01,2025,3,South Central,2,9/3/2026
2025-05-01,2025,9,Northshore,1,9/3/2026
2025-05-02,2025,1,Southeast,2,9/3/2026
2025-05-02,2025,2,Capital Region,1,9/3/2026
2025-05-02,2025,3,South Central,0,9/3/2026
2025-05-02,2025,9,Northshore,1,9/3/2026
2025-05-03,2025,1,Southeast,0,9/3/2026
2025-05-03,2025,2,Capital Region,1,9/3/2026
2025-05-03,2025,3,South Central,0,9/3/2026
2025-05-03,2025,9,Northshore,0,9/3/2026
2025-05-04,2025,1,Southeast,0,9/3/2026
2025-05-04,2025,2,Capital Region,2,9/3/2026
2025-05-04,2025,3,South Central,1,9/3/2026
2025-05-04,2025,9,Northshore,0,9/3/2026
2025-05-05,2025,1,Southeast,0,9/3/2026
2025-05-05,2025,2,Capital Region,1,9/3/2026
2025-05-05,2025,3,South Central,0,9/3/2026
2025-05-05,2025,9,Northshore,0,9/3/2026
2025-05-06,2025,1,Southeast,0,9/3/2026
2025-05-06,2025,2,Capital Region,0,9/3/2026
2025-05-06,2025,3,South Central,0,9/3/2026
2025-05-06,2025,9,Northshore,0,9/3/2026
2025-05-07,2025,1,Southeast,1,9/3/2026
2025-05-07,2025,2,Capital Region,0,9/3/2026
2025-05-07,2025,3,South Central,0,9/3/2026
2025-05-07,2025,9,Northshore,0,9/3/2026
2025-05-08,2025,1,Southeast,0,9/3/2026
2025-05-08,2025,2,Capital Region,0,9/3/2026
2025-05-08,2025,3,South Central,0,9/3/2026
2025-05-08,2025,9,Northshore,2,9/3/2026
2025-05-09,2025,1,Southeast,2,9/3/2026
2025-05-09,2025,2,Capital Region,1,9/3/2026
2025-05-09,2025,3,South Central,0,9/3/2026
2025-05-09,2025,9,Northshore,1,9/3/2026
2025-05-10,2025,1,Southeast,0,9/3/2026
2025-05-10,2025,2,Capital Region,2,9/3/2026
2025-05-10,2025,3,South Central,0,9/3/2026
2025-05-10,2025,9,Northshore,0,9/3/2026
2025-05-11,2025,1,Southeast,0,9/3/2026
2025-05-11,2025,2,Capital Region,0,9/3/2026
2025-05-11,2025,3,South Central,0,9/3/2026
2025-05-11,2025,9,Northshore,0,9/3/2026
2025-05-12,2025,1,Southeast,0,9/3/2026
2025-05-12,2025,2,Capital Region,0,9/3/2026
2025-05-12,2025,3,South Central,1,9/3/2026
2025-05-12,2025,9,Northshore,0,9/3/2026
2025-05-13,2025,1,Southeast,1,9/3/2026
2025-05-13,2025,2,Capital Region,0,9/3/2026
2025-05-13,2025,3,South Central,1,9/3/2026
2025-05-13,2025,9,Northshore,0,9/3/2026
2025-05-14,2025,1,Southeast,0,9/3/2026
2025-05-14,2025,2,Capital Region,1,9/3/2026
2025-05-14,2025,3,South Central,0,9/3/2026
2025-05-14,2025,9,Northshore,1,9/3/2026
2025-05-15,2025,1,Southeast,1,9/3/2026
2025-05-15,2025,2,Capital Region,1,9/3/2026
2025-05-15,2025,3,South Central,0,9/3/2026
2025-05-15,2025,9,Northshore,3,9/3/2026
2025-05-16,2025,1,Southeast,3,9/3/2026
2025-05-16,2025,2,Capital Region,4,9/3/2026
2025-05-16,2025,3,South Central,2,9/3/2026
2025-05-16,2025,9,Northshore,5,9/3/2026
2025-05-17,2025,1,Southeast,9,9/3/2026
2025-05-17,2025,2,Capital Region,2,9/3/2026
2025-05-17,2025,3,South Central,6,9/3/2026
2025-05-17,2025,9,Northshore,4,9/3/2026
2025-05-18,2025,1,Southeast,4,9/3/2026
2025-05-18,2025,2,Capital Region,0,9/3/2026
2025-05-18,2025,3,South Central,2,9/3/2026
2025-05-18,2025,9,Northshore,1,9/3/2026
2025-05-19,2025,1,Southeast,3,9/3/2026
2025-05-19,2025,2,Capital Region,2,9/3/2026
2025-05-19,2025,3,South Central,0,9/3/2026
2025-05-19,2025,9,Northshore,3,9/3/2026
2025-05-20,2025,1,Southeast,7,9/3/2026
2025-05-20,2025,2,Capital Region,2,9/3/2026
2025-05-20,2025,3,South Central,4,9/3/2026
2025-05-20,2025,9,Northshore,0,9/3/2026
2025-05-21,2025,1,Southeast,2,9/3/2026
2025-05-21,2025,2,Capital Region,0,9/3/2026
2025-05-21,2025,3,South Central,1,9/3/2026
2025-05-21,2025,9,Northshore,1,9/3/2026
2025-05-22,2025,1,Southeast,2,9/3/2026
2025-05-22,2025,2,Capital Region,0,9/3/2026
2025-05-22,2025,3,South Central,1,9/3/2026
2025-05-22,2025,9,Northshore,1,9/3/2026
2025-05-23,2025,1,Southeast,0,9/3/2026
2025-05-23,2025,2,Capital Region,3,9/3/2026
2025-05-23,2025,3,South Central,2,9/3/2026
2025-05-23,2025,9,Northshore,3,9/3/2026
2025-05-24,2025,1,Southeast,7,9/3/2026
2025-05-24,2025,2,Capital Region,2,9/3/2026
2025-05-24,2025,3,South Central,4,9/3/2026
2025-05-24,2025,9,Northshore,2,9/3/2026
2025-05-25,2025,1,Southeast,4,9/3/2026
2025-05-25,2025,2,Capital Region,2,9/3/2026
2025-05-25,2025,3,South Central,3,9/3/2026
2025-05-25,2025,9,Northshore,3,9/3/2026
2025-05-26,2025,1,Southeast,6,9/3/2026
2025-05-26,2025,2,Capital Region,0,9/3/2026
2025-05-26,2025,3,South Central,3,9/3/2026
2025-05-26,2025,9,Northshore,1,9/3/2026
2025-05-27,2025,1,Southeast,5,9/3/2026
2025-05-27,2025,2,Capital Region,0,9/3/2026
2025-05-27,2025,3,South Central,1,9/3/2026
2025-05-27,2025,9,Northshore,6,9/3/2026
2025-05-28,2025,1,Southeast,4,9/3/2026
2025-05-28,2025,2,Capital Region,5,9/3/2026
2025-05-28,2025,3,South Central,2,9/3/2026
2025-05-28,2025,9,Northshore,1,9/3/2026
2025-05-29,2025,1,Southeast,2,9/3/2026
2025-05-29,2025,2,Capital Region,4,9/3/2026
2025-05-29,2025,3,South Central,0,9/3/2026
2025-05-29,2025,9,Northshore,1,9/3/2026
2025-05-30,2025,1,Southeast,3,9/3/2026
2025-05-30,2025,2,Capital Region,0,9/3/2026
2025-05-30,2025,3,South Central,0,9/3/2026
2025-05-30,2025,9,Northshore,4,9/3/2026
2025-05-31,2025,1,Southeast,2,9/3/2026
2025-05-31,2025,2,Capital Region,0,9/3/2026
2025-05-31,2025,3,South Central,2,9/3/2026
2025-05-31,2025,9,Northshore,2,9/3/2026
2025-06-01,2025,1,Southeast,1,9/3/2026
2025-06-01,2025,2,Capital Region,2,9/3/2026
2025-06-01,2025,3,South Central,2,9/3/2026
2025-06-01,2025,9,Northshore,1,9/3/2026
2025-06-02,2025,1,Southeast,4,9/3/2026
2025-06-02,2025,2,Capital Region,2,9/3/2026
2025-06-02,2025,3,South Central,5,9/3/2026
2025-06-02,2025,9,Northshore,9,9/3/2026
2025-06-03,2025,1,Southeast,2,9/3/2026
2025-06-03,2025,2,Capital Region,2,9/3/2026
2025-06-03,2025,3,South Central,1,9/3/2026
2025-06-03,2025,9,Northshore,2,9/3/2026
2025-06-04,2025,1,Southeast,2,9/3/2026
2025-06-04,2025,2,Capital Region,3,9/3/2026
2025-06-04,2025,3,South Central,3,9/3/2026
2025-06-04,2025,9,Northshore,5,9/3/2026
2025-06-05,2025,1,Southeast,3,9/3/2026
2025-06-05,2025,2,Capital Region,2,9/3/2026
2025-06-05,2025,3,South Central,3,9/3/2026
2025-06-05,2025,9,Northshore,6,9/3/2026
2025-06-06,2025,1,Southeast,5,9/3/2026
2025-06-06,2025,2,Capital Region,3,9/3/2026
2025-06-06,2025,3,South Central,2,9/3/2026
2025-06-06,2025,9,Northshore,4,9/3/2026
2025-06-07,2025,1,Southeast,10,9/3/2026
2025-06-07,2025,2,Capital Region,1,9/3/2026
2025-06-07,2025,3,South Central,5,9/3/2026
2025-06-07,2025,9,Northshore,4,9/3/2026
2025-06-08,2025,1,Southeast,5,9/3/2026
2025-06-08,2025,2,Capital Region,0,9/3/2026
2025-06-08,2025,3,South Central,2,9/3/2026
2025-06-08,2025,9,Northshore,8,9/3/2026
2025-06-09,2025,1,Southeast,4,9/3/2026
2025-06-09,2025,2,Capital Region,3,9/3/2026
2025-06-09,2025,3,South Central,3,9/3/2026
2025-06-09,2025,9,Northshore,4,9/3/2026
2025-06-10,2025,1,Southeast,4,9/3/2026
2025-06-10,2025,2,Capital Region,2,9/3/2026
2025-06-10,2025,3,South Central,3,9/3/2026
2025-06-10,2025,9,Northshore,3,9/3/2026
2025-06-11,2025,1,Southeast,2,9/3/2026
2025-06-11,2025,2,Capital Region,1,9/3/2026
2025-06-11,2025,3,South Central,0,9/3/2026
2025-06-11,2025,9,Northshore,6,9/3/2026
2025-06-12,2025,1,Southeast,8,9/3/2026
2025-06-12,2025,2,Capital Region,3,9/3/2026
2025-06-12,2025,3,South Central,1,9/3/2026
2025-06-12,2025,9,Northshore,5,9/3/2026
2025-06-13,2025,1,Southeast,5,9/3/2026
2025-06-13,2025,2,Capital Region,2,9/3/2026
2025-06-13,2025,3,South Central,1,9/3/2026
2025-06-13,2025,9,Northshore,3,9/3/2026
2025-06-14,2025,1,Southeast,3,9/3/2026
2025-06-14,2025,2,Capital Region,1,9/3/2026
2025-06-14,2025,3,South Central,2,9/3/2026
2025-06-14,2025,9,Northshore,1,9/3/2026
2025-06-15,2025,1,Southeast,3,9/3/2026
2025-06-15,2025,2,Capital Region,2,9/3/2026
2025-06-15,2025,3,South Central,1,9/3/2026
2025-06-15,2025,9,Northshore,2,9/3/2026
2025-06-16,2025,1,Southeast,2,9/3/2026
2025-06-16,2025,2,Capital Region,2,9/3/2026
2025-06-16,2025,3,South Central,2,9/3/2026
2025-06-16,2025,9,Northshore,1,9/3/2026
2025-06-17,2025,1,Southeast,2,9/3/2026
2025-06-17,2025,2,Capital Region,1,9/3/2026
2025-06-17,2025,3,South Central,4,9/3/2026
2025-06-17,2025,9,Northshore,1,9/3/2026
2025-06-18,2025,1,Southeast,11,9/3/2026
2025-06-18,2025,2,Capital Region,2,9/3/2026
2025-06-18,2025,3,South Central,2,9/3/2026
2025-06-18,2025,9,Northshore,8,9/3/2026
2025-06-19,2025,1,Southeast,4,9/3/2026
2025-06-19,2025,2,Capital Region,2,9/3/2026
2025-06-19,2025,3,South Central,2,9/3/2026
2025-06-19,2025,9,Northshore,6,9/3/2026
2025-06-20,2025,1,Southeast,6,9/3/2026
2025-06-20,2025,2,Capital Region,7,9/3/2026
2025-06-20,2025,3,South Central,7,9/3/2026
2025-06-20,2025,9,Northshore,5,9/3/2026
2025-06-21,2025,1,Southeast,8,9/3/2026
2025-06-21,2025,2,Capital Region,5,9/3/2026
2025-06-21,2025,3,South Central,4,9/3/2026
2025-06-21,2025,9,Northshore,5,9/3/2026
2025-06-22,2025,1,Southeast,9,9/3/2026
2025-06-22,2025,2,Capital Region,5,9/3/2026
2025-06-22,2025,3,South Central,7,9/3/2026
2025-06-22,2025,9,Northshore,7,9/3/2026
2025-06-23,2025,1,Southeast,10,9/3/2026
2025-06-23,2025,2,Capital Region,8,9/3/2026
2025-06-23,2025,3,South Central,8,9/3/2026
2025-06-23,2025,9,Northshore,5,9/3/2026
2025-06-24,2025,1,Southeast,3,9/3/2026
2025-06-24,2025,2,Capital Region,7,9/3/2026
2025-06-24,2025,3,South Central,4,9/3/2026
2025-06-24,2025,9,Northshore,3,9/3/2026
2025-06-25,2025,1,Southeast,4,9/3/2026
2025-06-25,2025,2,Capital Region,4,9/3/2026
2025-06-25,2025,3,South Central,4,9/3/2026
2025-06-25,2025,9,Northshore,6,9/3/2026
2025-06-26,2025,1,Southeast,6,9/3/2026
2025-06-26,2025,2,Capital Region,4,9/3/2026
2025-06-26,2025,3,South Central,3,9/3/2026
2025-06-26,2025,9,Northshore,14,9/3/2026
2025-06-27,2025,1,Southeast,7,9/3/2026
2025-06-27,2025,2,Capital Region,1,9/3/2026
2025-06-27,2025,3,South Central,3,9/3/2026
2025-06-27,2025,9,Northshore,6,9/3/2026
2025-06-28,2025,1,Southeast,3,9/3/2026
2025-06-28,2025,2,Capital Region,5,9/3/2026
2025-06-28,2025,3,South Central,3,9/3/2026
2025-06-28,2025,9,Northshore,6,9/3/2026
2025-06-29,2025,1,Southeast,4,9/3/2026
2025-06-29,2025,2,Capital Region,3,9/3/2026
2025-06-29,2025,3,South Central,0,9/3/2026
2025-06-29,2025,9,Northshore,3,9/3/2026
2025-06-30,2025,1,Southeast,7,9/3/2026
2025-06-30,2025,2,Capital Region,1,9/3/2026
2025-06-30,2025,3,South Central,1,9/3/2026
2025-06-30,2025,9,Northshore,8,9/3/2026
2025-07-01,2025,1,Southeast,4,9/3/2026
2025-07-01,2025,2,Capital Region,3,9/3/2026
2025-07-01,2025,3,South Central,4,9/3/2026
2025-07-01,2025,9,Northshore,3,9/3/2026
2025-07-02,2025,1,Southeast,2,9/3/2026
2025-07-02,2025,2,Capital Region,6,9/3/2026
2025-07-02,2025,3,South Central,3,9/3/2026
2025-07-02,2025,9,Northshore,4,9/3/2026
2025-07-03,2025,1,Southeast,10,9/3/2026
2025-07-03,2025,2,Capital Region,5,9/3/2026
2025-07-03,2025,3,South Central,1,9/3/2026
2025-07-03,2025,9,Northshore,7,9/3/2026
2025-07-04,2025,1,Southeast,0,9/3/2026
2025-07-04,2025,2,Capital Region,2,9/3/2026
2025-07-04,2025,3,South Central,0,9/3/2026
2025-07-04,2025,9,Northshore,3,9/3/2026
2025-07-05,2025,1,Southeast,4,9/3/2026
2025-07-05,2025,2,Capital Region,5,9/3/2026
2025-07-05,2025,3,South Central,5,9/3/2026
2025-07-05,2025,9,Northshore,5,9/3/2026
2025-07-06,2025,1,Southeast,7,9/3/2026
2025-07-06,2025,2,Capital Region,3,9/3/2026
2025-07-06,2025,3,South Central,1,9/3/2026
2025-07-06,2025,9,Northshore,3,9/3/2026
2025-07-07,2025,1,Southeast,8,9/3/2026
2025-07-07,2025,2,Capital Region,1,9/3/2026
2025-07-07,2025,3,South Central,4,9/3/2026
2025-07-07,2025,9,Northshore,0,9/3/2026
2025-07-08,2025,1,Southeast,3,9/3/2026
2025-07-08,2025,2,Capital Region,3,9/3/2026
2025-07-08,2025,3,South Central,3,9/3/2026
2025-07-08,2025,9,Northshore,5,9/3/2026
2025-07-09,2025,1,Southeast,5,9/3/2026
2025-07-09,2025,2,Capital Region,4,9/3/2026
2025-07-09,2025,3,South Central,3,9/3/2026
2025-07-09,2025,9,Northshore,6,9/3/2026
2025-07-10,2025,1,Southeast,8,9/3/2026
2025-07-10,2025,2,Capital Region,2,9/3/2026
2025-07-10,2025,3,South Central,2,9/3/2026
2025-07-10,2025,9,Northshore,2,9/3/2026
2025-07-11,2025,1,Southeast,6,9/3/2026
2025-07-11,2025,2,Capital Region,4,9/3/2026
2025-07-11,2025,3,South Central,5,9/3/2026
2025-07-11,2025,9,Northshore,6,9/3/2026
2025-07-12,2025,1,Southeast,2,9/3/2026
2025-07-12,2025,2,Capital Region,3,9/3/2026
2025-07-12,2025,3,South Central,4,9/3/2026
2025-07-12,2025,9,Northshore,6,9/3/2026
2025-07-13,2025,1,Southeast,5,9/3/2026
2025-07-13,2025,2,Capital Region,4,9/3/2026
2025-07-13,2025,3,South Central,1,9/3/2026
2025-07-13,2025,9,Northshore,2,9/3/2026
2025-07-14,2025,1,Southeast,6,9/3/2026
2025-07-14,2025,2,Capital Region,1,9/3/2026
2025-07-14,2025,3,South Central,0,9/3/2026
2025-07-14,2025,9,Northshore,5,9/3/2026
2025-07-15,2025,1,Southeast,14,9/3/2026
2025-07-15,2025,2,Capital Region,4,9/3/2026
2025-07-15,2025,3,South Central,4,9/3/2026
2025-07-15,2025,9,Northshore,11,9/3/2026
2025-07-16,2025,1,Southeast,4,9/3/2026
2025-07-16,2025,2,Capital Region,3,9/3/2026
2025-07-16,2025,3,South Central,7,9/3/2026
2025-07-16,2025,9,Northshore,15,9/3/2026
2025-07-17,2025,1,Southeast,3,9/3/2026
2025-07-17,2025,2,Capital Region,0,9/3/2026
2025-07-17,2025,3,South Central,2,9/3/2026
2025-07-17,2025,9,Northshore,3,9/3/2026
2025-07-18,2025,1,Southeast,3,9/3/2026
2025-07-18,2025,2,Capital Region,0,9/3/2026
2025-07-18,2025,3,South Central,3,9/3/2026
2025-07-18,2025,9,Northshore,4,9/3/2026
2025-07-19,2025,1,Southeast,4,9/3/2026
2025-07-19,2025,2,Capital Region,1,9/3/2026
2025-07-19,2025,3,South Central,1,9/3/2026
2025-07-19,2025,9,Northshore,1,9/3/2026
2025-07-20,2025,1,Southeast,3,9/3/2026
2025-07-20,2025,2,Capital Region,1,9/3/2026
2025-07-20,2025,3,South Central,2,9/3/2026
2025-07-20,2025,9,Northshore,3,9/3/2026
2025-07-21,2025,1,Southeast,9,9/3/2026
2025-07-21,2025,2,Capital Region,6,9/3/2026
2025-07-21,2025,3,South Central,4,9/3/2026
2025-07-21,2025,9,Northshore,10,9/3/2026
2025-07-22,2025,1,Southeast,16,9/3/2026
2025-07-22,2025,2,Capital Region,12,9/3/2026
2025-07-22,2025,3,South Central,6,9/3/2026
2025-07-22,2025,9,Northshore,9,9/3/2026
2025-07-23,2025,1,Southeast,8,9/3/2026
2025-07-23,2025,2,Capital Region,4,9/3/2026
2025-07-23,2025,3,South Central,7,9/3/2026
2025-07-23,2025,9,Northshore,5,9/3/2026
2025-07-24,2025,1,Southeast,9,9/3/2026
2025-07-24,2025,2,Capital Region,5,9/3/2026
2025-07-24,2025,3,South Central,0,9/3/2026
2025-07-24,2025,9,Northshore,1,9/3/2026
2025-07-25,2025,1,Southeast,3,9/3/2026
2025-07-25,2025,2,Capital Region,1,9/3/2026
2025-07-25,2025,3,South Central,1,9/3/2026
2025-07-25,2025,9,Northshore,0,9/3/2026
2025-07-26,2025,1,Southeast,7,9/3/2026
2025-07-26,2025,2,Capital Region,2,9/3/2026
2025-07-26,2025,3,South Central,0,9/3/2026
2025-07-26,2025,9,Northshore,2,9/3/2026
2025-07-27,2025,1,Southeast,15,9/3/2026
2025-07-27,2025,2,Capital Region,7,9/3/2026
2025-07-27,2025,3,South Central,3,9/3/2026
2025-07-27,2025,9,Northshore,3,9/3/2026
2025-07-28,2025,1,Southeast,11,9/3/2026
2025-07-28,2025,2,Capital Region,6,9/3/2026
2025-07-28,2025,3,South Central,5,9/3/2026
2025-07-28,2025,9,Northshore,10,9/3/2026
2025-07-29,2025,1,Southeast,11,9/3/2026
2025-07-29,2025,2,Capital Region,7,9/3/2026
2025-07-29,2025,3,South Central,6,9/3/2026
2025-07-29,2025,9,Northshore,10,9/3/2026
2025-07-30,2025,1,Southeast,7,9/3/2026
2025-07-30,2025,2,Capital Region,6,9/3/2026
2025-07-30,2025,3,South Central,10,9/3/2026
2025-07-30,2025,9,Northshore,9,9/3/2026
2025-07-31,2025,1,Southeast,9,9/3/2026
2025-07-31,2025,2,Capital Region,3,9/3/2026
2025-07-31,2025,3,South Central,3,9/3/2026
2025-07-31,2025,9,Northshore,9,9/3/2026
2025-08-01,2025,1,Southeast,5,9/3/2026
2025-08-01,2025,2,Capital Region,2,9/3/2026
2025-08-01,2025,3,South Central,4,9/3/2026
2025-08-01,2025,9,Northshore,5,9/3/2026
2025-08-02,2025,1,Southeast,10,9/3/2026
2025-08-02,2025,2,Capital Region,4,9/3/2026
2025-08-02,2025,3,South Central,0,9/3/2026
2025-08-02,2025,9,Northshore,5,9/3/2026
2025-08-03,2025,1,Southeast,4,9/3/2026
2025-08-03,2025,2,Capital Region,4,9/3/2026
2025-08-03,2025,3,South Central,3,9/3/2026
2025-08-03,2025,9,Northshore,6,9/3/2026
2025-08-04,2025,1,Southeast,3,9/3/2026
2025-08-04,2025,2,Capital Region,2,9/3/2026
2025-08-04,2025,3,South Central,4,9/3/2026
2025-08-04,2025,9,Northshore,3,9/3/2026
2025-08-05,2025,1,Southeast,3,9/3/2026
2025-08-05,2025,2,Capital Region,1,9/3/2026
2025-08-05,2025,3,South Central,0,9/3/2026
2025-08-05,2025,9,Northshore,4,9/3/2026
2025-08-06,2025,1,Southeast,4,9/3/2026
2025-08-06,2025,2,Capital Region,2,9/3/2026
2025-08-06,2025,3,South Central,1,9/3/2026
2025-08-06,2025,9,Northshore,7,9/3/2026
2025-08-07,2025,1,Southeast,0,9/3/2026
2025-08-07,2025,2,Capital Region,2,9/3/2026
2025-08-07,2025,3,South Central,1,9/3/2026
2025-08-07,2025,9,Northshore,4,9/3/2026
2025-08-08,2025,1,Southeast,1,9/3/2026
2025-08-08,2025,2,Capital Region,2,9/3/2026
2025-08-08,2025,3,South Central,3,9/3/2026
2025-08-08,2025,9,Northshore,1,9/3/2026
2025-08-09,2025,1,Southeast,7,9/3/2026
2025-08-09,2025,2,Capital Region,6,9/3/2026
2025-08-09,2025,3,South Central,3,9/3/2026
2025-08-09,2025,9,Northshore,6,9/3/2026
2025-08-10,2025,1,Southeast,2,9/3/2026
2025-08-10,2025,2,Capital Region,2,9/3/2026
2025-08-10,2025,3,South Central,1,9/3/2026
2025-08-10,2025,9,Northshore,4,9/3/2026
2025-08-11,2025,1,Southeast,1,9/3/2026
2025-08-11,2025,2,Capital Region,2,9/3/2026
2025-08-11,2025,3,South Central,1,9/3/2026
2025-08-11,2025,9,Northshore,3,9/3/2026
2025-08-12,2025,1,Southeast,0,9/3/2026
2025-08-12,2025,2,Capital Region,5,9/3/2026
2025-08-12,2025,3,South Central,5,9/3/2026
2025-08-12,2025,9,Northshore,5,9/3/2026
2025-08-13,2025,1,Southeast,5,9/3/2026
2025-08-13,2025,2,Capital Region,8,9/3/2026
2025-08-13,2025,3,South Central,5,9/3/2026
2025-08-13,2025,9,Northshore,6,9/3/2026
2025-08-14,2025,1,Southeast,3,9/3/2026
2025-08-14,2025,2,Capital Region,8,9/3/2026
2025-08-14,2025,3,South Central,4,9/3/2026
2025-08-14,2025,9,Northshore,8,9/3/2026
2025-08-15,2025,1,Southeast,7,9/3/2026
2025-08-15,2025,2,Capital Region,2,9/3/2026
2025-08-15,2025,3,South Central,3,9/3/2026
2025-08-15,2025,9,Northshore,3,9/3/2026
2025-08-16,2025,1,Southeast,4,9/3/2026
2025-08-16,2025,2,Capital Region,4,9/3/2026
2025-08-16,2025,3,South Central,0,9/3/2026
2025-08-16,2025,9,Northshore,6,9/3/2026
2025-08-17,2025,1,Southeast,6,9/3/2026
2025-08-17,2025,2,Capital Region,3,9/3/2026
2025-08-17,2025,3,South Central,3,9/3/2026
2025-08-17,2025,9,Northshore,3,9/3/2026
2025-08-18,2025,1,Southeast,2,9/3/2026
2025-08-18,2025,2,Capital Region,3,9/3/2026
2025-08-18,2025,3,South Central,9,9/3/2026
2025-08-18,2025,9,Northshore,5,9/3/2026
2025-08-19,2025,1,Southeast,5,9/3/2026
2025-08-19,2025,2,Capital Region,3,9/3/2026
2025-08-19,2025,3,South Central,1,9/3/2026
2025-08-19,2025,9,Northshore,6,9/3/2026
2025-08-20,2025,1,Southeast,6,9/3/2026
2025-08-20,2025,2,Capital Region,3,9/3/2026
2025-08-20,2025,3,South Central,4,9/3/2026
2025-08-20,2025,9,Northshore,7,9/3/2026
2025-08-21,2025,1,Southeast,8,9/3/2026
2025-08-21,2025,2,Capital Region,5,9/3/2026
2025-08-21,2025,3,South Central,0,9/3/2026
2025-08-21,2025,9,Northshore,5,9/3/2026
2025-08-22,2025,1,Southeast,2,9/3/2026
2025-08-22,2025,2,Capital Region,1,9/3/2026
2025-08-22,2025,3,South Central,2,9/3/2026
2025-08-22,2025,9,Northshore,4,9/3/2026
2025-08-23,2025,1,Southeast,4,9/3/2026
2025-08-23,2025,2,Capital Region,4,9/3/2026
2025-08-23,2025,3,South Central,5,9/3/2026
2025-08-23,2025,9,Northshore,4,9/3/2026
2025-08-24,2025,1,Southeast,6,9/3/2026
2025-08-24,2025,2,Capital Region,3,9/3/2026
2025-08-24,2025,3,South Central,0,9/3/2026
2025-08-24,2025,9,Northshore,3,9/3/2026
2025-08-25,2025,1,Southeast,5,9/3/2026
2025-08-25,2025,2,Capital Region,3,9/3/2026
2025-08-25,2025,3,South Central,2,9/3/2026
2025-08-25,2025,9,Northshore,4,9/3/2026
2025-08-26,2025,1,Southeast,4,9/3/2026
2025-08-26,2025,2,Capital Region,4,9/3/2026
2025-08-26,2025,3,South Central,2,9/3/2026
2025-08-26,2025,9,Northshore,5,9/3/2026
2025-08-27,2025,1,Southeast,5,9/3/2026
2025-08-27,2025,2,Capital Region,4,9/3/2026
2025-08-27,2025,3,South Central,4,9/3/2026
2025-08-27,2025,9,Northshore,0,9/3/2026
2025-08-28,2025,1,Southeast,2,9/3/2026
2025-08-28,2025,2,Capital Region,3,9/3/2026
2025-08-28,2025,3,South Central,1,9/3/2026
2025-08-28,2025,9,Northshore,1,9/3/2026
2025-08-29,2025,1,Southeast,1,9/3/2026
2025-08-29,2025,2,Capital Region,0,9/3/2026
2025-08-29,2025,3,South Central,0,9/3/2026
2025-08-29,2025,9,Northshore,2,9/3/2026
2025-08-30,2025,1,Southeast,0,9/3/2026
2025-08-30,2025,2,Capital Region,1,9/3/2026
2025-08-30,2025,3,South Central,0,9/3/2026
2025-08-30,2025,9,Northshore,1,9/3/2026
2025-08-31,2025,1,Southeast,2,9/3/2026
2025-08-31,2025,2,Capital Region,0,9/3/2026
2025-08-31,2025,3,South Central,0,9/3/2026
2025-08-31,2025,9,Northshore,2,9/3/2026
2025-09-01,2025,1,Southeast,1,9/3/2026
2025-09-01,2025,2,Capital Region,3,9/3/2026
2025-09-01,2025,3,South Central,0,9/3/2026
2025-09-01,2025,9,Northshore,1,9/3/2026
2025-09-02,2025,1,Southeast,1,9/3/2026
2025-09-02,2025,2,Capital Region,2,9/3/2026
2025-09-02,2025,3,South Central,1,9/3/2026
2025-09-02,2025,9,Northshore,5,9/3/2026
2025-09-03,2025,1,Southeast,4,9/3/2026
2025-09-03,2025,2,Capital Region,1,9/3/2026
2025-09-03,2025,3,South Central,3,9/3/2026
2025-09-03,2025,9,Northshore,4,9/3/2026
2025-09-04,2025,1,Southeast,2,9/3/2026
2025-09-04,2025,2,Capital Region,1,9/3/2026
2025-09-04,2025,3,South Central,3,9/3/2026
2025-09-04,2025,9,Northshore,2,9/3/2026
2025-09-05,2025,1,Southeast,3,9/3/2026
2025-09-05,2025,2,Capital Region,4,9/3/2026
2025-09-05,2025,3,South Central,2,9/3/2026
2025-09-05,2025,9,Northshore,1,9/3/2026
2025-09-06,2025,1,Southeast,3,9/3/2026
2025-09-06,2025,2,Capital Region,4,9/3/2026
2025-09-06,2025,3,South Central,2,9/3/2026
2025-09-06,2025,9,Northshore,5,9/3/2026
2025-09-07,2025,1,Southeast,3,9/3/2026
2025-09-07,2025,2,Capital Region,0,9/3/2026
2025-09-07,2025,3,South Central,4,9/3/2026
2025-09-07,2025,9,Northshore,1,9/3/2026
2025-09-08,2025,1,Southeast,0,9/3/2026
2025-09-08,2025,2,Capital Region,0,9/3/2026
2025-09-08,2025,3,South Central,2,9/3/2026
2025-09-08,2025,9,Northshore,3,9/3/2026
2025-09-09,2025,1,Southeast,1,9/3/2026
2025-09-09,2025,2,Capital Region,1,9/3/2026
2025-09-09,2025,3,South Central,0,9/3/2026
2025-09-09,2025,9,Northshore,2,9/3/2026
2025-09-10,2025,1,Southeast,0,9/3/2026
2025-09-10,2025,2,Capital Region,0,9/3/2026
2025-09-10,2025,3,South Central,1,9/3/2026
2025-09-10,2025,9,Northshore,2,9/3/2026
2025-09-11,2025,1,Southeast,3,9/3/2026
2025-09-11,2025,2,Capital Region,1,9/3/2026
2025-09-11,2025,3,South Central,0,9/3/2026
2025-09-11,2025,9,Northshore,1,9/3/2026
2025-09-12,2025,1,Southeast,1,9/3/2026
2025-09-12,2025,2,Capital Region,0,9/3/2026
2025-09-12,2025,3,South Central,1,9/3/2026
2025-09-12,2025,9,Northshore,1,9/3/2026
2025-09-13,2025,1,Southeast,5,9/3/2026
2025-09-13,2025,2,Capital Region,2,9/3/2026
2025-09-13,2025,3,South Central,5,9/3/2026
2025-09-13,2025,9,Northshore,4,9/3/2026
2025-09-14,2025,1,Southeast,2,9/3/2026
2025-09-14,2025,2,Capital Region,1,9/3/2026
2025-09-14,2025,3,South Central,1,9/3/2026
2025-09-14,2025,9,Northshore,4,9/3/2026
2025-09-15,2025,1,Southeast,5,9/3/2026
2025-09-15,2025,2,Capital Region,1,9/3/2026
2025-09-15,2025,3,South Central,1,9/3/2026
2025-09-15,2025,9,Northshore,1,9/3/2026
2025-09-16,2025,1,Southeast,5,9/3/2026
2025-09-16,2025,2,Capital Region,1,9/3/2026
2025-09-16,2025,3,South Central,2,9/3/2026
2025-09-16,2025,9,Northshore,0,9/3/2026
2025-09-17,2025,1,Southeast,4,9/3/2026
2025-09-17,2025,2,Capital Region,2,9/3/2026
2025-09-17,2025,3,South Central,1,9/3/2026
2025-09-17,2025,9,Northshore,3,9/3/2026
2025-09-18,2025,1,Southeast,1,9/3/2026
2025-09-18,2025,2,Capital Region,2,9/3/2026
2025-09-18,2025,3,South Central,2,9/3/2026
2025-09-18,2025,9,Northshore,1,9/3/2026
2025-09-19,2025,1,Southeast,1,9/3/2026
2025-09-19,2025,2,Capital Region,1,9/3/2026
2025-09-19,2025,3,South Central,1,9/3/2026
2025-09-19,2025,9,Northshore,2,9/3/2026
2025-09-20,2025,1,Southeast,5,9/3/2026
2025-09-20,2025,2,Capital Region,1,9/3/2026
2025-09-20,2025,3,South Central,0,9/3/2026
2025-09-20,2025,9,Northshore,1,9/3/2026
2025-09-21,2025,1,Southeast,2,9/3/2026
2025-09-21,2025,2,Capital Region,1,9/3/2026
2025-09-21,2025,3,South Central,1,9/3/2026
2025-09-21,2025,9,Northshore,0,9/3/2026
2025-09-22,2025,1,Southeast,0,9/3/2026
2025-09-22,2025,2,Capital Region,1,9/3/2026
2025-09-22,2025,3,South Central,2,9/3/2026
2025-09-22,2025,9,Northshore,2,9/3/2026
2025-09-23,2025,1,Southeast,1,9/3/2026
2025-09-23,2025,2,Capital Region,0,9/3/2026
2025-09-23,2025,3,South Central,2,9/3/2026
2025-09-23,2025,9,Northshore,1,9/3/2026
2025-09-24,2025,1,Southeast,3,9/3/2026
2025-09-24,2025,2,Capital Region,2,9/3/2026
2025-09-24,2025,3,South Central,0,9/3/2026
2025-09-24,2025,9,Northshore,0,9/3/2026
2025-09-25,2025,1,Southeast,1,9/3/2026
2025-09-25,2025,2,Capital Region,0,9/3/2026
2025-09-25,2025,3,South Central,1,9/3/2026
2025-09-25,2025,9,Northshore,2,9/3/2026
2025-09-26,2025,1,Southeast,1,9/3/2026
2025-09-26,2025,2,Capital Region,0,9/3/2026
2025-09-26,2025,3,South Central,0,9/3/2026
2025-09-26,2025,9,Northshore,3,9/3/2026
2025-09-27,2025,1,Southeast,1,9/3/2026
2025-09-27,2025,2,Capital Region,0,9/3/2026
2025-09-27,2025,3,South Central,4,9/3/2026
2025-09-27,2025,9,Northshore,1,9/3/2026
2025-09-28,2025,1,Southeast,0,9/3/2026
2025-09-28,2025,2,Capital Region,1,9/3/2026
2025-09-28,2025,3,South Central,3,9/3/2026
2025-09-28,2025,9,Northshore,1,9/3/2026
2025-09-29,2025,1,Southeast,1,9/3/2026
2025-09-29,2025,2,Capital Region,2,9/3/2026
2025-09-29,2025,3,South Central,0,9/3/2026
2025-09-29,2025,9,Northshore,1,9/3/2026
2025-09-30,2025,1,Southeast,3,9/3/2026
2025-09-30,2025,2,Capital Region,0,9/3/2026
2025-09-30,2025,3,South Central,1,9/3/2026
2025-09-30,2025,9,Northshore,1,9/3/2026
2025-10-01,2025,1,Southeast,0,9/3/2026
2025-10-01,2025,2,Capital Region,0,9/3/2026
2025-10-01,2025,3,South Central,1,9/3/2026
2025-10-01,2025,9,Northshore,1,9/3/2026
2025-10-02,2025,1,Southeast,0,9/3/2026
2025-10-02,2025,2,Capital Region,0,9/3/2026
2025-10-02,2025,3,South Central,1,9/3/2026
2025-10-02,2025,9,Northshore,1,9/3/2026
2025-10-03,2025,1,Southeast,0,9/3/2026
2025-10-03,2025,2,Capital Region,0,9/3/2026
2025-10-03,2025,3,South Central,0,9/3/2026
2025-10-03,2025,9,Northshore,0,9/3/2026
2025-10-04,2025,1,Southeast,0,9/3/2026
2025-10-04,2025,2,Capital Region,0,9/3/2026
2025-10-04,2025,3,South Central,0,9/3/2026
2025-10-04,2025,9,Northshore,0,9/3/2026
2025-10-05,2025,1,Southeast,0,9/3/2026
2025-10-05,2025,2,Capital Region,0,9/3/2026
2025-10-05,2025,3,South Central,0,9/3/2026
2025-10-05,2025,9,Northshore,0,9/3/2026
2025-10-06,2025,1,Southeast,2,9/3/2026
2025-10-06,2025,2,Capital Region,0,9/3/2026
2025-10-06,2025,3,South Central,0,9/3/2026
2025-10-06,2025,9,Northshore,2,9/3/2026
2025-10-07,2025,1,Southeast,2,9/3/2026
2025-10-07,2025,2,Capital Region,0,9/3/2026
2025-10-07,2025,3,South Central,2,9/3/2026
2025-10-07,2025,9,Northshore,1,9/3/2026
2025-10-08,2025,1,Southeast,1,9/3/2026
2025-10-08,2025,2,Capital Region,0,9/3/2026
2025-10-08,2025,3,South Central,1,9/3/2026
2025-10-08,2025,9,Northshore,0,9/3/2026
2025-10-09,2025,1,Southeast,1,9/3/2026
2025-10-09,2025,2,Capital Region,0,9/3/2026
2025-10-09,2025,3,South Central,0,9/3/2026
2025-10-09,2025,9,Northshore,3,9/3/2026
2025-10-10,2025,1,Southeast,1,9/3/2026
2025-10-10,2025,2,Capital Region,1,9/3/2026
2025-10-10,2025,3,South Central,0,9/3/2026
2025-10-10,2025,9,Northshore,0,9/3/2026
2025-10-11,2025,1,Southeast,1,9/3/2026
2025-10-11,2025,2,Capital Region,0,9/3/2026
2025-10-11,2025,3,South Central,0,9/3/2026
2025-10-11,2025,9,Northshore,0,9/3/2026
2025-10-12,2025,1,Southeast,0,9/3/2026
2025-10-12,2025,2,Capital Region,0,9/3/2026
2025-10-12,2025,3,South Central,1,9/3/2026
2025-10-12,2025,9,Northshore,0,9/3/2026
2025-10-13,2025,1,Southeast,0,9/3/2026
2025-10-13,2025,2,Capital Region,0,9/3/2026
2025-10-13,2025,3,South Central,0,9/3/2026
2025-10-13,2025,9,Northshore,1,9/3/2026
2025-10-14,2025,1,Southeast,0,9/3/2026
2025-10-14,2025,2,Capital Region,0,9/3/2026
2025-10-14,2025,3,South Central,0,9/3/2026
2025-10-14,2025,9,Northshore,0,9/3/2026
2025-10-15,2025,1,Southeast,0,9/3/2026
2025-10-15,2025,2,Capital Region,0,9/3/2026
2025-10-15,2025,3,South Central,0,9/3/2026
2025-10-15,2025,9,Northshore,0,9/3/2026
2025-10-16,2025,1,Southeast,0,9/3/2026
2025-10-16,2025,2,Capital Region,1,9/3/2026
2025-10-16,2025,3,South Central,0,9/3/2026
2025-10-16,2025,9,Northshore,0,9/3/2026
2025-10-17,2025,1,Southeast,1,9/3/2026
2025-10-17,2025,2,Capital Region,0,9/3/2026
2025-10-17,2025,3,South Central,0,9/3/2026
2025-10-17,2025,9,Northshore,3,9/3/2026
2025-10-18,2025,1,Southeast,0,9/3/2026
2025-10-18,2025,2,Capital Region,0,9/3/2026
2025-10-18,2025,3,South Central,0,9/3/2026
2025-10-18,2025,9,Northshore,2,9/3/2026
2025-10-19,2025,1,Southeast,0,9/3/2026
2025-10-19,2025,2,Capital Region,0,9/3/2026
2025-10-19,2025,3,South Central,0,9/3/2026
2025-10-19,2025,9,Northshore,1,9/3/2026
2025-10-20,2025,1,Southeast,0,9/3/2026
2025-10-20,2025,2,Capital Region,0,9/3/2026
2025-10-20,2025,3,South Central,0,9/3/2026
2025-10-20,2025,9,Northshore,0,9/3/2026
2025-10-21,2025,1,Southeast,2,9/3/2026
2025-10-21,2025,2,Capital Region,0,9/3/2026
2025-10-21,2025,3,South Central,0,9/3/2026
2025-10-21,2025,9,Northshore,0,9/3/2026
2025-10-22,2025,1,Southeast,0,9/3/2026
2025-10-22,2025,2,Capital Region,0,9/3/2026
2025-10-22,2025,3,South Central,0,9/3/2026
2025-10-22,2025,9,Northshore,0,9/3/2026
2025-10-23,2025,1,Southeast,0,9/3/2026
2025-10-23,2025,2,Capital Region,0,9/3/2026
2025-10-23,2025,3,South Central,3,9/3/2026
2025-10-23,2025,9,Northshore,0,9/3/2026
2025-10-24,2025,1,Southeast,1,9/3/2026
2025-10-24,2025,2,Capital Region,0,9/3/2026
2025-10-24,2025,3,South Central,0,9/3/2026
2025-10-24,2025,9,Northshore,0,9/3/2026
2025-10-25,2025,1,Southeast,0,9/3/2026
2025-10-25,2025,2,Capital Region,0,9/3/2026
2025-10-25,2025,3,South Central,0,9/3/2026
2025-10-25,2025,9,Northshore,0,9/3/2026
2025-10-26,2025,1,Southeast,1,9/3/2026
2025-10-26,2025,2,Capital Region,0,9/3/2026
2025-10-26,2025,3,South Central,1,9/3/2026
2025-10-26,2025,9,Northshore,0,9/3/2026
2025-10-27,2025,1,Southeast,1,9/3/2026
2025-10-27,2025,2,Capital Region,0,9/3/2026
2025-10-27,2025,3,South Central,0,9/3/2026
2025-10-27,2025,9,Northshore,0,9/3/2026
2025-10-28,2025,1,Southeast,0,9/3/2026
2025-10-28,2025,2,Capital Region,0,9/3/2026
2025-10-28,2025,3,South Central,0,9/3/2026
2025-10-28,2025,9,Northshore,1,9/3/2026
2025-10-29,2025,1,Southeast,0,9/3/2026
2025-10-29,2025,2,Capital Region,0,9/3/2026
2025-10-29,2025,3,South Central,0,9/3/2026
2025-10-29,2025,9,Northshore,0,9/3/2026
2025-10-30,2025,1,Southeast,0,9/3/2026
2025-10-30,2025,2,Capital Region,0,9/3/2026
2025-10-30,2025,3,South Central,0,9/3/2026
2025-10-30,2025,9,Northshore,0,9/3/2026
2025-10-31,2025,1,Southeast,1,9/3/2026
2025-10-31,2025,2,Capital Region,0,9/3/2026
2025-10-31,2025,3,South Central,0,9/3/2026
2025-10-31,2025,9,Northshore,0,9/3/2026
2026-04-01,2026,1,Southeast,1,9/3/2026
2026-04-01,2026,2,Capital Region,0,9/3/2026
2026-04-01,2026,3,South Central,0,9/3/2026
2026-04-01,2026,9,Northshore,0,9/3/2026
2026-04-02,2026,1,Southeast,0,9/3/2026
2026-04-02,2026,2,Capital Region,1,9/3/2026
2026-04-02,2026,3,South Central,0,9/3/2026
2026-04-02,2026,9,Northshore,0,9/3/2026
2026-04-03,2026,1,Southeast,0,9/3/2026
2026-04-03,2026,2,Capital Region,0,9/3/2026
2026-04-03,2026,3,South Central,0,9/3/2026
2026-04-03,2026,9,Northshore,0,9/3/2026
2026-04-04,2026,1,Southeast,3,9/3/2026
2026-04-04,2026,2,Capital Region,0,9/3/2026
2026-04-04,2026,3,South Central,1,9/3/2026
2026-04-04,2026,9,Northshore,1,9/3/2026
2026-04-05,2026,1,Southeast,0,9/3/2026
2026-04-05,2026,2,Capital Region,0,9/3/2026
2026-04-05,2026,3,South Central,0,9/3/2026
2026-04-05,2026,9,Northshore,0,9/3/2026
2026-04-06,2026,1,Southeast,0,9/3/2026
2026-04-06,2026,2,Capital Region,0,9/3/2026
2026-04-06,2026,3,South Central,0,9/3/2026
2026-04-06,2026,9,Northshore,0,9/3/2026
2026-04-07,2026,1,Southeast,0,9/3/2026
2026-04-07,2026,2,Capital Region,0,9/3/2026
2026-04-07,2026,3,South Central,0,9/3/2026
2026-04-07,2026,9,Northshore,1,9/3/2026
2026-04-08,2026,1,Southeast,1,9/3/2026
2026-04-08,2026,2,Capital Region,0,9/3/2026
2026-04-08,2026,3,South Central,1,9/3/2026
2026-04-08,2026,9,Northshore,0,9/3/2026
2026-04-09,2026,1,Southeast,0,9/3/2026
2026-04-09,2026,2,Capital Region,1,9/3/2026
2026-04-09,2026,3,South Central,0,9/3/2026
2026-04-09,2026,9,Northshore,0,9/3/2026
2026-04-10,2026,1,Southeast,1,9/3/2026
2026-04-10,2026,2,Capital Region,1,9/3/2026
2026-04-10,2026,3,South Central,0,9/3/2026
2026-04-10,2026,9,Northshore,0,9/3/2026
2026-04-11,2026,1,Southeast,1,9/3/2026
2026-04-11,2026,2,Capital Region,0,9/3/2026
2026-04-11,2026,3,South Central,0,9/3/2026
2026-04-11,2026,9,Northshore,2,9/3/2026
2026-04-12,2026,1,Southeast,1,9/3/2026
2026-04-12,2026,2,Capital Region,0,9/3/2026
2026-04-12,2026,3,South Central,0,9/3/2026
2026-04-12,2026,9,Northshore,1,9/3/2026
2026-04-13,2026,1,Southeast,1,9/3/2026
2026-04-13,2026,2,Capital Region,1,9/3/2026
2026-04-13,2026,3,South Central,1,9/3/2026
2026-04-13,2026,9,Northshore,1,9/3/2026
2026-04-14,2026,1,Southeast,0,9/3/2026
2026-04-14,2026,2,Capital Region,1,9/3/2026
2026-04-14,2026,3,South Central,0,9/3/2026
2026-04-14,2026,9,Northshore,2,9/3/2026
2026-04-15,2026,1,Southeast,0,9/3/2026
2026-04-15,2026,2,Capital Region,0,9/3/2026
2026-04-15,2026,3,South Central,1,9/3/2026
2026-04-15,2026,9,Northshore,0,9/3/2026
2026-04-16,2026,1,Southeast,2,9/3/2026
2026-04-16,2026,2,Capital Region,0,9/3/2026
2026-04-16,2026,3,South Central,0,9/3/2026
2026-04-16,2026,9,Northshore,2,9/3/2026
2026-04-17,2026,1,Southeast,3,9/3/2026
2026-04-17,2026,2,Capital Region,0,9/3/2026
2026-04-17,2026,3,South Central,0,9/3/2026
2026-04-17,2026,9,Northshore,0,9/3/2026
2026-04-18,2026,1,Southeast,2,9/3/2026
2026-04-18,2026,2,Capital Region,0,9/3/2026
2026-04-18,2026,3,South Central,2,9/3/2026
2026-04-18,2026,9,Northshore,1,9/3/2026
2026-04-19,2026,1,Southeast,0,9/3/2026
2026-04-19,2026,2,Capital Region,0,9/3/2026
2026-04-19,2026,3,South Central,0,9/3/2026
2026-04-19,2026,9,Northshore,0,9/3/2026
2026-04-20,2026,1,Southeast,0,9/3/2026
2026-04-20,2026,2,Capital Region,0,9/3/2026
2026-04-20,2026,3,South Central,0,9/3/2026
2026-04-20,2026,9,Northshore,0,9/3/2026
2026-04-21,2026,1,Southeast,0,9/3/2026
2026-04-21,2026,2,Capital Region,0,9/3/2026
2026-04-21,2026,3,South Central,0,9/3/2026
2026-04-21,2026,9,Northshore,1,9/3/2026
2026-04-22,2026,1,Southeast,1,9/3/2026
2026-04-22,2026,2,Capital Region,0,9/3/2026
2026-04-22,2026,3,South Central,0,9/3/2026
2026-04-22,2026,9,Northshore,0,9/3/2026
2026-04-23,2026,1,Southeast,2,9/3/2026
2026-04-23,2026,2,Capital Region,2,9/3/2026
2026-04-23,2026,3,South Central,1,9/3/2026
2026-04-23,2026,9,Northshore,3,9/3/2026
2026-04-24,2026,1,Southeast,1,9/3/2026
2026-04-24,2026,2,Capital Region,0,9/3/2026
2026-04-24,2026,3,South Central,1,9/3/2026
2026-04-24,2026,9,Northshore,1,9/3/2026
2026-04-25,2026,1,Southeast,1,9/3/2026
2026-04-25,2026,2,Capital Region,0,9/3/2026
2026-04-25,2026,3,South Central,0,9/3/2026
2026-04-25,2026,9,Northshore,2,9/3/2026
2026-04-26,2026,1,Southeast,0,9/3/2026
2026-04-26,2026,2,Capital Region,0,9/3/2026
2026-04-26,2026,3,South Central,1,9/3/2026
2026-04-26,2026,9,Northshore,0,9/3/2026
2026-04-27,2026,1,Southeast,4,9/3/2026
2026-04-27,2026,2,Capital Region,0,9/3/2026
2026-04-27,2026,3,South Central,1,9/3/2026
2026-04-27,2026,9,Northshore,1,9/3/2026
2026-04-28,2026,1,Southeast,1,9/3/2026
2026-04-28,2026,2,Capital Region,0,9/3/2026
2026-04-28,2026,3,South Central,1,9/3/2026
2026-04-28,2026,9,Northshore,0,9/3/2026
2026-04-29,2026,1,Southeast,1,9/3/2026
2026-04-29,2026,2,Capital Region,3,9/3/2026
2026-04-29,2026,3,South Central,2,9/3/2026
2026-04-29,2026,9,Northshore,2,9/3/2026
2026-04-30,2026,1,Southeast,1,9/3/2026
2026-04-30,2026,2,Capital Region,2,9/3/2026
2026-04-30,2026,3,South Central,1,9/3/2026
2026-04-30,2026,9,Northshore,0,9/3/2026
2026-05-01,2026,1,Southeast,0,9/3/2026
2026-05-01,2026,2,Capital Region,0,9/3/2026
2026-05-01,2026,3,South Central,0,9/3/2026
2026-05-01,2026,9,Northshore,0,9/3/2026
2026-05-02,2026,1,Southeast,0,9/3/2026
2026-05-02,2026,2,Capital Region,0,9/3/2026
2026-05-02,2026,3,South Central,0,9/3/2026
2026-05-02,2026,9,Northshore,0,9/3/2026
2026-05-03,2026,1,Southeast,0,9/3/2026
2026-05-03,2026,2,Capital Region,0,9/3/2026
2026-05-03,2026,3,South Central,0,9/3/2026
2026-05-03,2026,9,Northshore,1,9/3/2026
2026-05-04,2026,1,Southeast,2,9/3/2026
2026-05-04,2026,2,Capital Region,0,9/3/2026
2026-05-04,2026,3,South Central,0,9/3/2026
2026-05-04,2026,9,Northshore,2,9/3/2026
2026-05-05,2026,1,Southeast,0,9/3/2026
2026-05-05,2026,2,Capital Region,0,9/3/2026
2026-05-05,2026,3,South Central,1,9/3/2026
2026-05-05,2026,9,Northshore,2,9/3/2026
2026-05-06,2026,1,Southeast,0,9/3/2026
2026-05-06,2026,2,Capital Region,1,9/3/2026
2026-05-06,2026,3,South Central,0,9/3/2026
2026-05-06,2026,9,Northshore,1,9/3/2026
2026-05-07,2026,1,Southeast,0,9/3/2026
2026-05-07,2026,2,Capital Region,1,9/3/2026
2026-05-07,2026,3,South Central,1,9/3/2026
2026-05-07,2026,9,Northshore,0,9/3/2026
2026-05-08,2026,1,Southeast,0,9/3/2026
2026-05-08,2026,2,Capital Region,0,9/3/2026
2026-05-08,2026,3,South Central,0,9/3/2026
2026-05-08,2026,9,Northshore,0,9/3/2026
2026-05-09,2026,1,Southeast,0,9/3/2026
2026-05-09,2026,2,Capital Region,1,9/3/2026
2026-05-09,2026,3,South Central,0,9/3/2026
2026-05-09,2026,9,Northshore,0,9/3/2026
2026-05-10,2026,1,Southeast,1,9/3/2026
2026-05-10,2026,2,Capital Region,0,9/3/2026
2026-05-10,2026,3,South Central,1,9/3/2026
2026-05-10,2026,9,Northshore,1,9/3/2026
2026-05-11,2026,1,Southeast,0,9/3/2026
2026-05-11,2026,2,Capital Region,0,9/3/2026
2026-05-11,2026,3,South Central,0,9/3/2026
2026-05-11,2026,9,Northshore,0,9/3/2026
2026-05-12,2026,1,Southeast,1,9/3/2026
2026-05-12,2026,2,Capital Region,0,9/3/2026
2026-05-12,2026,3,South Central,1,9/3/2026
2026-05-12,2026,9,Northshore,2,9/3/2026
2026-05-13,2026,1,Southeast,1,9/3/2026
2026-05-13,2026,2,Capital Region,1,9/3/2026
2026-05-13,2026,3,South Central,2,9/3/2026
2026-05-13,2026,9,Northshore,0,9/3/2026
2026-05-14,2026,1,Southeast,1,9/3/2026
2026-05-14,2026,2,Capital Region,0,9/3/2026
2026-05-14,2026,3,South Central,1,9/3/2026
2026-05-14,2026,9,Northshore,2,9/3/2026
2026-05-15,2026,1,Southeast,3,9/3/2026
2026-05-15,2026,2,Capital Region,2,9/3/2026
2026-05-15,2026,3,South Central,2,9/3/2026
2026-05-15,2026,9,Northshore,2,9/3/2026
2026-05-16,2026,1,Southeast,1,9/3/2026
2026-05-16,2026,2,Capital Region,0,9/3/2026
2026-05-16,2026,3,South Central,4,9/3/2026
2026-05-16,2026,9,Northshore,2,9/3/2026
2026-05-17,2026,1,Southeast,1,9/3/2026
2026-05-17,2026,2,Capital Region,1,9/3/2026
2026-05-17,2026,3,South Central,3,9/3/2026
2026-05-17,2026,9,Northshore,0,9/3/2026
2026-05-18,2026,1,Southeast,2,9/3/2026
2026-05-18,2026,2,Capital Region,0,9/3/2026
2026-05-18,2026,3,South Central,3,9/3/2026
2026-05-18,2026,9,Northshore,2,9/3/2026
2026-05-19,2026,1,Southeast,1,9/3/2026
2026-05-19,2026,2,Capital Region,2,9/3/2026
2026-05-19,2026,3,South Central,4,9/3/2026
2026-05-19,2026,9,Northshore,2,9/3/2026
2026-05-20,2026,1,Southeast,1,9/3/2026
2026-05-20,2026,2,Capital Region,0,9/3/2026
2026-05-20,2026,3,South Central,1,9/3/2026
2026-05-20,2026,9,Northshore,0,9/3/2026
2026-05-21,2026,1,Southeast,2,9/3/2026
2026-05-21,2026,2,Capital Region,0,9/3/2026
2026-05-21,2026,3,South Central,0,9/3/2026
2026-05-21,2026,9,Northshore,0,9/3/2026
2026-05-22,2026,1,Southeast,1,9/3/2026
2026-05-22,2026,2,Capital Region,0,9/3/2026
2026-05-22,2026,3,South Central,2,9/3/2026
2026-05-22,2026,9,Northshore,0,9/3/2026
2026-05-23,2026,1,Southeast,0,9/3/2026
2026-05-23,2026,2,Capital Region,0,9/3/2026
2026-05-23,2026,3,South Central,1,9/3/2026
2026-05-23,2026,9,Northshore,1,9/3/2026
2026-05-24,2026,1,Southeast,0,9/3/2026
2026-05-24,2026,2,Capital Region,0,9/3/2026
2026-05-24,2026,3,South Central,0,9/3/2026
2026-05-24,2026,9,Northshore,0,9/3/2026
2026-05-25,2026,1,Southeast,1,9/3/2026
2026-05-25,2026,2,Capital Region,0,9/3/2026
2026-05-25,2026,3,South Central,0,9/3/2026
2026-05-25,2026,9,Northshore,0,9/3/2026
2026-05-26,2026,1,Southeast,3,9/3/2026
2026-05-26,2026,2,Capital Region,2,9/3/2026
2026-05-26,2026,3,South Central,0,9/3/2026
2026-05-26,2026,9,Northshore,2,9/3/2026
2026-05-27,2026,1,Southeast,1,9/3/2026
2026-05-27,2026,2,Capital Region,2,9/3/2026
2026-05-27,2026,3,South Central,1,9/3/2026
2026-05-27,2026,9,Northshore,3,9/3/2026
2026-05-28,2026,1,Southeast,2,9/3/2026
2026-05-28,2026,2,Capital Region,2,9/3/2026
2026-05-28,2026,3,South Central,1,9/3/2026
2026-05-28,2026,9,Northshore,1,9/3/2026
2026-05-29,2026,1,Southeast,1,9/3/2026
2026-05-29,2026,2,Capital Region,1,9/3/2026
2026-05-29,2026,3,South Central,2,9/3/2026
2026-05-29,2026,9,Northshore,2,9/3/2026
2026-05-30,2026,1,Southeast,3,9/3/2026
2026-05-30,2026,2,Capital Region,2,9/3/2026
2026-05-30,2026,3,South Central,2,9/3/2026
2026-05-30,2026,9,Northshore,4,9/3/2026
2026-05-31,2026,1,Southeast,3,9/3/2026
2026-05-31,2026,2,Capital Region,4,9/3/2026
2026-05-31,2026,3,South Central,8,9/3/2026
2026-05-31,2026,9,Northshore,5,9/3/2026
2026-06-01,2026,1,Southeast,2,9/3/2026
2026-06-01,2026,2,Capital Region,2,9/3/2026
2026-06-01,2026,3,South Central,4,9/3/2026
2026-06-01,2026,9,Northshore,2,9/3/2026
2026-06-02,2026,1,Southeast,1,9/3/2026
2026-06-02,2026,2,Capital Region,2,9/3/2026
2026-06-02,2026,3,South Central,1,9/3/2026
2026-06-02,2026,9,Northshore,0,9/3/2026
2026-06-03,2026,1,Southeast,0,9/3/2026
2026-06-03,2026,2,Capital Region,0,9/3/2026
2026-06-03,2026,3,South Central,0,9/3/2026
2026-06-03,2026,9,Northshore,1,9/3/2026
2026-06-04,2026,1,Southeast,0,9/3/2026
2026-06-04,2026,2,Capital Region,0,9/3/2026
2026-06-04,2026,3,South Central,3,9/3/2026
2026-06-04,2026,9,Northshore,3,9/3/2026
2026-06-05,2026,1,Southeast,2,9/3/2026
2026-06-05,2026,2,Capital Region,1,9/3/2026
2026-06-05,2026,3,South Central,3,9/3/2026
2026-06-05,2026,9,Northshore,1,9/3/2026
2026-06-06,2026,1,Southeast,0,9/3/2026
2026-06-06,2026,2,Capital Region,0,9/3/2026
2026-06-06,2026,3,South Central,0,9/3/2026
2026-06-06,2026,9,Northshore,0,9/3/2026
2026-06-07,2026,1,Southeast,2,9/3/2026
2026-06-07,2026,2,Capital Region,2,9/3/2026
2026-06-07,2026,3,South Central,2,9/3/2026
2026-06-07,2026,9,Northshore,3,9/3/2026
2026-06-08,2026,1,Southeast,1,9/3/2026
2026-06-08,2026,2,Capital Region,2,9/3/2026
2026-06-08,2026,3,South Central,4,9/3/2026
2026-06-08,2026,9,Northshore,1,9/3/2026
2026-06-09,2026,1,Southeast,1,9/3/2026
2026-06-09,2026,2,Capital Region,3,9/3/2026
2026-06-09,2026,3,South Central,0,9/3/2026
2026-06-09,2026,9,Northshore,4,9/3/2026
2026-06-10,2026,1,Southeast,2,9/3/2026
2026-06-10,2026,2,Capital Region,2,9/3/2026
2026-06-10,2026,3,South Central,2,9/3/2026
2026-06-10,2026,9,Northshore,3,9/3/2026
2026-06-11,2026,1,Southeast,7,9/3/2026
2026-06-11,2026,2,Capital Region,4,9/3/2026
2026-06-11,2026,3,South Central,4,9/3/2026
2026-06-11,2026,9,Northshore,7,9/3/2026
2026-06-12,2026,1,Southeast,7,9/3/2026
2026-06-12,2026,2,Capital Region,3,9/3/2026
2026-06-12,2026,3,South Central,7,9/3/2026
2026-06-12,2026,9,Northshore,6,9/3/2026
2026-06-13,2026,1,Southeast,7,9/3/2026
2026-06-13,2026,2,Capital Region,2,9/3/2026
2026-06-13,2026,3,South Central,5,9/3/2026
2026-06-13,2026,9,Northshore,5,9/3/2026
2026-06-14,2026,1,Southeast,7,9/3/2026
2026-06-14,2026,2,Capital Region,1,9/3/2026
2026-06-14,2026,3,South Central,3,9/3/2026
2026-06-14,2026,9,Northshore,2,9/3/2026
2026-06-15,2026,1,Southeast,5,9/3/2026
2026-06-15,2026,2,Capital Region,2,9/3/2026
2026-06-15,2026,3,South Central,3,9/3/2026
2026-06-15,2026,9,Northshore,2,9/3/2026
2026-06-16,2026,1,Southeast,2,9/3/2026
2026-06-16,2026,2,Capital Region,3,9/3/2026
2026-06-16,2026,3,South Central,1,9/3/2026
2026-06-16,2026,9,Northshore,1,9/3/2026
2026-06-17,2026,1,Southeast,2,9/3/2026
2026-06-17,2026,2,Capital Region,2,9/3/2026
2026-06-17,2026,3,South Central,1,9/3/2026
2026-06-17,2026,9,Northshore,3,9/3/2026
2026-06-18,2026,1,Southeast,1,9/3/2026
2026-06-18,2026,2,Capital Region,0,9/3/2026
2026-06-18,2026,3,South Central,2,9/3/2026
2026-06-18,2026,9,Northshore,1,9/3/2026
2026-06-19,2026,1,Southeast,9,9/3/2026
2026-06-19,2026,2,Capital Region,3,9/3/2026
2026-06-19,2026,3,South Central,6,9/3/2026
2026-06-19,2026,9,Northshore,7,9/3/2026
2026-06-20,2026,1,Southeast,1,9/3/2026
2026-06-20,2026,2,Capital Region,1,9/3/2026
2026-06-20,2026,3,South Central,3,9/3/2026
2026-06-20,2026,9,Northshore,4,9/3/2026
2026-06-21,2026,1,Southeast,3,9/3/2026
2026-06-21,2026,2,Capital Region,0,9/3/2026
2026-06-21,2026,3,South Central,2,9/3/2026
2026-06-21,2026,9,Northshore,1,9/3/2026
2026-06-22,2026,1,Southeast,3,9/3/2026
2026-06-22,2026,2,Capital Region,1,9/3/2026
2026-06-22,2026,3,South Central,4,9/3/2026
2026-06-22,2026,9,Northshore,2,9/3/2026
2026-06-23,2026,1,Southeast,10,9/3/2026
2026-06-23,2026,2,Capital Region,3,9/3/2026
2026-06-23,2026,3,South Central,3,9/3/2026
2026-06-23,2026,9,Northshore,1,9/3/2026
2026-06-24,2026,1,Southeast,7,9/3/2026
2026-06-24,2026,2,Capital Region,2,9/3/2026
2026-06-24,2026,3,South Central,6,9/3/2026
2026-06-24,2026,9,Northshore,7,9/3/2026
2026-06-25,2026,1,Southeast,7,9/3/2026
2026-06-25,2026,2,Capital Region,3,9/3/2026
2026-06-25,2026,3,South Central,1,9/3/2026
2026-06-25,2026,9,Northshore,9,9/3/2026
2026-06-26,2026,1,Southeast,7,9/3/2026
2026-06-26,2026,2,Capital Region,7,9/3/2026
2026-06-26,2026,3,South Central,7,9/3/2026
2026-06-26,2026,9,Northshore,5,9/3/2026
2026-06-27,2026,1,Southeast,9,9/3/2026
2026-06-27,2026,2,Capital Region,5,9/3/2026
2026-06-27,2026,3,South Central,2,9/3/2026
2026-06-27,2026,9,Northshore,2,9/3/2026
2026-06-28,2026,1,Southeast,9,9/3/2026
2026-06-28,2026,2,Capital Region,6,9/3/2026
2026-06-28,2026,3,South Central,2,9/3/2026
2026-06-28,2026,9,Northshore,12,9/3/2026
2026-06-29,2026,1,Southeast,12,9/3/2026
2026-06-29,2026,2,Capital Region,7,9/3/2026
2026-06-29,2026,3,South Central,2,9/3/2026
2026-06-29,2026,9,Northshore,9,9/3/2026
2026-06-30,2026,1,Southeast,8,9/3/2026
2026-06-30,2026,2,Capital Region,6,9/3/2026
2026-06-30,2026,3,South Central,3,9/3/2026
2026-06-30,2026,9,Northshore,8,9/3/2026
2026-07-01,2026,1,Southeast,11,9/3/2026
2026-07-01,2026,2,Capital Region,7,9/3/2026
2026-07-01,2026,3,South Central,7,9/3/2026
2026-07-01,2026,9,Northshore,8,9/3/2026
2026-07-02,2026,1,Southeast,4,9/3/2026
2026-07-02,2026,2,Capital Region,4,9/3/2026
2026-07-02,2026,3,South Central,2,9/3/2026
2026-07-02,2026,9,Northshore,2,9/3/2026
2026-07-03,2026,1,Southeast,9,9/3/2026
2026-07-03,2026,2,Capital Region,1,9/3/2026
2026-07-03,2026,3,South Central,7,9/3/2026
2026-07-03,2026,9,Northshore,7,9/3/2026
2026-07-04,2026,1,Southeast,7,9/3/2026
2026-07-04,2026,2,Capital Region,5,9/3/2026
2026-07-04,2026,3,South Central,3,9/3/2026
2026-07-04,2026,9,Northshore,10,9/3/2026
2026-07-05,2026,1,Southeast,3,9/3/2026
2026-07-05,2026,2,Capital Region,2,9/3/2026
2026-07-05,2026,3,South Central,2,9/3/2026
2026-07-05,2026,9,Northshore,5,9/3/2026
2026-07-06,2026,1,Southeast,5,9/3/2026
2026-07-06,2026,2,Capital Region,4,9/3/2026
2026-07-06,2026,3,South Central,3,9/3/2026
2026-07-06,2026,9,Northshore,6,9/3/2026
2026-07-07,2026,1,Southeast,4,9/3/2026
2026-07-07,2026,2,Capital Region,3,9/3/2026
2026-07-07,2026,3,South Central,3,9/3/2026
2026-07-07,2026,9,Northshore,4,9/3/2026
2026-07-08,2026,1,Southeast,5,9/3/2026
2026-07-08,2026,2,Capital Region,1,9/3/2026
2026-07-08,2026,3,South Central,3,9/3/2026
2026-07-08,2026,9,Northshore,7,9/3/2026
2026-07-09,2026,1,Southeast,6,9/3/2026
2026-07-09,2026,2,Capital Region,2,9/3/2026
2026-07-09,2026,3,South Central,7,9/3/2026
2026-07-09,2026,9,Northshore,8,9/3/2026
2026-07-10,2026,1,Southeast,6,9/3/2026
2026-07-10,2026,2,Capital Region,2,9/3/2026
2026-07-10,2026,3,South Central,0,9/3/2026
2026-07-10,2026,9,Northshore,8,9/3/2026
2026-07-11,2026,1,Southeast,10,9/3/2026
2026-07-11,2026,2,Capital Region,1,9/3/2026
2026-07-11,2026,3,South Central,2,9/3/2026
2026-07-11,2026,9,Northshore,1,9/3/2026
2026-07-12,2026,1,Southeast,1,9/3/2026
2026-07-12,2026,2,Capital Region,2,9/3/2026
2026-07-12,2026,3,South Central,2,9/3/2026
2026-07-12,2026,9,Northshore,1,9/3/2026
2026-07-13,2026,1,Southeast,0,9/3/2026
2026-07-13,2026,2,Capital Region,2,9/3/2026
2026-07-13,2026,3,South Central,0,9/3/2026
2026-07-13,2026,9,Northshore,1,9/3/2026
2026-07-14,2026,1,Southeast,0,9/3/2026
2026-07-14,2026,2,Capital Region,3,9/3/2026
2026-07-14,2026,3,South Central,0,9/3/2026
2026-07-14,2026,9,Northshore,0,9/3/2026
2026-07-15,2026,1,Southeast,6,9/3/2026
2026-07-15,2026,2,Capital Region,7,9/3/2026
2026-07-15,2026,3,South Central,4,9/3/2026
2026-07-15,2026,9,Northshore,8,9/3/2026
2026-07-16,2026,1,Southeast,5,9/3/2026
2026-07-16,2026,2,Capital Region,2,9/3/2026
2026-07-16,2026,3,South Central,9,9/3/2026
2026-07-16,2026,9,Northshore,8,9/3/2026
2026-07-17,2026,1,Southeast,7,9/3/2026
2026-07-17,2026,2,Capital Region,11,9/3/2026
2026-07-17,2026,3,South Central,7,9/3/2026
2026-07-17,2026,9,Northshore,7,9/3/2026
2026-07-18,2026,1,Southeast,7,9/3/2026
2026-07-18,2026,2,Capital Region,7,9/3/2026
2026-07-18,2026,3,South Central,10,9/3/2026
2026-07-18,2026,9,Northshore,8,9/3/2026
2026-07-19,2026,1,Southeast,15,9/3/2026
2026-07-19,2026,2,Capital Region,3,9/3/2026
2026-07-19,2026,3,South Central,3,9/3/2026
2026-07-19,2026,9,Northshore,3,9/3/2026
2026-07-20,2026,1,Southeast,9,9/3/2026
2026-07-20,2026,2,Capital Region,6,9/3/2026
2026-07-20,2026,3,South Central,8,9/3/2026
2026-07-20,2026,9,Northshore,7,9/3/2026
2026-07-21,2026,1,Southeast,15,9/3/2026
2026-07-21,2026,2,Capital Region,7,9/3/2026
2026-07-21,2026,3,South Central,4,9/3/2026
2026-07-21,2026,9,Northshore,7,9/3/2026
2026-07-22,2026,1,Southeast,2,9/3/2026
2026-07-22,2026,2,Capital Region,3,9/3/2026
2026-07-22,2026,3,South Central,2,9/3/2026
2026-07-22,2026,9,Northshore,7,9/3/2026
2026-07-23,2026,1,Southeast,7,9/3/2026
2026-07-23,2026,2,Capital Region,5,9/3/2026
2026-07-23,2026,3,South Central,5,9/3/2026
2026-07-23,2026,9,Northshore,4,9/3/2026
2026-07-24,2026,1,Southeast,5,9/3/2026
2026-07-24,2026,2,Capital Region,6,9/3/2026
2026-07-24,2026,3,South Central,1,9/3/2026
2026-07-24,2026,9,Northshore,7,9/3/2026
2026-07-25,2026,1,Southeast,9,9/3/2026
2026-07-25,2026,2,Capital Region,3,9/3/2026
2026-07-25,2026,3,South Central,3,9/3/2026
2026-07-25,2026,9,Northshore,10,9/3/2026
2026-07-26,2026,1,Southeast,12,9/3/2026
2026-07-26,2026,2,Capital Region,7,9/3/2026
2026-07-26,2026,3,South Central,4,9/3/2026
2026-07-26,2026,9,Northshore,9,9/3/2026
2026-07-27,2026,1,Southeast,7,9/3/2026
2026-07-27,2026,2,Capital Region,3,9/3/2026
2026-07-27,2026,3,South Central,4,9/3/2026
2026-07-27,2026,9,Northshore,7,9/3/2026
2026-07-28,2026,1,Southeast,10,9/3/2026
2026-07-28,2026,2,Capital Region,4,9/3/2026
2026-07-28,2026,3,South Central,8,9/3/2026
2026-07-28,2026,9,Northshore,10,9/3/2026
2026-07-29,2026,1,Southeast,7,9/3/2026
2026-07-29,2026,2,Capital Region,5,9/3/2026
2026-07-29,2026,3,South Central,7,9/3/2026
2026-07-29,2026,9,Northshore,12,9/3/2026
2026-07-30,2026,1,Southeast,14,9/3/2026
2026-07-30,2026,2,Capital Region,3,9/3/2026
2026-07-30,2026,3,South Central,6,9/3/2026
2026-07-30,2026,9,Northshore,13,9/3/2026
2026-07-31,2026,1,Southeast,12,9/3/2026
2026-07-31,2026,2,Capital Region,4,9/3/2026
2026-07-31,2026,3,South Central,5,9/3/2026
2026-07-31,2026,9,Northshore,8,9/3/2026
2026-08-01,2026,1,Southeast,11,9/3/2026
2026-08-01,2026,2,Capital Region,6,9/3/2026
2026-08-01,2026,3,South Central,3,9/3/2026
2026-08-01,2026,9,Northshore,4,9/3/2026
2026-08-02,2026,1,Southeast,3,9/3/2026
2026-08-02,2026,2,Capital Region,2,9/3/2026
2026-08-02,2026,3,South Central,3,9/3/2026
2026-08-02,2026,9,Northshore,3,9/3/2026
2026-08-03,2026,1,Southeast,6,9/3/2026
2026-08-03,2026,2,Capital Region,4,9/3/2026
2026-08-03,2026,3,South Central,5,9/3/2026
2026-08-03,2026,9,Northshore,3,9/3/2026
2026-08-04,2026,1,Southeast,7,9/3/2026
2026-08-04,2026,2,Capital Region,4,9/3/2026
2026-08-04,2026,3,South Central,5,9/3/2026
2026-08-04,2026,9,Northshore,5,9/3/2026
2026-08-05,2026,1,Southeast,10,9/3/2026
2026-08-05,2026,2,Capital Region,5,9/3/2026
2026-08-05,2026,3,South Central,5,9/3/2026
2026-08-05,2026,9,Northshore,7,9/3/2026
2026-08-06,2026,1,Southeast,3,9/3/2026
2026-08-06,2026,2,Capital Region,0,9/3/2026
2026-08-06,2026,3,South Central,3,9/3/2026
2026-08-06,2026,9,Northshore,2,9/3/2026
2026-08-07,2026,1,Southeast,6,9/3/2026
2026-08-07,2026,2,Capital Region,0,9/3/2026
2026-08-07,2026,3,South Central,3,9/3/2026
2026-08-07,2026,9,Northshore,2,9/3/2026
2026-08-08,2026,1,Southeast,10,9/3/2026
2026-08-08,2026,2,Capital Region,3,9/3/2026
2026-08-08,2026,3,South Central,2,9/3/2026
2026-08-08,2026,9,Northshore,4,9/3/2026
2026-08-09,2026,1,Southeast,8,9/3/2026
2026-08-09,2026,2,Capital Region,1,9/3/2026
2026-08-09,2026,3,South Central,3,9/3/2026
2026-08-09,2026,9,Northshore,1,9/3/2026
2026-08-10,2026,1,Southeast,9,9/3/2026
2026-08-10,2026,2,Capital Region,1,9/3/2026
2026-08-10,2026,3,South Central,1,9/3/2026
2026-08-10,2026,9,Northshore,0,9/3/2026
2026-08-11,2026,1,Southeast,8,9/3/2026
2026-08-11,2026,2,Capital Region,4,9/3/2026
2026-08-11,2026,3,South Central,4,9/3/2026
2026-08-11,2026,9,Northshore,8,9/3/2026
2026-08-12,2026,1,Southeast,5,9/3/2026
2026-08-12,2026,2,Capital Region,4,9/3/2026
2026-08-12,2026,3,South Central,8,9/3/2026
2026-08-12,2026,9,Northshore,4,9/3/2026
2026-08-13,2026,1,Southeast,10,9/3/2026
2026-08-13,2026,2,Capital Region,2,9/3/2026
2026-08-13,2026,3,South Central,6,9/3/2026
2026-08-13,2026,9,Northshore,7,9/3/2026
2026-08-14,2026,1,Southeast,12,9/3/2026
2026-08-14,2026,2,Capital Region,2,9/3/2026
2026-08-14,2026,3,South Central,6,9/3/2026
2026-08-14,2026,9,Northshore,4,9/3/2026
2026-08-15,2026,1,Southeast,9,9/3/2026
2026-08-15,2026,2,Capital Region,4,9/3/2026
2026-08-15,2026,3,South Central,3,9/3/2026
2026-08-15,2026,9,Northshore,4,9/3/2026
2026-08-16,2026,1,Southeast,6,9/3/2026
2026-08-16,2026,2,Capital Region,3,9/3/2026
2026-08-16,2026,3,South Central,4,9/3/2026
2026-08-16,2026,9,Northshore,5,9/3/2026
2026-08-17,2026,1,Southeast,8,9/3/2026
2026-08-17,2026,2,Capital Region,7,9/3/2026
2026-08-17,2026,3,South Central,3,9/3/2026
2026-08-17,2026,9,Northshore,7,9/3/2026
2026-08-18,2026,1,Southeast,10,9/3/2026
2026-08-18,2026,2,Capital Region,5,9/3/2026
2026-08-18,2026,3,South Central,11,9/3/2026
2026-08-18,2026,9,Northshore,11,9/3/2026
2026-08-19,2026,1,Southeast,5,9/3/2026
2026-08-19,2026,2,Capital Region,7,9/3/2026
2026-08-19,2026,3,South Central,5,9/3/2026
2026-08-19,2026,9,Northshore,10,9/3/2026
2026-08-20,2026,1,Southeast,7,9/3/2026
2026-08-20,2026,2,Capital Region,1,9/3/2026
2026-08-20,2026,3,South Central,6,9/3/2026
2026-08-20,2026,9,Northshore,9,9/3/2026
2026-08-21,2026,1,Southeast,7,9/3/2026
2026-08-21,2026,2,Capital Region,3,9/3/2026
2026-08-21,2026,3,South Central,11,9/3/2026
2026-08-21,2026,9,Northshore,4,9/3/2026
2026-08-22,2026,1,Southeast,5,9/3/2026
2026-08-22,2026,2,Capital Region,2,9/3/2026
2026-08-22,2026,3,South Central,3,9/3/2026
2026-08-22,2026,9,Northshore,7,9/3/2026
2026-08-23,2026,1,Southeast,11,9/3/2026
2026-08-23,2026,2,Capital Region,3,9/3/2026
2026-08-23,2026,3,South Central,6,9/3/2026
2026-08-23,2026,9,Northshore,6,9/3/2026
2026-08-24,2026,1,Southeast,5,9/3/2026
2026-08-24,2026,2,Capital Region,2,9/3/2026
2026-08-24,2026,3,South Central,0,9/3/2026
2026-08-24,2026,9,Northshore,6,9/3/2026
2026-08-25,2026,1,Southeast,6,9/3/2026
2026-08-25,2026,2,Capital Region,5,9/3/2026
2026-08-25,2026,3,South Central,7,9/3/2026
2026-08-25,2026,9,Northshore,10,9/3/2026
2026-08-26,2026,1,Southeast,7,9/3/2026
2026-08-26,2026,2,Capital Region,3,9/3/2026
2026-08-26,2026,3,South Central,5,9/3/2026
2026-08-26,2026,9,Northshore,6,9/3/2026
2026-08-27,2026,1,Southeast,3,9/3/2026
2026-08-27,2026,2,Capital Region,2,9/3/2026
2026-08-27,2026,3,South Central,2,9/3/2026
2026-08-27,2026,9,Northshore,3,9/3/2026
2026-08-28,2026,1,Southeast,8,9/3/2026
2026-08-28,2026,2,Capital Region,1,9/3/2026
2026-08-28,2026,3,South Central,2,9/3/2026
2026-08-28,2026,9,Northshore,5,9/3/2026
2026-08-29,2026,1,Southeast,10,9/3/2026
2026-08-29,2026,2,Capital Region,2,9/3/2026
2026-08-29,2026,3,South Central,1,9/3/2026
2026-08-29,2026,9,Northshore,3,9/3/2026
