date,ldh_region,regional_wbgt_max_f,wbgt_points,wbgt_expected_points,source_model
2023-01-01,1,69.33,4,4,era5
2023-01-01,2,73.19,7,7,era5
2023-01-01,3,75.05,6,6,era5
2023-01-01,9,69.23,5,5,era5
2023-01-02,1,75.89,4,4,era5
2023-01-02,2,79.21,7,7,era5
2023-01-02,3,78.67,6,6,era5
2023-01-02,9,77.93,5,5,era5
2023-01-03,1,75.35,4,4,era5
2023-01-03,2,73.84,7,7,era5
2023-01-03,3,74.74,6,6,era5
2023-01-03,9,74.55,5,5,era5
2023-01-04,1,71.72,4,4,era5
2023-01-04,2,70.56,7,7,era5
2023-01-04,3,70.74,6,6,era5
2023-01-04,9,69.95,5,5,era5
2023-01-05,1,68.24,4,4,era5
2023-01-05,2,65.87,7,7,era5
2023-01-05,3,68.78,6,6,era5
2023-01-05,9,65.67,5,5,era5
2023-01-06,1,64.08,4,4,era5
2023-01-06,2,68.16,7,7,era5
2023-01-06,3,67.38,6,6,era5
2023-01-06,9,66.48,5,5,era5
2023-01-07,1,72.77,4,4,era5
2023-01-07,2,74.41,7,7,era5
2023-01-07,3,73.95,6,6,era5
2023-01-07,9,74.49,5,5,era5
2023-01-08,1,67.81,4,4,era5
2023-01-08,2,65.67,7,7,era5
2023-01-08,3,69.77,6,6,era5
2023-01-08,9,67.48,5,5,era5
2023-01-09,1,63.80,4,4,era5
2023-01-09,2,67.25,7,7,era5
2023-01-09,3,65.26,6,6,era5
2023-01-09,9,68.85,5,5,era5
2023-01-10,1,71.82,4,4,era5
2023-01-10,2,71.00,7,7,era5
2023-01-10,3,72.03,6,6,era5
2023-01-10,9,70.03,5,5,era5
2023-01-11,1,74.58,4,4,era5
2023-01-11,2,75.91,7,7,era5
2023-01-11,3,75.56,6,6,era5
2023-01-11,9,75.82,5,5,era5
2023-01-12,1,72.35,4,4,era5
2023-01-12,2,71.34,7,7,era5
2023-01-12,3,72.53,6,6,era5
2023-01-12,9,72.47,5,5,era5
2023-01-13,1,54.67,4,4,era5
2023-01-13,2,53.87,7,7,era5
2023-01-13,3,55.01,6,6,era5
2023-01-13,9,54.04,5,5,era5
2023-01-14,1,57.02,4,4,era5
2023-01-14,2,63.84,7,7,era5
2023-01-14,3,60.45,6,6,era5
2023-01-14,9,60.33,5,5,era5
2023-01-15,1,63.32,4,4,era5
2023-01-15,2,60.96,7,7,era5
2023-01-15,3,62.82,6,6,era5
2023-01-15,9,63.12,5,5,era5
2023-01-16,1,69.13,4,4,era5
2023-01-16,2,68.99,7,7,era5
2023-01-16,3,69.06,6,6,era5
2023-01-16,9,69.43,5,5,era5
2023-01-17,1,75.73,4,4,era5
2023-01-17,2,76.91,7,7,era5
2023-01-17,3,76.15,6,6,era5
2023-01-17,9,77.47,5,5,era5
2023-01-18,1,74.76,4,4,era5
2023-01-18,2,75.64,7,7,era5
2023-01-18,3,75.04,6,6,era5
2023-01-18,9,75.33,5,5,era5
2023-01-19,1,68.45,4,4,era5
2023-01-19,2,67.53,7,7,era5
2023-01-19,3,68.90,6,6,era5
2023-01-19,9,66.99,5,5,era5
2023-01-20,1,55.99,4,4,era5
2023-01-20,2,56.03,7,7,era5
2023-01-20,3,55.58,6,6,era5
2023-01-20,9,58.48,5,5,era5
2023-01-21,1,56.64,4,4,era5
2023-01-21,2,53.73,7,7,era5
2023-01-21,3,58.99,6,6,era5
2023-01-21,9,52.61,5,5,era5
2023-01-22,1,57.48,4,4,era5
2023-01-22,2,58.33,7,7,era5
2023-01-22,3,60.06,6,6,era5
2023-01-22,9,57.63,5,5,era5
2023-01-23,1,60.05,4,4,era5
2023-01-23,2,62.16,7,7,era5
2023-01-23,3,60.03,6,6,era5
2023-01-23,9,63.43,5,5,era5
2023-01-24,1,60.79,4,4,era5
2023-01-24,2,58.01,7,7,era5
2023-01-24,3,61.34,6,6,era5
2023-01-24,9,57.65,5,5,era5
2023-01-25,1,54.88,4,4,era5
2023-01-25,2,52.05,7,7,era5
2023-01-25,3,54.65,6,6,era5
2023-01-25,9,53.79,5,5,era5
2023-01-26,1,57.34,4,4,era5
2023-01-26,2,55.93,7,7,era5
2023-01-26,3,57.35,6,6,era5
2023-01-26,9,56.72,5,5,era5
2023-01-27,1,57.97,4,4,era5
2023-01-27,2,59.62,7,7,era5
2023-01-27,3,59.81,6,6,era5
2023-01-27,9,58.88,5,5,era5
2023-01-28,1,65.79,4,4,era5
2023-01-28,2,77.20,7,7,era5
2023-01-28,3,73.89,6,6,era5
2023-01-28,9,65.79,5,5,era5
2023-01-29,1,71.42,4,4,era5
2023-01-29,2,77.61,7,7,era5
2023-01-29,3,85.05,6,6,era5
2023-01-29,9,71.07,5,5,era5
2023-01-30,1,76.68,4,4,era5
2023-01-30,2,81.51,7,7,era5
2023-01-30,3,97.59,6,6,era5
2023-01-30,9,76.85,5,5,era5
2023-01-31,1,70.87,4,4,era5
2023-01-31,2,62.27,7,7,era5
2023-01-31,3,92.93,6,6,era5
2023-01-31,9,71.63,5,5,era5
2023-02-01,1,59.62,4,4,era5
2023-02-01,2,49.28,6,7,era5
2023-02-01,3,57.94,6,6,era5
2023-02-01,9,52.63,5,5,era5
2023-02-02,1,67.63,4,4,era5
2023-02-02,2,48.52,4,7,era5
2023-02-02,3,65.72,6,6,era5
2023-02-02,9,53.15,5,5,era5
2023-02-03,1,85.68,4,4,era5
2023-02-03,2,73.24,7,7,era5
2023-02-03,3,75.90,6,6,era5
2023-02-03,9,88.67,5,5,era5
2023-02-04,1,87.22,4,4,era5
2023-02-04,2,77.71,7,7,era5
2023-02-04,3,81.46,6,6,era5
2023-02-04,9,86.51,5,5,era5
2023-02-05,1,95.45,4,4,era5
2023-02-05,2,73.94,7,7,era5
2023-02-05,3,83.40,6,6,era5
2023-02-05,9,94.51,5,5,era5
2023-02-06,1,84.19,4,4,era5
2023-02-06,2,80.12,7,7,era5
2023-02-06,3,80.58,6,6,era5
2023-02-06,9,83.41,5,5,era5
2023-02-07,1,84.29,4,4,era5
2023-02-07,2,78.92,7,7,era5
2023-02-07,3,79.49,6,6,era5
2023-02-07,9,80.75,5,5,era5
2023-02-08,1,75.73,4,4,era5
2023-02-08,2,78.20,7,7,era5
2023-02-08,3,78.55,6,6,era5
2023-02-08,9,76.37,5,5,era5
2023-02-09,1,61.86,4,4,era5
2023-02-09,2,79.68,7,7,era5
2023-02-09,3,68.75,6,6,era5
2023-02-09,9,78.24,5,5,era5
2023-02-10,1,57.63,4,4,era5
2023-02-10,2,60.98,7,7,era5
2023-02-10,3,57.60,6,6,era5
2023-02-10,9,60.25,5,5,era5
2023-02-11,1,57.68,4,4,era5
2023-02-11,2,53.15,7,7,era5
2023-02-11,3,56.10,6,6,era5
2023-02-11,9,55.10,5,5,era5
2023-02-12,1,70.65,4,4,era5
2023-02-12,2,70.70,7,7,era5
2023-02-12,3,70.44,6,6,era5
2023-02-12,9,71.24,5,5,era5
2023-02-13,1,76.44,4,4,era5
2023-02-13,2,77.07,7,7,era5
2023-02-13,3,75.98,6,6,era5
2023-02-13,9,77.27,5,5,era5
2023-02-14,1,75.10,4,4,era5
2023-02-14,2,69.38,7,7,era5
2023-02-14,3,74.18,6,6,era5
2023-02-14,9,70.67,5,5,era5
2023-02-15,1,77.22,4,4,era5
2023-02-15,2,77.20,7,7,era5
2023-02-15,3,79.44,6,6,era5
2023-02-15,9,79.34,5,5,era5
2023-02-16,1,75.40,4,4,era5
2023-02-16,2,73.93,7,7,era5
2023-02-16,3,76.70,6,6,era5
2023-02-16,9,73.88,5,5,era5
2023-02-17,1,51.83,4,4,era5
2023-02-17,2,49.58,7,7,era5
2023-02-17,3,51.77,6,6,era5
2023-02-17,9,50.87,5,5,era5
2023-02-18,1,62.00,4,4,era5
2023-02-18,2,64.56,7,7,era5
2023-02-18,3,66.83,6,6,era5
2023-02-18,9,65.60,5,5,era5
2023-02-19,1,72.35,4,4,era5
2023-02-19,2,68.63,7,7,era5
2023-02-19,3,70.49,6,6,era5
2023-02-19,9,70.48,5,5,era5
2023-02-20,1,75.30,4,4,era5
2023-02-20,2,74.05,7,7,era5
2023-02-20,3,74.49,6,6,era5
2023-02-20,9,74.16,5,5,era5
2023-02-21,1,76.55,4,4,era5
2023-02-21,2,77.15,7,7,era5
2023-02-21,3,77.30,6,6,era5
2023-02-21,9,77.66,5,5,era5
2023-02-22,1,78.85,4,4,era5
2023-02-22,2,77.81,7,7,era5
2023-02-22,3,78.80,6,6,era5
2023-02-22,9,79.63,5,5,era5
2023-02-23,1,80.33,4,4,era5
2023-02-23,2,82.92,7,7,era5
2023-02-23,3,80.94,6,6,era5
2023-02-23,9,82.16,5,5,era5
2023-02-24,1,78.60,4,4,era5
2023-02-24,2,79.22,7,7,era5
2023-02-24,3,79.96,6,6,era5
2023-02-24,9,79.50,5,5,era5
2023-02-25,1,80.78,4,4,era5
2023-02-25,2,80.31,7,7,era5
2023-02-25,3,80.95,6,6,era5
2023-02-25,9,80.72,5,5,era5
2023-02-26,1,77.02,4,4,era5
2023-02-26,2,77.37,7,7,era5
2023-02-26,3,77.70,6,6,era5
2023-02-26,9,77.75,5,5,era5
2023-02-27,1,77.69,4,4,era5
2023-02-27,2,76.04,7,7,era5
2023-02-27,3,77.88,6,6,era5
2023-02-27,9,77.37,5,5,era5
2023-02-28,1,79.54,4,4,era5
2023-02-28,2,80.69,7,7,era5
2023-02-28,3,79.82,6,6,era5
2023-02-28,9,81.79,5,5,era5
2023-03-01,1,78.61,4,4,era5
2023-03-01,2,80.60,7,7,era5
2023-03-01,3,80.40,6,6,era5
2023-03-01,9,80.15,5,5,era5
2023-03-02,1,79.70,4,4,era5
2023-03-02,2,80.76,7,7,era5
2023-03-02,3,80.83,6,6,era5
2023-03-02,9,80.26,5,5,era5
2023-03-03,1,73.79,4,4,era5
2023-03-03,2,72.10,7,7,era5
2023-03-03,3,72.21,6,6,era5
2023-03-03,9,72.38,5,5,era5
2023-03-04,1,74.55,4,4,era5
2023-03-04,2,73.30,7,7,era5
2023-03-04,3,74.68,6,6,era5
2023-03-04,9,74.79,5,5,era5
2023-03-05,1,76.03,4,4,era5
2023-03-05,2,78.24,7,7,era5
2023-03-05,3,77.63,6,6,era5
2023-03-05,9,76.06,5,5,era5
2023-03-06,1,81.05,4,4,era5
2023-03-06,2,81.46,7,7,era5
2023-03-06,3,81.02,6,6,era5
2023-03-06,9,82.63,5,5,era5
2023-03-07,1,83.52,4,4,era5
2023-03-07,2,82.68,7,7,era5
2023-03-07,3,82.64,6,6,era5
2023-03-07,9,82.57,5,5,era5
2023-03-08,1,86.08,4,4,era5
2023-03-08,2,83.13,7,7,era5
2023-03-08,3,83.13,6,6,era5
2023-03-08,9,82.54,5,5,era5
2023-03-09,1,82.66,4,4,era5
2023-03-09,2,79.74,7,7,era5
2023-03-09,3,81.65,6,6,era5
2023-03-09,9,79.69,5,5,era5
2023-03-10,1,76.97,4,4,era5
2023-03-10,2,74.57,7,7,era5
2023-03-10,3,79.09,6,6,era5
2023-03-10,9,75.76,5,5,era5
2023-03-11,1,75.89,4,4,era5
2023-03-11,2,77.07,7,7,era5
2023-03-11,3,77.34,6,6,era5
2023-03-11,9,76.67,5,5,era5
2023-03-12,1,77.61,4,4,era5
2023-03-12,2,77.61,7,7,era5
2023-03-12,3,77.83,6,6,era5
2023-03-12,9,77.82,5,5,era5
2023-03-13,1,61.32,4,4,era5
2023-03-13,2,62.52,7,7,era5
2023-03-13,3,61.84,6,6,era5
2023-03-13,9,62.65,5,5,era5
2023-03-14,1,59.08,4,4,era5
2023-03-14,2,58.86,7,7,era5
2023-03-14,3,58.54,6,6,era5
2023-03-14,9,59.45,5,5,era5
2023-03-15,1,62.64,4,4,era5
2023-03-15,2,67.87,7,7,era5
2023-03-15,3,65.17,6,6,era5
2023-03-15,9,69.22,5,5,era5
2023-03-16,1,70.38,4,4,era5
2023-03-16,2,71.81,7,7,era5
2023-03-16,3,71.56,6,6,era5
2023-03-16,9,70.87,5,5,era5
2023-03-17,1,69.47,4,4,era5
2023-03-17,2,62.70,7,7,era5
2023-03-17,3,68.49,6,6,era5
2023-03-17,9,64.95,5,5,era5
2023-03-18,1,52.35,4,4,era5
2023-03-18,2,51.49,7,7,era5
2023-03-18,3,50.72,6,6,era5
2023-03-18,9,51.74,5,5,era5
2023-03-19,1,49.85,4,4,era5
2023-03-19,2,50.20,7,7,era5
2023-03-19,3,50.80,6,6,era5
2023-03-19,9,50.61,5,5,era5
2023-03-20,1,54.26,4,4,era5
2023-03-20,2,56.36,7,7,era5
2023-03-20,3,54.79,6,6,era5
2023-03-20,9,58.57,5,5,era5
2023-03-21,1,66.25,4,4,era5
2023-03-21,2,69.37,7,7,era5
2023-03-21,3,68.83,6,6,era5
2023-03-21,9,67.27,5,5,era5
2023-03-22,1,74.43,4,4,era5
2023-03-22,2,76.02,7,7,era5
2023-03-22,3,76.47,6,6,era5
2023-03-22,9,75.78,5,5,era5
2023-03-23,1,77.90,4,4,era5
2023-03-23,2,79.58,7,7,era5
2023-03-23,3,79.62,6,6,era5
2023-03-23,9,79.61,5,5,era5
2023-03-24,1,77.71,4,4,era5
2023-03-24,2,78.57,7,7,era5
2023-03-24,3,79.15,6,6,era5
2023-03-24,9,78.81,5,5,era5
2023-03-25,1,82.11,4,4,era5
2023-03-25,2,86.29,7,7,era5
2023-03-25,3,82.73,6,6,era5
2023-03-25,9,83.34,5,5,era5
2023-03-26,1,81.33,4,4,era5
2023-03-26,2,83.31,7,7,era5
2023-03-26,3,82.48,6,6,era5
2023-03-26,9,85.55,5,5,era5
2023-03-27,1,79.37,4,4,era5
2023-03-27,2,85.29,7,7,era5
2023-03-27,3,82.50,6,6,era5
2023-03-27,9,87.34,5,5,era5
2023-03-28,1,76.69,4,4,era5
2023-03-28,2,74.29,7,7,era5
2023-03-28,3,77.22,6,6,era5
2023-03-28,9,76.46,5,5,era5
2023-03-29,1,61.47,4,4,era5
2023-03-29,2,64.92,7,7,era5
2023-03-29,3,63.29,6,6,era5
2023-03-29,9,64.63,5,5,era5
2023-03-30,1,72.03,4,4,era5
2023-03-30,2,74.25,7,7,era5
2023-03-30,3,74.12,6,6,era5
2023-03-30,9,73.40,5,5,era5
2023-03-31,1,78.55,4,4,era5
2023-03-31,2,78.82,7,7,era5
2023-03-31,3,79.37,6,6,era5
2023-03-31,9,78.13,5,5,era5
2023-04-01,1,82.27,4,4,era5
2023-04-01,2,79.91,7,7,era5
2023-04-01,3,82.92,6,6,era5
2023-04-01,9,81.06,5,5,era5
2023-04-02,1,73.27,4,4,era5
2023-04-02,2,76.63,7,7,era5
2023-04-02,3,77.26,6,6,era5
2023-04-02,9,73.68,5,5,era5
2023-04-03,1,81.59,4,4,era5
2023-04-03,2,81.99,7,7,era5
2023-04-03,3,81.86,6,6,era5
2023-04-03,9,81.68,5,5,era5
2023-04-04,1,80.71,4,4,era5
2023-04-04,2,82.55,7,7,era5
2023-04-04,3,82.20,6,6,era5
2023-04-04,9,82.00,5,5,era5
2023-04-05,1,81.13,4,4,era5
2023-04-05,2,82.80,7,7,era5
2023-04-05,3,82.33,6,6,era5
2023-04-05,9,82.16,5,5,era5
2023-04-06,1,82.00,4,4,era5
2023-04-06,2,82.25,7,7,era5
2023-04-06,3,82.21,6,6,era5
2023-04-06,9,83.09,5,5,era5
2023-04-07,1,76.98,4,4,era5
2023-04-07,2,70.57,7,7,era5
2023-04-07,3,76.75,6,6,era5
2023-04-07,9,73.76,5,5,era5
2023-04-08,1,74.11,4,4,era5
2023-04-08,2,69.70,7,7,era5
2023-04-08,3,73.68,6,6,era5
2023-04-08,9,72.29,5,5,era5
2023-04-09,1,63.66,4,4,era5
2023-04-09,2,65.22,7,7,era5
2023-04-09,3,64.15,6,6,era5
2023-04-09,9,64.75,5,5,era5
2023-04-10,1,69.96,4,4,era5
2023-04-10,2,69.68,7,7,era5
2023-04-10,3,70.09,6,6,era5
2023-04-10,9,70.88,5,5,era5
2023-04-11,1,69.24,4,4,era5
2023-04-11,2,71.95,7,7,era5
2023-04-11,3,69.92,6,6,era5
2023-04-11,9,72.74,5,5,era5
2023-04-12,1,68.45,4,4,era5
2023-04-12,2,69.61,7,7,era5
2023-04-12,3,69.40,6,6,era5
2023-04-12,9,67.68,5,5,era5
2023-04-13,1,68.02,4,4,era5
2023-04-13,2,67.72,7,7,era5
2023-04-13,3,68.63,6,6,era5
2023-04-13,9,67.10,5,5,era5
2023-04-14,1,76.68,4,4,era5
2023-04-14,2,78.02,7,7,era5
2023-04-14,3,77.58,6,6,era5
2023-04-14,9,76.37,5,5,era5
2023-04-15,1,76.26,4,4,era5
2023-04-15,2,79.33,7,7,era5
2023-04-15,3,77.76,6,6,era5
2023-04-15,9,78.36,5,5,era5
2023-04-16,1,68.86,4,4,era5
2023-04-16,2,67.18,7,7,era5
2023-04-16,3,69.20,6,6,era5
2023-04-16,9,68.44,5,5,era5
2023-04-17,1,69.52,4,4,era5
2023-04-17,2,72.67,7,7,era5
2023-04-17,3,72.04,6,6,era5
2023-04-17,9,71.60,5,5,era5
2023-04-18,1,71.76,4,4,era5
2023-04-18,2,68.64,7,7,era5
2023-04-18,3,70.44,6,6,era5
2023-04-18,9,71.86,5,5,era5
2023-04-19,1,74.62,4,4,era5
2023-04-19,2,77.79,7,7,era5
2023-04-19,3,76.50,6,6,era5
2023-04-19,9,75.54,5,5,era5
2023-04-20,1,78.16,4,4,era5
2023-04-20,2,79.07,7,7,era5
2023-04-20,3,79.08,6,6,era5
2023-04-20,9,77.77,5,5,era5
2023-04-21,1,77.96,4,4,era5
2023-04-21,2,75.15,7,7,era5
2023-04-21,3,77.88,6,6,era5
2023-04-21,9,76.59,5,5,era5
2023-04-22,1,71.56,4,4,era5
2023-04-22,2,71.89,7,7,era5
2023-04-22,3,71.53,6,6,era5
2023-04-22,9,71.97,5,5,era5
2023-04-23,1,70.88,4,4,era5
2023-04-23,2,72.18,7,7,era5
2023-04-23,3,72.83,6,6,era5
2023-04-23,9,72.85,5,5,era5
2023-04-24,1,66.79,4,4,era5
2023-04-24,2,68.76,7,7,era5
2023-04-24,3,67.31,6,6,era5
2023-04-24,9,69.36,5,5,era5
2023-04-25,1,75.59,4,4,era5
2023-04-25,2,78.31,7,7,era5
2023-04-25,3,76.51,6,6,era5
2023-04-25,9,79.60,5,5,era5
2023-04-26,1,77.56,4,4,era5
2023-04-26,2,80.66,7,7,era5
2023-04-26,3,79.87,6,6,era5
2023-04-26,9,79.71,5,5,era5
2023-04-27,1,80.89,4,4,era5
2023-04-27,2,79.97,7,7,era5
2023-04-27,3,80.82,6,6,era5
2023-04-27,9,81.04,5,5,era5
2023-04-28,1,78.14,4,4,era5
2023-04-28,2,79.60,7,7,era5
2023-04-28,3,78.91,6,6,era5
2023-04-28,9,79.17,5,5,era5
2023-04-29,1,78.66,4,4,era5
2023-04-29,2,72.43,7,7,era5
2023-04-29,3,76.88,6,6,era5
2023-04-29,9,75.68,5,5,era5
2023-04-30,1,72.80,4,4,era5
2023-04-30,2,73.36,7,7,era5
2023-04-30,3,73.26,6,6,era5
2023-04-30,9,72.90,5,5,era5
2023-05-01,1,75.65,4,4,era5
2023-05-01,2,73.43,7,7,era5
2023-05-01,3,75.58,6,6,era5
2023-05-01,9,73.33,5,5,era5
2023-05-02,1,80.50,4,4,era5
2023-05-02,2,78.15,7,7,era5
2023-05-02,3,82.60,6,6,era5
2023-05-02,9,77.18,5,5,era5
2023-05-03,1,81.89,4,4,era5
2023-05-03,2,78.08,7,7,era5
2023-05-03,3,83.45,6,6,era5
2023-05-03,9,78.36,5,5,era5
2023-05-04,1,80.17,4,4,era5
2023-05-04,2,83.21,7,7,era5
2023-05-04,3,81.12,6,6,era5
2023-05-04,9,82.04,5,5,era5
2023-05-05,1,82.16,4,4,era5
2023-05-05,2,84.48,7,7,era5
2023-05-05,3,84.42,6,6,era5
2023-05-05,9,83.55,5,5,era5
2023-05-06,1,79.05,4,4,era5
2023-05-06,2,80.85,7,7,era5
2023-05-06,3,79.66,6,6,era5
2023-05-06,9,79.66,5,5,era5
2023-05-07,1,82.72,4,4,era5
2023-05-07,2,83.40,7,7,era5
2023-05-07,3,83.39,6,6,era5
2023-05-07,9,82.46,5,5,era5
2023-05-08,1,83.85,4,4,era5
2023-05-08,2,83.18,7,7,era5
2023-05-08,3,82.92,6,6,era5
2023-05-08,9,82.44,5,5,era5
2023-05-09,1,82.90,4,4,era5
2023-05-09,2,82.71,7,7,era5
2023-05-09,3,82.49,6,6,era5
2023-05-09,9,83.62,5,5,era5
2023-05-10,1,81.48,4,4,era5
2023-05-10,2,81.63,7,7,era5
2023-05-10,3,81.83,6,6,era5
2023-05-10,9,81.90,5,5,era5
2023-05-11,1,82.74,4,4,era5
2023-05-11,2,84.49,7,7,era5
2023-05-11,3,84.55,6,6,era5
2023-05-11,9,84.41,5,5,era5
2023-05-12,1,84.31,4,4,era5
2023-05-12,2,85.54,7,7,era5
2023-05-12,3,85.34,6,6,era5
2023-05-12,9,85.73,5,5,era5
2023-05-13,1,83.27,4,4,era5
2023-05-13,2,85.36,7,7,era5
2023-05-13,3,84.64,6,6,era5
2023-05-13,9,84.82,5,5,era5
2023-05-14,1,86.95,4,4,era5
2023-05-14,2,87.04,7,7,era5
2023-05-14,3,86.40,6,6,era5
2023-05-14,9,87.51,5,5,era5
2023-05-15,1,91.13,4,4,era5
2023-05-15,2,93.09,7,7,era5
2023-05-15,3,90.02,6,6,era5
2023-05-15,9,93.69,5,5,era5
2023-05-16,1,87.77,4,4,era5
2023-05-16,2,87.13,7,7,era5
2023-05-16,3,87.99,6,6,era5
2023-05-16,9,90.50,5,5,era5
2023-05-17,1,85.25,4,4,era5
2023-05-17,2,84.15,7,7,era5
2023-05-17,3,85.13,6,6,era5
2023-05-17,9,86.45,5,5,era5
2023-05-18,1,86.37,4,4,era5
2023-05-18,2,83.97,7,7,era5
2023-05-18,3,85.32,6,6,era5
2023-05-18,9,85.70,5,5,era5
2023-05-19,1,84.76,4,4,era5
2023-05-19,2,88.34,7,7,era5
2023-05-19,3,87.03,6,6,era5
2023-05-19,9,87.84,5,5,era5
2023-05-20,1,87.01,4,4,era5
2023-05-20,2,87.83,7,7,era5
2023-05-20,3,89.04,6,6,era5
2023-05-20,9,88.23,5,5,era5
2023-05-21,1,84.16,4,4,era5
2023-05-21,2,80.31,7,7,era5
2023-05-21,3,84.25,6,6,era5
2023-05-21,9,81.94,5,5,era5
2023-05-22,1,87.74,4,4,era5
2023-05-22,2,85.48,7,7,era5
2023-05-22,3,87.51,6,6,era5
2023-05-22,9,86.27,5,5,era5
2023-05-23,1,86.68,4,4,era5
2023-05-23,2,83.73,7,7,era5
2023-05-23,3,86.92,6,6,era5
2023-05-23,9,86.70,5,5,era5
2023-05-24,1,81.13,4,4,era5
2023-05-24,2,81.04,7,7,era5
2023-05-24,3,82.28,6,6,era5
2023-05-24,9,79.29,5,5,era5
2023-05-25,1,79.12,4,4,era5
2023-05-25,2,80.21,7,7,era5
2023-05-25,3,80.02,6,6,era5
2023-05-25,9,81.33,5,5,era5
2023-05-26,1,79.03,4,4,era5
2023-05-26,2,78.26,7,7,era5
2023-05-26,3,78.44,6,6,era5
2023-05-26,9,78.83,5,5,era5
2023-05-27,1,78.76,4,4,era5
2023-05-27,2,80.99,7,7,era5
2023-05-27,3,80.60,6,6,era5
2023-05-27,9,82.86,5,5,era5
2023-05-28,1,83.31,4,4,era5
2023-05-28,2,86.16,7,7,era5
2023-05-28,3,82.65,6,6,era5
2023-05-28,9,85.80,5,5,era5
2023-05-29,1,87.49,4,4,era5
2023-05-29,2,86.51,7,7,era5
2023-05-29,3,84.74,6,6,era5
2023-05-29,9,86.14,5,5,era5
2023-05-30,1,85.30,4,4,era5
2023-05-30,2,88.24,7,7,era5
2023-05-30,3,83.27,6,6,era5
2023-05-30,9,88.29,5,5,era5
2023-05-31,1,84.48,4,4,era5
2023-05-31,2,88.27,7,7,era5
2023-05-31,3,87.02,6,6,era5
2023-05-31,9,88.31,5,5,era5
2023-06-01,1,82.79,4,4,era5
2023-06-01,2,83.54,7,7,era5
2023-06-01,3,82.75,6,6,era5
2023-06-01,9,83.44,5,5,era5
2023-06-02,1,85.65,4,4,era5
2023-06-02,2,85.60,7,7,era5
2023-06-02,3,84.18,6,6,era5
2023-06-02,9,87.06,5,5,era5
2023-06-03,1,88.90,4,4,era5
2023-06-03,2,86.58,7,7,era5
2023-06-03,3,86.43,6,6,era5
2023-06-03,9,88.28,5,5,era5
2023-06-04,1,90.24,4,4,era5
2023-06-04,2,88.25,7,7,era5
2023-06-04,3,90.66,6,6,era5
2023-06-04,9,89.31,5,5,era5
2023-06-05,1,83.27,4,4,era5
2023-06-05,2,82.81,7,7,era5
2023-06-05,3,82.91,6,6,era5
2023-06-05,9,84.76,5,5,era5
2023-06-06,1,82.40,4,4,era5
2023-06-06,2,86.35,7,7,era5
2023-06-06,3,84.56,6,6,era5
2023-06-06,9,86.44,5,5,era5
2023-06-07,1,89.21,4,4,era5
2023-06-07,2,88.41,7,7,era5
2023-06-07,3,88.62,6,6,era5
2023-06-07,9,91.25,5,5,era5
2023-06-08,1,88.97,4,4,era5
2023-06-08,2,91.79,7,7,era5
2023-06-08,3,92.20,6,6,era5
2023-06-08,9,93.35,5,5,era5
2023-06-09,1,92.40,4,4,era5
2023-06-09,2,92.55,7,7,era5
2023-06-09,3,92.88,6,6,era5
2023-06-09,9,92.90,5,5,era5
2023-06-10,1,90.04,4,4,era5
2023-06-10,2,90.06,7,7,era5
2023-06-10,3,90.37,6,6,era5
2023-06-10,9,90.20,5,5,era5
2023-06-11,1,85.83,4,4,era5
2023-06-11,2,87.17,7,7,era5
2023-06-11,3,86.13,6,6,era5
2023-06-11,9,87.55,5,5,era5
2023-06-12,1,88.00,4,4,era5
2023-06-12,2,89.69,7,7,era5
2023-06-12,3,88.21,6,6,era5
2023-06-12,9,89.15,5,5,era5
2023-06-13,1,88.81,4,4,era5
2023-06-13,2,89.22,7,7,era5
2023-06-13,3,88.71,6,6,era5
2023-06-13,9,89.10,5,5,era5
2023-06-14,1,87.27,4,4,era5
2023-06-14,2,88.31,7,7,era5
2023-06-14,3,87.81,6,6,era5
2023-06-14,9,88.21,5,5,era5
2023-06-15,1,88.49,4,4,era5
2023-06-15,2,90.48,7,7,era5
2023-06-15,3,88.89,6,6,era5
2023-06-15,9,89.51,5,5,era5
2023-06-16,1,88.36,4,4,era5
2023-06-16,2,89.19,7,7,era5
2023-06-16,3,88.68,6,6,era5
2023-06-16,9,89.23,5,5,era5
2023-06-17,1,90.10,4,4,era5
2023-06-17,2,92.93,7,7,era5
2023-06-17,3,90.23,6,6,era5
2023-06-17,9,91.29,5,5,era5
2023-06-18,1,90.31,4,4,era5
2023-06-18,2,91.20,7,7,era5
2023-06-18,3,89.50,6,6,era5
2023-06-18,9,91.88,5,5,era5
2023-06-19,1,90.04,4,4,era5
2023-06-19,2,92.40,7,7,era5
2023-06-19,3,89.63,6,6,era5
2023-06-19,9,90.80,5,5,era5
2023-06-20,1,87.04,4,4,era5
2023-06-20,2,91.38,7,7,era5
2023-06-20,3,90.99,6,6,era5
2023-06-20,9,89.52,5,5,era5
2023-06-21,1,88.30,4,4,era5
2023-06-21,2,90.74,7,7,era5
2023-06-21,3,89.13,6,6,era5
2023-06-21,9,88.51,5,5,era5
2023-06-22,1,94.15,4,4,era5
2023-06-22,2,92.46,7,7,era5
2023-06-22,3,90.57,6,6,era5
2023-06-22,9,91.84,5,5,era5
2023-06-23,1,93.25,4,4,era5
2023-06-23,2,94.05,7,7,era5
2023-06-23,3,91.93,6,6,era5
2023-06-23,9,91.57,5,5,era5
2023-06-24,1,90.67,4,4,era5
2023-06-24,2,90.58,7,7,era5
2023-06-24,3,91.45,6,6,era5
2023-06-24,9,90.70,5,5,era5
2023-06-25,1,89.87,4,4,era5
2023-06-25,2,90.90,7,7,era5
2023-06-25,3,89.92,6,6,era5
2023-06-25,9,90.74,5,5,era5
2023-06-26,1,87.76,4,4,era5
2023-06-26,2,87.93,7,7,era5
2023-06-26,3,87.92,6,6,era5
2023-06-26,9,87.59,5,5,era5
2023-06-27,1,90.47,4,4,era5
2023-06-27,2,91.81,7,7,era5
2023-06-27,3,90.59,6,6,era5
2023-06-27,9,91.92,5,5,era5
2023-06-28,1,92.12,4,4,era5
2023-06-28,2,97.32,7,7,era5
2023-06-28,3,94.90,6,6,era5
2023-06-28,9,95.65,5,5,era5
2023-06-29,1,96.65,4,4,era5
2023-06-29,2,97.39,7,7,era5
2023-06-29,3,97.02,6,6,era5
2023-06-29,9,98.67,5,5,era5
2023-06-30,1,93.93,4,4,era5
2023-06-30,2,97.76,7,7,era5
2023-06-30,3,95.86,6,6,era5
2023-06-30,9,96.54,5,5,era5
2023-07-01,1,92.13,4,4,era5
2023-07-01,2,92.38,7,7,era5
2023-07-01,3,91.87,6,6,era5
2023-07-01,9,91.73,5,5,era5
2023-07-02,1,89.75,4,4,era5
2023-07-02,2,92.47,7,7,era5
2023-07-02,3,90.05,6,6,era5
2023-07-02,9,91.79,5,5,era5
2023-07-03,1,91.39,4,4,era5
2023-07-03,2,93.36,7,7,era5
2023-07-03,3,91.23,6,6,era5
2023-07-03,9,93.64,5,5,era5
2023-07-04,1,89.19,4,4,era5
2023-07-04,2,89.41,7,7,era5
2023-07-04,3,88.56,6,6,era5
2023-07-04,9,89.91,5,5,era5
2023-07-05,1,93.95,4,4,era5
2023-07-05,2,93.79,7,7,era5
2023-07-05,3,95.09,6,6,era5
2023-07-05,9,93.01,5,5,era5
2023-07-06,1,88.77,4,4,era5
2023-07-06,2,90.68,7,7,era5
2023-07-06,3,92.13,6,6,era5
2023-07-06,9,92.79,5,5,era5
2023-07-07,1,88.04,4,4,era5
2023-07-07,2,88.33,7,7,era5
2023-07-07,3,88.61,6,6,era5
2023-07-07,9,88.13,5,5,era5
2023-07-08,1,89.90,4,4,era5
2023-07-08,2,89.76,7,7,era5
2023-07-08,3,89.99,6,6,era5
2023-07-08,9,89.12,5,5,era5
2023-07-09,1,87.76,4,4,era5
2023-07-09,2,89.05,7,7,era5
2023-07-09,3,89.05,6,6,era5
2023-07-09,9,88.98,5,5,era5
2023-07-10,1,89.88,4,4,era5
2023-07-10,2,90.97,7,7,era5
2023-07-10,3,89.74,6,6,era5
2023-07-10,9,89.21,5,5,era5
2023-07-11,1,93.80,4,4,era5
2023-07-11,2,92.75,7,7,era5
2023-07-11,3,91.19,6,6,era5
2023-07-11,9,92.65,5,5,era5
2023-07-12,1,90.92,4,4,era5
2023-07-12,2,91.15,7,7,era5
2023-07-12,3,91.89,6,6,era5
2023-07-12,9,92.89,5,5,era5
2023-07-13,1,89.54,4,4,era5
2023-07-13,2,91.08,7,7,era5
2023-07-13,3,89.07,6,6,era5
2023-07-13,9,90.67,5,5,era5
2023-07-14,1,90.03,4,4,era5
2023-07-14,2,91.44,7,7,era5
2023-07-14,3,90.53,6,6,era5
2023-07-14,9,90.97,5,5,era5
2023-07-15,1,90.85,4,4,era5
2023-07-15,2,90.83,7,7,era5
2023-07-15,3,90.85,6,6,era5
2023-07-15,9,90.84,5,5,era5
2023-07-16,1,93.88,4,4,era5
2023-07-16,2,95.82,7,7,era5
2023-07-16,3,94.73,6,6,era5
2023-07-16,9,95.94,5,5,era5
2023-07-17,1,93.52,4,4,era5
2023-07-17,2,94.92,7,7,era5
2023-07-17,3,93.96,6,6,era5
2023-07-17,9,94.62,5,5,era5
2023-07-18,1,94.62,4,4,era5
2023-07-18,2,93.42,7,7,era5
2023-07-18,3,92.99,6,6,era5
2023-07-18,9,94.07,5,5,era5
2023-07-19,1,92.69,4,4,era5
2023-07-19,2,93.02,7,7,era5
2023-07-19,3,92.84,6,6,era5
2023-07-19,9,92.42,5,5,era5
2023-07-20,1,93.94,4,4,era5
2023-07-20,2,94.49,7,7,era5
2023-07-20,3,93.65,6,6,era5
2023-07-20,9,94.87,5,5,era5
2023-07-21,1,92.35,4,4,era5
2023-07-21,2,92.74,7,7,era5
2023-07-21,3,92.39,6,6,era5
2023-07-21,9,93.14,5,5,era5
2023-07-22,1,90.99,4,4,era5
2023-07-22,2,92.04,7,7,era5
2023-07-22,3,91.05,6,6,era5
2023-07-22,9,92.51,5,5,era5
2023-07-23,1,87.76,4,4,era5
2023-07-23,2,88.12,7,7,era5
2023-07-23,3,89.45,6,6,era5
2023-07-23,9,88.84,5,5,era5
2023-07-24,1,87.35,4,4,era5
2023-07-24,2,90.35,7,7,era5
2023-07-24,3,87.54,6,6,era5
2023-07-24,9,91.49,5,5,era5
2023-07-25,1,89.69,4,4,era5
2023-07-25,2,93.77,7,7,era5
2023-07-25,3,90.43,6,6,era5
2023-07-25,9,93.07,5,5,era5
2023-07-26,1,91.15,4,4,era5
2023-07-26,2,91.49,7,7,era5
2023-07-26,3,91.75,6,6,era5
2023-07-26,9,92.47,5,5,era5
2023-07-27,1,87.89,4,4,era5
2023-07-27,2,89.23,7,7,era5
2023-07-27,3,86.83,6,6,era5
2023-07-27,9,88.54,5,5,era5
2023-07-28,1,88.97,4,4,era5
2023-07-28,2,90.51,7,7,era5
2023-07-28,3,89.23,6,6,era5
2023-07-28,9,90.44,5,5,era5
2023-07-29,1,93.43,4,4,era5
2023-07-29,2,95.45,7,7,era5
2023-07-29,3,91.92,6,6,era5
2023-07-29,9,93.60,5,5,era5
2023-07-30,1,94.38,4,4,era5
2023-07-30,2,95.37,7,7,era5
2023-07-30,3,95.50,6,6,era5
2023-07-30,9,96.83,5,5,era5
2023-07-31,1,93.27,4,4,era5
2023-07-31,2,92.27,7,7,era5
2023-07-31,3,93.33,6,6,era5
2023-07-31,9,94.19,5,5,era5
2023-08-01,1,92.41,4,4,era5
2023-08-01,2,94.80,7,7,era5
2023-08-01,3,91.77,6,6,era5
2023-08-01,9,95.93,5,5,era5
2023-08-02,1,93.78,4,4,era5
2023-08-02,2,95.95,7,7,era5
2023-08-02,3,92.35,6,6,era5
2023-08-02,9,94.35,5,5,era5
2023-08-03,1,95.56,4,4,era5
2023-08-03,2,97.57,7,7,era5
2023-08-03,3,96.40,6,6,era5
2023-08-03,9,96.24,5,5,era5
2023-08-04,1,96.25,4,4,era5
2023-08-04,2,97.46,7,7,era5
2023-08-04,3,96.00,6,6,era5
2023-08-04,9,96.16,5,5,era5
2023-08-05,1,93.22,4,4,era5
2023-08-05,2,93.69,7,7,era5
2023-08-05,3,93.18,6,6,era5
2023-08-05,9,94.01,5,5,era5
2023-08-06,1,92.09,4,4,era5
2023-08-06,2,92.85,7,7,era5
2023-08-06,3,92.39,6,6,era5
2023-08-06,9,92.45,5,5,era5
2023-08-07,1,90.93,4,4,era5
2023-08-07,2,92.15,7,7,era5
2023-08-07,3,90.96,6,6,era5
2023-08-07,9,91.58,5,5,era5
2023-08-08,1,92.16,4,4,era5
2023-08-08,2,93.93,7,7,era5
2023-08-08,3,94.44,6,6,era5
2023-08-08,9,91.81,5,5,era5
2023-08-09,1,89.90,4,4,era5
2023-08-09,2,91.40,7,7,era5
2023-08-09,3,90.37,6,6,era5
2023-08-09,9,91.53,5,5,era5
2023-08-10,1,91.12,4,4,era5
2023-08-10,2,92.10,7,7,era5
2023-08-10,3,91.23,6,6,era5
2023-08-10,9,92.52,5,5,era5
2023-08-11,1,92.61,4,4,era5
2023-08-11,2,93.38,7,7,era5
2023-08-11,3,92.33,6,6,era5
2023-08-11,9,93.02,5,5,era5
2023-08-12,1,93.96,4,4,era5
2023-08-12,2,94.21,7,7,era5
2023-08-12,3,94.03,6,6,era5
2023-08-12,9,94.39,5,5,era5
2023-08-13,1,93.63,4,4,era5
2023-08-13,2,94.12,7,7,era5
2023-08-13,3,93.49,6,6,era5
2023-08-13,9,93.89,5,5,era5
2023-08-14,1,93.14,4,4,era5
2023-08-14,2,93.79,7,7,era5
2023-08-14,3,92.97,6,6,era5
2023-08-14,9,93.85,5,5,era5
2023-08-15,1,93.02,4,4,era5
2023-08-15,2,92.40,7,7,era5
2023-08-15,3,93.18,6,6,era5
2023-08-15,9,93.69,5,5,era5
2023-08-16,1,87.31,4,4,era5
2023-08-16,2,88.37,7,7,era5
2023-08-16,3,89.86,6,6,era5
2023-08-16,9,90.82,5,5,era5
2023-08-17,1,92.55,4,4,era5
2023-08-17,2,88.69,7,7,era5
2023-08-17,3,91.50,6,6,era5
2023-08-17,9,88.63,5,5,era5
2023-08-18,1,94.46,4,4,era5
2023-08-18,2,96.20,7,7,era5
2023-08-18,3,96.28,6,6,era5
2023-08-18,9,95.44,5,5,era5
2023-08-19,1,94.79,4,4,era5
2023-08-19,2,93.83,7,7,era5
2023-08-19,3,94.32,6,6,era5
2023-08-19,9,94.93,5,5,era5
2023-08-20,1,93.37,4,4,era5
2023-08-20,2,97.12,7,7,era5
2023-08-20,3,94.77,6,6,era5
2023-08-20,9,93.46,5,5,era5
2023-08-21,1,87.79,4,4,era5
2023-08-21,2,90.26,7,7,era5
2023-08-21,3,88.61,6,6,era5
2023-08-21,9,90.21,5,5,era5
2023-08-22,1,89.08,4,4,era5
2023-08-22,2,90.70,7,7,era5
2023-08-22,3,89.46,6,6,era5
2023-08-22,9,91.14,5,5,era5
2023-08-23,1,95.60,4,4,era5
2023-08-23,2,95.52,7,7,era5
2023-08-23,3,94.62,6,6,era5
2023-08-23,9,97.42,5,5,era5
2023-08-24,1,90.82,4,4,era5
2023-08-24,2,95.94,7,7,era5
2023-08-24,3,91.66,6,6,era5
2023-08-24,9,94.16,5,5,era5
2023-08-25,1,89.25,4,4,era5
2023-08-25,2,92.55,7,7,era5
2023-08-25,3,90.04,6,6,era5
2023-08-25,9,92.56,5,5,era5
2023-08-26,1,93.54,4,4,era5
2023-08-26,2,96.39,7,7,era5
2023-08-26,3,94.89,6,6,era5
2023-08-26,9,96.57,5,5,era5
2023-08-27,1,95.63,4,4,era5
2023-08-27,2,92.31,7,7,era5
2023-08-27,3,92.97,6,6,era5
2023-08-27,9,93.02,5,5,era5
2023-08-28,1,91.24,4,4,era5
2023-08-28,2,90.56,7,7,era5
2023-08-28,3,92.99,6,6,era5
2023-08-28,9,95.01,5,5,era5
2023-08-29,1,87.74,4,4,era5
2023-08-29,2,88.69,7,7,era5
2023-08-29,3,88.87,6,6,era5
2023-08-29,9,90.62,5,5,era5
2023-08-30,1,87.02,4,4,era5
2023-08-30,2,84.06,7,7,era5
2023-08-30,3,86.46,6,6,era5
2023-08-30,9,85.50,5,5,era5
2023-08-31,1,87.06,4,4,era5
2023-08-31,2,86.28,7,7,era5
2023-08-31,3,86.83,6,6,era5
2023-08-31,9,88.33,5,5,era5
2023-09-01,1,88.01,4,4,era5
2023-09-01,2,88.46,7,7,era5
2023-09-01,3,87.99,6,6,era5
2023-09-01,9,89.11,5,5,era5
2023-09-02,1,86.55,4,4,era5
2023-09-02,2,89.80,7,7,era5
2023-09-02,3,87.90,6,6,era5
2023-09-02,9,88.48,5,5,era5
2023-09-03,1,88.99,4,4,era5
2023-09-03,2,92.01,7,7,era5
2023-09-03,3,91.07,6,6,era5
2023-09-03,9,90.70,5,5,era5
2023-09-04,1,86.14,4,4,era5
2023-09-04,2,89.27,7,7,era5
2023-09-04,3,88.11,6,6,era5
2023-09-04,9,89.92,5,5,era5
2023-09-05,1,86.25,4,4,era5
2023-09-05,2,90.40,7,7,era5
2023-09-05,3,88.74,6,6,era5
2023-09-05,9,89.39,5,5,era5
2023-09-06,1,87.71,4,4,era5
2023-09-06,2,95.18,7,7,era5
2023-09-06,3,88.34,6,6,era5
2023-09-06,9,92.62,5,5,era5
2023-09-07,1,93.57,4,4,era5
2023-09-07,2,96.36,7,7,era5
2023-09-07,3,96.38,6,6,era5
2023-09-07,9,94.80,5,5,era5
2023-09-08,1,88.20,4,4,era5
2023-09-08,2,89.36,7,7,era5
2023-09-08,3,89.05,6,6,era5
2023-09-08,9,89.84,5,5,era5
2023-09-09,1,88.61,4,4,era5
2023-09-09,2,85.25,7,7,era5
2023-09-09,3,86.58,6,6,era5
2023-09-09,9,86.79,5,5,era5
2023-09-10,1,89.46,4,4,era5
2023-09-10,2,88.16,7,7,era5
2023-09-10,3,90.02,6,6,era5
2023-09-10,9,90.58,5,5,era5
2023-09-11,1,89.43,4,4,era5
2023-09-11,2,91.74,7,7,era5
2023-09-11,3,92.18,6,6,era5
2023-09-11,9,91.67,5,5,era5
2023-09-12,1,91.35,4,4,era5
2023-09-12,2,90.33,7,7,era5
2023-09-12,3,92.41,6,6,era5
2023-09-12,9,91.83,5,5,era5
2023-09-13,1,90.54,4,4,era5
2023-09-13,2,93.26,7,7,era5
2023-09-13,3,91.18,6,6,era5
2023-09-13,9,91.51,5,5,era5
2023-09-14,1,88.80,4,4,era5
2023-09-14,2,86.00,7,7,era5
2023-09-14,3,87.76,6,6,era5
2023-09-14,9,89.23,5,5,era5
2023-09-15,1,90.89,4,4,era5
2023-09-15,2,88.44,7,7,era5
2023-09-15,3,90.98,6,6,era5
2023-09-15,9,91.52,5,5,era5
2023-09-16,1,89.64,4,4,era5
2023-09-16,2,86.76,7,7,era5
2023-09-16,3,89.91,6,6,era5
2023-09-16,9,88.21,5,5,era5
2023-09-17,1,82.95,4,4,era5
2023-09-17,2,82.54,7,7,era5
2023-09-17,3,82.72,6,6,era5
2023-09-17,9,82.29,5,5,era5
2023-09-18,1,83.38,4,4,era5
2023-09-18,2,83.97,7,7,era5
2023-09-18,3,82.83,6,6,era5
2023-09-18,9,86.00,5,5,era5
2023-09-19,1,81.68,4,4,era5
2023-09-19,2,86.35,7,7,era5
2023-09-19,3,83.13,6,6,era5
2023-09-19,9,86.82,5,5,era5
2023-09-20,1,82.52,4,4,era5
2023-09-20,2,85.93,7,7,era5
2023-09-20,3,85.67,6,6,era5
2023-09-20,9,84.63,5,5,era5
2023-09-21,1,85.11,4,4,era5
2023-09-21,2,88.74,7,7,era5
2023-09-21,3,87.66,6,6,era5
2023-09-21,9,88.43,5,5,era5
2023-09-22,1,85.13,4,4,era5
2023-09-22,2,89.55,7,7,era5
2023-09-22,3,86.24,6,6,era5
2023-09-22,9,89.20,5,5,era5
2023-09-23,1,90.87,4,4,era5
2023-09-23,2,90.80,7,7,era5
2023-09-23,3,90.01,6,6,era5
2023-09-23,9,89.98,5,5,era5
2023-09-24,1,88.58,4,4,era5
2023-09-24,2,88.02,7,7,era5
2023-09-24,3,87.83,6,6,era5
2023-09-24,9,88.22,5,5,era5
2023-09-25,1,88.31,4,4,era5
2023-09-25,2,89.29,7,7,era5
2023-09-25,3,89.89,6,6,era5
2023-09-25,9,90.35,5,5,era5
2023-09-26,1,86.00,4,4,era5
2023-09-26,2,91.25,7,7,era5
2023-09-26,3,87.56,6,6,era5
2023-09-26,9,91.40,5,5,era5
2023-09-27,1,84.31,4,4,era5
2023-09-27,2,87.79,7,7,era5
2023-09-27,3,85.81,6,6,era5
2023-09-27,9,86.60,5,5,era5
2023-09-28,1,81.39,4,4,era5
2023-09-28,2,85.02,7,7,era5
2023-09-28,3,83.42,6,6,era5
2023-09-28,9,84.19,5,5,era5
2023-09-29,1,82.38,4,4,era5
2023-09-29,2,85.06,7,7,era5
2023-09-29,3,83.27,6,6,era5
2023-09-29,9,85.10,5,5,era5
2023-09-30,1,82.75,4,4,era5
2023-09-30,2,83.44,7,7,era5
2023-09-30,3,82.93,6,6,era5
2023-09-30,9,84.39,5,5,era5
2023-10-01,1,81.62,4,4,era5
2023-10-01,2,82.66,7,7,era5
2023-10-01,3,82.47,6,6,era5
2023-10-01,9,82.27,5,5,era5
2023-10-02,1,80.67,4,4,era5
2023-10-02,2,81.15,7,7,era5
2023-10-02,3,81.60,6,6,era5
2023-10-02,9,81.95,5,5,era5
2023-10-03,1,82.21,4,4,era5
2023-10-03,2,83.98,7,7,era5
2023-10-03,3,84.15,6,6,era5
2023-10-03,9,83.65,5,5,era5
2023-10-04,1,82.16,4,4,era5
2023-10-04,2,82.98,7,7,era5
2023-10-04,3,82.93,6,6,era5
2023-10-04,9,83.32,5,5,era5
2023-10-05,1,82.06,4,4,era5
2023-10-05,2,80.29,7,7,era5
2023-10-05,3,83.21,6,6,era5
2023-10-05,9,82.08,5,5,era5
2023-10-06,1,83.84,4,4,era5
2023-10-06,2,80.99,7,7,era5
2023-10-06,3,82.23,6,6,era5
2023-10-06,9,83.17,5,5,era5
2023-10-07,1,71.28,4,4,era5
2023-10-07,2,69.78,7,7,era5
2023-10-07,3,71.65,6,6,era5
2023-10-07,9,70.67,5,5,era5
2023-10-08,1,68.51,4,4,era5
2023-10-08,2,72.73,7,7,era5
2023-10-08,3,69.94,6,6,era5
2023-10-08,9,71.73,5,5,era5
2023-10-09,1,73.61,4,4,era5
2023-10-09,2,73.20,7,7,era5
2023-10-09,3,73.66,6,6,era5
2023-10-09,9,73.11,5,5,era5
2023-10-10,1,76.07,4,4,era5
2023-10-10,2,76.84,7,7,era5
2023-10-10,3,76.54,6,6,era5
2023-10-10,9,76.79,5,5,era5
2023-10-11,1,68.38,4,4,era5
2023-10-11,2,65.33,7,7,era5
2023-10-11,3,67.37,6,6,era5
2023-10-11,9,67.29,5,5,era5
2023-10-12,1,74.57,4,4,era5
2023-10-12,2,77.80,7,7,era5
2023-10-12,3,75.43,6,6,era5
2023-10-12,9,75.86,5,5,era5
2023-10-13,1,82.18,4,4,era5
2023-10-13,2,83.72,7,7,era5
2023-10-13,3,83.44,6,6,era5
2023-10-13,9,84.07,5,5,era5
2023-10-14,1,74.51,4,4,era5
2023-10-14,2,70.64,7,7,era5
2023-10-14,3,73.24,6,6,era5
2023-10-14,9,72.08,5,5,era5
2023-10-15,1,64.54,4,4,era5
2023-10-15,2,64.05,7,7,era5
2023-10-15,3,65.03,6,6,era5
2023-10-15,9,63.42,5,5,era5
2023-10-16,1,63.85,4,4,era5
2023-10-16,2,64.93,7,7,era5
2023-10-16,3,64.55,6,6,era5
2023-10-16,9,65.03,5,5,era5
2023-10-17,1,73.59,4,4,era5
2023-10-17,2,74.73,7,7,era5
2023-10-17,3,73.34,6,6,era5
2023-10-17,9,74.60,5,5,era5
2023-10-18,1,71.66,4,4,era5
2023-10-18,2,71.54,7,7,era5
2023-10-18,3,71.92,6,6,era5
2023-10-18,9,73.48,5,5,era5
2023-10-19,1,77.78,4,4,era5
2023-10-19,2,77.51,7,7,era5
2023-10-19,3,79.13,6,6,era5
2023-10-19,9,76.96,5,5,era5
2023-10-20,1,79.92,4,4,era5
2023-10-20,2,79.98,7,7,era5
2023-10-20,3,80.54,6,6,era5
2023-10-20,9,79.88,5,5,era5
2023-10-21,1,78.07,4,4,era5
2023-10-21,2,78.65,7,7,era5
2023-10-21,3,80.26,6,6,era5
2023-10-21,9,77.72,5,5,era5
2023-10-22,1,86.57,4,4,era5
2023-10-22,2,84.81,7,7,era5
2023-10-22,3,87.24,6,6,era5
2023-10-22,9,85.38,5,5,era5
2023-10-23,1,80.76,4,4,era5
2023-10-23,2,81.49,7,7,era5
2023-10-23,3,82.82,6,6,era5
2023-10-23,9,81.02,5,5,era5
2023-10-24,1,78.88,4,4,era5
2023-10-24,2,80.43,7,7,era5
2023-10-24,3,80.13,6,6,era5
2023-10-24,9,80.04,5,5,era5
2023-10-25,1,80.63,4,4,era5
2023-10-25,2,81.32,7,7,era5
2023-10-25,3,80.82,6,6,era5
2023-10-25,9,80.81,5,5,era5
2023-10-26,1,80.11,4,4,era5
2023-10-26,2,81.04,7,7,era5
2023-10-26,3,80.99,6,6,era5
2023-10-26,9,80.17,5,5,era5
2023-10-27,1,80.72,4,4,era5
2023-10-27,2,82.58,7,7,era5
2023-10-27,3,82.55,6,6,era5
2023-10-27,9,82.91,5,5,era5
2023-10-28,1,77.79,4,4,era5
2023-10-28,2,81.40,7,7,era5
2023-10-28,3,79.32,6,6,era5
2023-10-28,9,80.43,5,5,era5
2023-10-29,1,80.39,4,4,era5
2023-10-29,2,80.00,7,7,era5
2023-10-29,3,81.60,6,6,era5
2023-10-29,9,80.57,5,5,era5
2023-10-30,1,78.05,4,4,era5
2023-10-30,2,63.28,7,7,era5
2023-10-30,3,73.77,6,6,era5
2023-10-30,9,68.66,5,5,era5
2023-10-31,1,56.86,4,4,era5
2023-10-31,2,50.00,7,7,era5
2023-10-31,3,53.52,6,6,era5
2023-10-31,9,50.02,5,5,era5
2023-11-01,1,54.44,4,4,era5
2023-11-01,2,54.76,7,7,era5
2023-11-01,3,54.74,6,6,era5
2023-11-01,9,54.75,5,5,era5
2023-11-02,1,65.05,4,4,era5
2023-11-02,2,64.85,7,7,era5
2023-11-02,3,66.43,6,6,era5
2023-11-02,9,64.79,5,5,era5
2023-11-03,1,71.00,4,4,era5
2023-11-03,2,74.58,7,7,era5
2023-11-03,3,71.87,6,6,era5
2023-11-03,9,75.21,5,5,era5
2023-11-04,1,76.02,4,4,era5
2023-11-04,2,79.94,7,7,era5
2023-11-04,3,77.95,6,6,era5
2023-11-04,9,79.23,5,5,era5
2023-11-05,1,80.65,4,4,era5
2023-11-05,2,81.66,7,7,era5
2023-11-05,3,81.22,6,6,era5
2023-11-05,9,80.62,5,5,era5
2023-11-06,1,79.21,4,4,era5
2023-11-06,2,76.01,7,7,era5
2023-11-06,3,76.91,6,6,era5
2023-11-06,9,76.77,5,5,era5
2023-11-07,1,78.79,4,4,era5
2023-11-07,2,79.27,7,7,era5
2023-11-07,3,79.50,6,6,era5
2023-11-07,9,79.35,5,5,era5
2023-11-08,1,76.71,4,4,era5
2023-11-08,2,78.51,7,7,era5
2023-11-08,3,77.80,6,6,era5
2023-11-08,9,78.45,5,5,era5
2023-11-09,1,76.18,4,4,era5
2023-11-09,2,78.85,7,7,era5
2023-11-09,3,79.32,6,6,era5
2023-11-09,9,77.58,5,5,era5
2023-11-10,1,74.66,4,4,era5
2023-11-10,2,70.41,7,7,era5
2023-11-10,3,73.72,6,6,era5
2023-11-10,9,69.78,5,5,era5
2023-11-11,1,68.35,4,4,era5
2023-11-11,2,65.42,7,7,era5
2023-11-11,3,69.07,6,6,era5
2023-11-11,9,67.13,5,5,era5
2023-11-12,1,69.37,4,4,era5
2023-11-12,2,72.73,7,7,era5
2023-11-12,3,70.78,6,6,era5
2023-11-12,9,71.94,5,5,era5
2023-11-13,1,65.85,4,4,era5
2023-11-13,2,60.92,7,7,era5
2023-11-13,3,63.71,6,6,era5
2023-11-13,9,61.46,5,5,era5
2023-11-14,1,63.15,4,4,era5
2023-11-14,2,60.69,7,7,era5
2023-11-14,3,61.66,6,6,era5
2023-11-14,9,60.41,5,5,era5
2023-11-15,1,62.80,4,4,era5
2023-11-15,2,62.08,7,7,era5
2023-11-15,3,63.62,6,6,era5
2023-11-15,9,62.25,5,5,era5
2023-11-16,1,67.12,4,4,era5
2023-11-16,2,68.57,7,7,era5
2023-11-16,3,67.98,6,6,era5
2023-11-16,9,68.21,5,5,era5
2023-11-17,1,76.98,4,4,era5
2023-11-17,2,73.79,7,7,era5
2023-11-17,3,78.61,6,6,era5
2023-11-17,9,77.12,5,5,era5
2023-11-18,1,71.42,4,4,era5
2023-11-18,2,68.47,7,7,era5
2023-11-18,3,69.56,6,6,era5
2023-11-18,9,71.02,5,5,era5
2023-11-19,1,74.29,4,4,era5
2023-11-19,2,73.01,7,7,era5
2023-11-19,3,73.82,6,6,era5
2023-11-19,9,71.04,5,5,era5
2023-11-20,1,78.63,4,4,era5
2023-11-20,2,78.24,7,7,era5
2023-11-20,3,78.74,6,6,era5
2023-11-20,9,78.37,5,5,era5
2023-11-21,1,71.25,4,4,era5
2023-11-21,2,63.75,7,7,era5
2023-11-21,3,68.74,6,6,era5
2023-11-21,9,67.96,5,5,era5
2023-11-22,1,60.58,4,4,era5
2023-11-22,2,60.59,7,7,era5
2023-11-22,3,61.06,6,6,era5
2023-11-22,9,61.50,5,5,era5
2023-11-23,1,55.38,4,4,era5
2023-11-23,2,55.01,7,7,era5
2023-11-23,3,54.70,6,6,era5
2023-11-23,9,54.83,5,5,era5
2023-11-24,1,56.30,4,4,era5
2023-11-24,2,68.07,7,7,era5
2023-11-24,3,57.28,6,6,era5
2023-11-24,9,64.63,5,5,era5
2023-11-25,1,63.72,4,4,era5
2023-11-25,2,70.40,7,7,era5
2023-11-25,3,65.31,6,6,era5
2023-11-25,9,70.48,5,5,era5
2023-11-26,1,70.77,4,4,era5
2023-11-26,2,67.42,7,7,era5
2023-11-26,3,70.37,6,6,era5
2023-11-26,9,69.60,5,5,era5
2023-11-27,1,56.32,4,4,era5
2023-11-27,2,55.94,7,7,era5
2023-11-27,3,57.02,6,6,era5
2023-11-27,9,56.99,5,5,era5
2023-11-28,1,64.15,4,4,era5
2023-11-28,2,64.94,7,7,era5
2023-11-28,3,64.73,6,6,era5
2023-11-28,9,65.48,5,5,era5
2023-11-29,1,59.94,4,4,era5
2023-11-29,2,61.14,7,7,era5
2023-11-29,3,61.36,6,6,era5
2023-11-29,9,61.97,5,5,era5
2023-11-30,1,63.63,4,4,era5
2023-11-30,2,62.22,7,7,era5
2023-11-30,3,64.39,6,6,era5
2023-11-30,9,62.38,5,5,era5
2023-12-01,1,78.36,4,4,era5
2023-12-01,2,77.31,7,7,era5
2023-12-01,3,78.73,6,6,era5
2023-12-01,9,77.73,5,5,era5
2023-12-02,1,75.78,4,4,era5
2023-12-02,2,74.64,7,7,era5
2023-12-02,3,74.92,6,6,era5
2023-12-02,9,74.92,5,5,era5
2023-12-03,1,71.78,4,4,era5
2023-12-03,2,70.56,7,7,era5
2023-12-03,3,72.48,6,6,era5
2023-12-03,9,71.62,5,5,era5
2023-12-04,1,66.94,4,4,era5
2023-12-04,2,64.90,7,7,era5
2023-12-04,3,66.32,6,6,era5
2023-12-04,9,65.13,5,5,era5
2023-12-05,1,62.55,4,4,era5
2023-12-05,2,66.08,7,7,era5
2023-12-05,3,64.80,6,6,era5
2023-12-05,9,65.08,5,5,era5
2023-12-06,1,60.31,4,4,era5
2023-12-06,2,62.45,7,7,era5
2023-12-06,3,60.98,6,6,era5
2023-12-06,9,63.39,5,5,era5
2023-12-07,1,64.96,4,4,era5
2023-12-07,2,63.03,7,7,era5
2023-12-07,3,66.19,6,6,era5
2023-12-07,9,63.57,5,5,era5
2023-12-08,1,70.81,4,4,era5
2023-12-08,2,69.80,7,7,era5
2023-12-08,3,71.73,6,6,era5
2023-12-08,9,70.08,5,5,era5
2023-12-09,1,77.87,4,4,era5
2023-12-09,2,77.97,7,7,era5
2023-12-09,3,79.42,6,6,era5
2023-12-09,9,78.22,5,5,era5
2023-12-10,1,58.80,4,4,era5
2023-12-10,2,57.07,7,7,era5
2023-12-10,3,58.57,6,6,era5
2023-12-10,9,58.08,5,5,era5
2023-12-11,1,64.70,4,4,era5
2023-12-11,2,68.34,7,7,era5
2023-12-11,3,63.96,6,6,era5
2023-12-11,9,68.41,5,5,era5
2023-12-12,1,59.79,4,4,era5
2023-12-12,2,64.13,7,7,era5
2023-12-12,3,61.14,6,6,era5
2023-12-12,9,64.62,5,5,era5
2023-12-13,1,60.68,4,4,era5
2023-12-13,2,60.57,7,7,era5
2023-12-13,3,62.02,6,6,era5
2023-12-13,9,61.21,5,5,era5
2023-12-14,1,59.55,4,4,era5
2023-12-14,2,64.06,7,7,era5
2023-12-14,3,61.23,6,6,era5
2023-12-14,9,62.93,5,5,era5
2023-12-15,1,65.53,4,4,era5
2023-12-15,2,66.65,7,7,era5
2023-12-15,3,65.46,6,6,era5
2023-12-15,9,67.12,5,5,era5
2023-12-16,1,63.52,4,4,era5
2023-12-16,2,60.12,7,7,era5
2023-12-16,3,66.17,6,6,era5
2023-12-16,9,63.81,5,5,era5
2023-12-17,1,61.70,4,4,era5
2023-12-17,2,60.31,7,7,era5
2023-12-17,3,61.31,6,6,era5
2023-12-17,9,61.69,5,5,era5
2023-12-18,1,66.26,4,4,era5
2023-12-18,2,65.06,7,7,era5
2023-12-18,3,66.81,6,6,era5
2023-12-18,9,65.35,5,5,era5
2023-12-19,1,54.96,4,4,era5
2023-12-19,2,58.27,7,7,era5
2023-12-19,3,56.79,6,6,era5
2023-12-19,9,60.53,5,5,era5
2023-12-20,1,64.31,4,4,era5
2023-12-20,2,67.28,7,7,era5
2023-12-20,3,66.59,6,6,era5
2023-12-20,9,67.20,5,5,era5
2023-12-21,1,64.91,4,4,era5
2023-12-21,2,68.56,7,7,era5
2023-12-21,3,67.64,6,6,era5
2023-12-21,9,67.95,5,5,era5
2023-12-22,1,69.55,4,4,era5
2023-12-22,2,72.90,7,7,era5
2023-12-22,3,71.23,6,6,era5
2023-12-22,9,71.99,5,5,era5
2023-12-23,1,69.20,4,4,era5
2023-12-23,2,70.85,7,7,era5
2023-12-23,3,70.55,6,6,era5
2023-12-23,9,70.78,5,5,era5
2023-12-24,1,64.32,4,4,era5
2023-12-24,2,63.36,7,7,era5
2023-12-24,3,65.04,6,6,era5
2023-12-24,9,63.84,5,5,era5
2023-12-25,1,68.57,4,4,era5
2023-12-25,2,63.73,7,7,era5
2023-12-25,3,69.44,6,6,era5
2023-12-25,9,69.00,5,5,era5
2023-12-26,1,58.14,4,4,era5
2023-12-26,2,62.54,7,7,era5
2023-12-26,3,60.02,6,6,era5
2023-12-26,9,62.24,5,5,era5
2023-12-27,1,63.06,4,4,era5
2023-12-27,2,61.84,7,7,era5
2023-12-27,3,63.63,6,6,era5
2023-12-27,9,61.96,5,5,era5
2023-12-28,1,54.00,4,4,era5
2023-12-28,2,52.50,7,7,era5
2023-12-28,3,53.91,6,6,era5
2023-12-28,9,53.15,5,5,era5
2023-12-29,1,54.26,4,4,era5
2023-12-29,2,54.77,7,7,era5
2023-12-29,3,54.06,6,6,era5
2023-12-29,9,55.24,5,5,era5
2023-12-30,1,61.91,4,4,era5
2023-12-30,2,62.67,7,7,era5
2023-12-30,3,61.47,6,6,era5
2023-12-30,9,61.81,5,5,era5
2023-12-31,1,71.23,4,4,era5
2023-12-31,2,67.65,7,7,era5
2023-12-31,3,68.90,6,6,era5
2023-12-31,9,67.86,5,5,era5
2024-01-01,1,60.10,4,4,era5
2024-01-01,2,62.56,7,7,era5
2024-01-01,3,62.55,6,6,era5
2024-01-01,9,63.62,5,5,era5
2024-01-02,1,55.83,4,4,era5
2024-01-02,2,59.81,7,7,era5
2024-01-02,3,57.81,6,6,era5
2024-01-02,9,61.07,5,5,era5
2024-01-03,1,58.97,4,4,era5
2024-01-03,2,60.10,7,7,era5
2024-01-03,3,61.78,6,6,era5
2024-01-03,9,59.96,5,5,era5
2024-01-04,1,59.72,4,4,era5
2024-01-04,2,62.89,7,7,era5
2024-01-04,3,60.09,6,6,era5
2024-01-04,9,63.42,5,5,era5
2024-01-05,1,62.09,4,4,era5
2024-01-05,2,59.15,7,7,era5
2024-01-05,3,62.71,6,6,era5
2024-01-05,9,59.64,5,5,era5
2024-01-06,1,60.15,4,4,era5
2024-01-06,2,55.59,7,7,era5
2024-01-06,3,59.88,6,6,era5
2024-01-06,9,59.23,5,5,era5
2024-01-07,1,59.27,4,4,era5
2024-01-07,2,61.72,7,7,era5
2024-01-07,3,59.54,6,6,era5
2024-01-07,9,61.78,5,5,era5
2024-01-08,1,62.33,4,4,era5
2024-01-08,2,60.62,7,7,era5
2024-01-08,3,64.86,6,6,era5
2024-01-08,9,61.24,5,5,era5
2024-01-09,1,52.65,4,4,era5
2024-01-09,2,52.07,7,7,era5
2024-01-09,3,52.86,6,6,era5
2024-01-09,9,52.25,5,5,era5
2024-01-10,1,59.08,4,4,era5
2024-01-10,2,58.49,7,7,era5
2024-01-10,3,59.02,6,6,era5
2024-01-10,9,58.97,5,5,era5
2024-01-11,1,66.43,4,4,era5
2024-01-11,2,70.01,7,7,era5
2024-01-11,3,69.97,6,6,era5
2024-01-11,9,67.96,5,5,era5
2024-01-12,1,70.45,4,4,era5
2024-01-12,2,68.85,7,7,era5
2024-01-12,3,70.01,6,6,era5
2024-01-12,9,70.24,5,5,era5
2024-01-13,1,57.79,4,4,era5
2024-01-13,2,57.59,7,7,era5
2024-01-13,3,57.72,6,6,era5
2024-01-13,9,59.36,5,5,era5
2024-01-14,1,64.51,4,4,era5
2024-01-14,2,69.73,7,7,era5
2024-01-14,3,66.20,6,6,era5
2024-01-14,9,66.10,5,5,era5
2024-01-15,1,61.64,4,4,era5
2024-01-15,2,50.00,5,7,era5
2024-01-15,3,60.51,6,6,era5
2024-01-15,9,61.56,5,5,era5
2024-01-17,1,48.83,4,4,era5
2024-01-17,2,48.39,7,7,era5
2024-01-17,3,50.04,6,6,era5
2024-01-17,9,50.93,5,5,era5
2024-01-18,1,62.52,4,4,era5
2024-01-18,2,62.95,7,7,era5
2024-01-18,3,67.39,6,6,era5
2024-01-18,9,59.80,5,5,era5
2024-01-19,1,55.84,4,4,era5
2024-01-19,2,53.82,7,7,era5
2024-01-19,3,56.92,6,6,era5
2024-01-19,9,54.79,5,5,era5
2024-01-20,1,46.25,4,4,era5
2024-01-20,2,46.59,4,7,era5
2024-01-20,3,46.91,6,6,era5
2024-01-20,9,46.04,5,5,era5
2024-01-21,1,46.87,4,4,era5
2024-01-21,2,46.19,7,7,era5
2024-01-21,3,47.58,6,6,era5
2024-01-21,9,47.35,5,5,era5
2024-01-22,1,60.60,4,4,era5
2024-01-22,2,61.51,7,7,era5
2024-01-22,3,62.63,6,6,era5
2024-01-22,9,60.95,5,5,era5
2024-01-23,1,63.84,4,4,era5
2024-01-23,2,68.98,7,7,era5
2024-01-23,3,67.14,6,6,era5
2024-01-23,9,68.47,5,5,era5
2024-01-24,1,68.40,4,4,era5
2024-01-24,2,67.17,7,7,era5
2024-01-24,3,69.29,6,6,era5
2024-01-24,9,67.81,5,5,era5
2024-01-25,1,67.56,4,4,era5
2024-01-25,2,67.88,7,7,era5
2024-01-25,3,67.64,6,6,era5
2024-01-25,9,66.94,5,5,era5
2024-01-26,1,67.22,4,4,era5
2024-01-26,2,66.55,7,7,era5
2024-01-26,3,68.90,6,6,era5
2024-01-26,9,65.48,5,5,era5
2024-01-27,1,67.56,4,4,era5
2024-01-27,2,63.75,7,7,era5
2024-01-27,3,66.85,6,6,era5
2024-01-27,9,66.97,5,5,era5
2024-01-28,1,57.15,4,4,era5
2024-01-28,2,70.91,7,7,era5
2024-01-28,3,65.93,6,6,era5
2024-01-28,9,58.19,5,5,era5
2024-01-29,1,61.95,4,4,era5
2024-01-29,2,95.35,7,7,era5
2024-01-29,3,88.70,6,6,era5
2024-01-29,9,63.57,5,5,era5
2024-01-30,1,64.92,4,4,era5
2024-01-30,2,99.25,7,7,era5
2024-01-30,3,80.83,6,6,era5
2024-01-30,9,68.48,5,5,era5
2024-01-31,1,66.87,4,4,era5
2024-01-31,2,98.74,7,7,era5
2024-01-31,3,99.61,6,6,era5
2024-01-31,9,77.31,5,5,era5
2024-02-01,1,64.72,4,4,era5
2024-02-01,2,69.39,7,7,era5
2024-02-01,3,66.41,6,6,era5
2024-02-01,9,68.38,5,5,era5
2024-02-02,1,104.30,4,4,era5
2024-02-02,2,91.04,7,7,era5
2024-02-02,3,90.37,6,6,era5
2024-02-02,9,87.63,5,5,era5
2024-02-03,1,60.78,4,4,era5
2024-02-03,2,57.34,7,7,era5
2024-02-03,3,61.26,6,6,era5
2024-02-03,9,57.54,5,5,era5
2024-02-04,1,96.34,4,4,era5
2024-02-04,2,70.99,7,7,era5
2024-02-04,3,83.42,6,6,era5
2024-02-04,9,83.22,5,5,era5
2024-02-05,1,53.86,4,4,era5
2024-02-05,2,60.45,7,7,era5
2024-02-05,3,57.13,6,6,era5
2024-02-05,9,58.04,5,5,era5
2024-02-06,1,89.33,4,4,era5
2024-02-06,2,78.95,7,7,era5
2024-02-06,3,82.97,6,6,era5
2024-02-06,9,88.80,5,5,era5
2024-02-07,1,77.47,4,4,era5
2024-02-07,2,73.43,7,7,era5
2024-02-07,3,77.27,6,6,era5
2024-02-07,9,79.63,5,5,era5
2024-02-08,1,69.54,4,4,era5
2024-02-08,2,69.42,7,7,era5
2024-02-08,3,70.52,6,6,era5
2024-02-08,9,68.55,5,5,era5
2024-02-09,1,77.67,4,4,era5
2024-02-09,2,77.80,7,7,era5
2024-02-09,3,78.15,6,6,era5
2024-02-09,9,76.47,5,5,era5
2024-02-10,1,74.13,4,4,era5
2024-02-10,2,73.53,7,7,era5
2024-02-10,3,74.69,6,6,era5
2024-02-10,9,73.31,5,5,era5
2024-02-11,1,73.49,4,4,era5
2024-02-11,2,75.40,7,7,era5
2024-02-11,3,76.28,6,6,era5
2024-02-11,9,74.82,5,5,era5
2024-02-12,1,62.51,4,4,era5
2024-02-12,2,58.99,7,7,era5
2024-02-12,3,61.83,6,6,era5
2024-02-12,9,61.28,5,5,era5
2024-02-13,1,66.90,4,4,era5
2024-02-13,2,71.20,7,7,era5
2024-02-13,3,68.59,6,6,era5
2024-02-13,9,75.35,5,5,era5
2024-02-14,1,69.06,4,4,era5
2024-02-14,2,72.57,7,7,era5
2024-02-14,3,70.49,6,6,era5
2024-02-14,9,70.79,5,5,era5
2024-02-15,1,71.74,4,4,era5
2024-02-15,2,75.27,7,7,era5
2024-02-15,3,74.42,6,6,era5
2024-02-15,9,75.06,5,5,era5
2024-02-16,1,64.23,4,4,era5
2024-02-16,2,63.37,7,7,era5
2024-02-16,3,66.15,6,6,era5
2024-02-16,9,62.54,5,5,era5
2024-02-17,1,53.78,4,4,era5
2024-02-17,2,46.21,7,7,era5
2024-02-17,3,50.05,6,6,era5
2024-02-17,9,47.13,5,5,era5
2024-02-18,1,61.69,4,4,era5
2024-02-18,2,59.96,7,7,era5
2024-02-18,3,61.50,6,6,era5
2024-02-18,9,62.61,5,5,era5
2024-02-19,1,66.67,4,4,era5
2024-02-19,2,67.27,7,7,era5
2024-02-19,3,66.88,6,6,era5
2024-02-19,9,67.13,5,5,era5
2024-02-20,1,72.11,4,4,era5
2024-02-20,2,75.51,7,7,era5
2024-02-20,3,72.77,6,6,era5
2024-02-20,9,72.98,5,5,era5
2024-02-21,1,70.62,4,4,era5
2024-02-21,2,71.59,7,7,era5
2024-02-21,3,71.15,6,6,era5
2024-02-21,9,71.71,5,5,era5
2024-02-22,1,70.99,4,4,era5
2024-02-22,2,71.12,7,7,era5
2024-02-22,3,71.24,6,6,era5
2024-02-22,9,70.61,5,5,era5
2024-02-23,1,71.41,4,4,era5
2024-02-23,2,71.20,7,7,era5
2024-02-23,3,71.59,6,6,era5
2024-02-23,9,71.12,5,5,era5
2024-02-24,1,70.67,4,4,era5
2024-02-24,2,69.82,7,7,era5
2024-02-24,3,70.69,6,6,era5
2024-02-24,9,69.46,5,5,era5
2024-02-25,1,71.15,4,4,era5
2024-02-25,2,69.53,7,7,era5
2024-02-25,3,70.41,6,6,era5
2024-02-25,9,71.10,5,5,era5
2024-02-26,1,75.10,4,4,era5
2024-02-26,2,75.07,7,7,era5
2024-02-26,3,75.19,6,6,era5
2024-02-26,9,75.47,5,5,era5
2024-02-27,1,75.62,4,4,era5
2024-02-27,2,77.22,7,7,era5
2024-02-27,3,76.40,6,6,era5
2024-02-27,9,76.92,5,5,era5
2024-02-28,1,76.00,4,4,era5
2024-02-28,2,76.57,7,7,era5
2024-02-28,3,76.64,6,6,era5
2024-02-28,9,76.03,5,5,era5
2024-02-29,1,55.83,4,4,era5
2024-02-29,2,53.89,7,7,era5
2024-02-29,3,56.79,6,6,era5
2024-02-29,9,54.14,5,5,era5
2024-03-01,1,64.40,4,4,era5
2024-03-01,2,59.77,7,7,era5
2024-03-01,3,63.17,6,6,era5
2024-03-01,9,62.11,5,5,era5
2024-03-02,1,68.41,4,4,era5
2024-03-02,2,73.16,7,7,era5
2024-03-02,3,70.48,6,6,era5
2024-03-02,9,72.02,5,5,era5
2024-03-03,1,74.47,4,4,era5
2024-03-03,2,79.39,7,7,era5
2024-03-03,3,77.75,6,6,era5
2024-03-03,9,77.67,5,5,era5
2024-03-04,1,73.81,4,4,era5
2024-03-04,2,74.49,7,7,era5
2024-03-04,3,74.27,6,6,era5
2024-03-04,9,74.84,5,5,era5
2024-03-05,1,71.77,4,4,era5
2024-03-05,2,75.95,7,7,era5
2024-03-05,3,75.81,6,6,era5
2024-03-05,9,72.80,5,5,era5
2024-03-06,1,81.82,4,4,era5
2024-03-06,2,83.08,7,7,era5
2024-03-06,3,84.02,6,6,era5
2024-03-06,9,78.61,5,5,era5
2024-03-07,1,74.79,4,4,era5
2024-03-07,2,76.45,7,7,era5
2024-03-07,3,76.01,6,6,era5
2024-03-07,9,75.34,5,5,era5
2024-03-08,1,76.74,4,4,era5
2024-03-08,2,77.48,7,7,era5
2024-03-08,3,78.48,6,6,era5
2024-03-08,9,76.60,5,5,era5
2024-03-09,1,67.42,4,4,era5
2024-03-09,2,65.59,7,7,era5
2024-03-09,3,67.44,6,6,era5
2024-03-09,9,67.41,5,5,era5
2024-03-10,1,63.31,4,4,era5
2024-03-10,2,64.85,7,7,era5
2024-03-10,3,65.22,6,6,era5
2024-03-10,9,65.09,5,5,era5
2024-03-11,1,65.18,4,4,era5
2024-03-11,2,71.13,7,7,era5
2024-03-11,3,69.70,6,6,era5
2024-03-11,9,69.23,5,5,era5
2024-03-12,1,71.82,4,4,era5
2024-03-12,2,71.83,7,7,era5
2024-03-12,3,72.57,6,6,era5
2024-03-12,9,71.98,5,5,era5
2024-03-13,1,71.68,4,4,era5
2024-03-13,2,76.68,7,7,era5
2024-03-13,3,75.72,6,6,era5
2024-03-13,9,74.39,5,5,era5
2024-03-14,1,79.71,4,4,era5
2024-03-14,2,81.34,7,7,era5
2024-03-14,3,81.35,6,6,era5
2024-03-14,9,80.46,5,5,era5
2024-03-15,1,81.19,4,4,era5
2024-03-15,2,78.15,7,7,era5
2024-03-15,3,82.69,6,6,era5
2024-03-15,9,79.92,5,5,era5
2024-03-16,1,78.49,4,4,era5
2024-03-16,2,79.02,7,7,era5
2024-03-16,3,78.86,6,6,era5
2024-03-16,9,81.78,5,5,era5
2024-03-17,1,69.35,4,4,era5
2024-03-17,2,71.13,7,7,era5
2024-03-17,3,69.82,6,6,era5
2024-03-17,9,68.40,5,5,era5
2024-03-18,1,62.61,4,4,era5
2024-03-18,2,61.16,7,7,era5
2024-03-18,3,63.42,6,6,era5
2024-03-18,9,61.32,5,5,era5
2024-03-19,1,63.23,4,4,era5
2024-03-19,2,66.98,7,7,era5
2024-03-19,3,65.41,6,6,era5
2024-03-19,9,66.73,5,5,era5
2024-03-20,1,67.16,4,4,era5
2024-03-20,2,68.20,7,7,era5
2024-03-20,3,66.78,6,6,era5
2024-03-20,9,69.69,5,5,era5
2024-03-21,1,64.55,4,4,era5
2024-03-21,2,61.60,7,7,era5
2024-03-21,3,62.11,6,6,era5
2024-03-21,9,64.83,5,5,era5
2024-03-22,1,73.97,4,4,era5
2024-03-22,2,72.26,7,7,era5
2024-03-22,3,74.31,6,6,era5
2024-03-22,9,73.55,5,5,era5
2024-03-23,1,69.71,4,4,era5
2024-03-23,2,70.19,7,7,era5
2024-03-23,3,70.38,6,6,era5
2024-03-23,9,69.96,5,5,era5
2024-03-24,1,67.78,4,4,era5
2024-03-24,2,67.50,7,7,era5
2024-03-24,3,68.52,6,6,era5
2024-03-24,9,66.69,5,5,era5
2024-03-25,1,74.11,4,4,era5
2024-03-25,2,74.06,7,7,era5
2024-03-25,3,75.18,6,6,era5
2024-03-25,9,73.24,5,5,era5
2024-03-26,1,72.29,4,4,era5
2024-03-26,2,75.97,7,7,era5
2024-03-26,3,74.95,6,6,era5
2024-03-26,9,79.41,5,5,era5
2024-03-27,1,67.79,4,4,era5
2024-03-27,2,65.10,7,7,era5
2024-03-27,3,66.64,6,6,era5
2024-03-27,9,66.27,5,5,era5
2024-03-28,1,65.82,4,4,era5
2024-03-28,2,67.61,7,7,era5
2024-03-28,3,67.53,6,6,era5
2024-03-28,9,66.95,5,5,era5
2024-03-29,1,67.75,4,4,era5
2024-03-29,2,69.69,7,7,era5
2024-03-29,3,69.27,6,6,era5
2024-03-29,9,69.26,5,5,era5
2024-03-30,1,74.25,4,4,era5
2024-03-30,2,74.71,7,7,era5
2024-03-30,3,75.33,6,6,era5
2024-03-30,9,74.51,5,5,era5
2024-03-31,1,77.52,4,4,era5
2024-03-31,2,77.52,7,7,era5
2024-03-31,3,78.07,6,6,era5
2024-03-31,9,77.48,5,5,era5
2024-04-01,1,79.48,4,4,era5
2024-04-01,2,80.03,7,7,era5
2024-04-01,3,80.29,6,6,era5
2024-04-01,9,80.00,5,5,era5
2024-04-02,1,79.71,4,4,era5
2024-04-02,2,80.97,7,7,era5
2024-04-02,3,80.38,6,6,era5
2024-04-02,9,80.78,5,5,era5
2024-04-03,1,66.42,4,4,era5
2024-04-03,2,66.92,7,7,era5
2024-04-03,3,66.93,6,6,era5
2024-04-03,9,66.86,5,5,era5
2024-04-04,1,65.78,4,4,era5
2024-04-04,2,67.34,7,7,era5
2024-04-04,3,66.91,6,6,era5
2024-04-04,9,66.08,5,5,era5
2024-04-05,1,76.50,4,4,era5
2024-04-05,2,77.66,7,7,era5
2024-04-05,3,77.22,6,6,era5
2024-04-05,9,74.65,5,5,era5
2024-04-06,1,72.26,4,4,era5
2024-04-06,2,76.56,7,7,era5
2024-04-06,3,77.24,6,6,era5
2024-04-06,9,74.49,5,5,era5
2024-04-07,1,76.12,4,4,era5
2024-04-07,2,76.76,7,7,era5
2024-04-07,3,77.25,6,6,era5
2024-04-07,9,76.17,5,5,era5
2024-04-08,1,75.20,4,4,era5
2024-04-08,2,75.00,7,7,era5
2024-04-08,3,77.12,6,6,era5
2024-04-08,9,75.10,5,5,era5
2024-04-09,1,77.66,4,4,era5
2024-04-09,2,77.51,7,7,era5
2024-04-09,3,78.12,6,6,era5
2024-04-09,9,76.78,5,5,era5
2024-04-10,1,73.40,4,4,era5
2024-04-10,2,76.57,7,7,era5
2024-04-10,3,75.95,6,6,era5
2024-04-10,9,74.49,5,5,era5
2024-04-11,1,68.19,4,4,era5
2024-04-11,2,69.78,7,7,era5
2024-04-11,3,69.23,6,6,era5
2024-04-11,9,68.41,5,5,era5
2024-04-12,1,69.88,4,4,era5
2024-04-12,2,71.38,7,7,era5
2024-04-12,3,71.76,6,6,era5
2024-04-12,9,70.57,5,5,era5
2024-04-13,1,73.86,4,4,era5
2024-04-13,2,77.76,7,7,era5
2024-04-13,3,75.46,6,6,era5
2024-04-13,9,78.13,5,5,era5
2024-04-14,1,75.64,4,4,era5
2024-04-14,2,78.09,7,7,era5
2024-04-14,3,77.42,6,6,era5
2024-04-14,9,77.08,5,5,era5
2024-04-15,1,78.34,4,4,era5
2024-04-15,2,80.14,7,7,era5
2024-04-15,3,79.88,6,6,era5
2024-04-15,9,79.84,5,5,era5
2024-04-16,1,78.00,4,4,era5
2024-04-16,2,80.18,7,7,era5
2024-04-16,3,80.03,6,6,era5
2024-04-16,9,79.17,5,5,era5
2024-04-17,1,79.46,4,4,era5
2024-04-17,2,78.79,7,7,era5
2024-04-17,3,80.58,6,6,era5
2024-04-17,9,78.85,5,5,era5
2024-04-18,1,80.13,4,4,era5
2024-04-18,2,81.46,7,7,era5
2024-04-18,3,81.20,6,6,era5
2024-04-18,9,80.74,5,5,era5
2024-04-19,1,85.47,4,4,era5
2024-04-19,2,84.93,7,7,era5
2024-04-19,3,86.12,6,6,era5
2024-04-19,9,85.34,5,5,era5
2024-04-20,1,84.39,4,4,era5
2024-04-20,2,83.97,7,7,era5
2024-04-20,3,85.26,6,6,era5
2024-04-20,9,84.21,5,5,era5
2024-04-21,1,67.64,4,4,era5
2024-04-21,2,67.87,7,7,era5
2024-04-21,3,68.37,6,6,era5
2024-04-21,9,67.21,5,5,era5
2024-04-22,1,67.27,4,4,era5
2024-04-22,2,69.57,7,7,era5
2024-04-22,3,67.58,6,6,era5
2024-04-22,9,68.71,5,5,era5
2024-04-23,1,72.33,4,4,era5
2024-04-23,2,73.49,7,7,era5
2024-04-23,3,74.13,6,6,era5
2024-04-23,9,73.18,5,5,era5
2024-04-24,1,81.29,4,4,era5
2024-04-24,2,84.87,7,7,era5
2024-04-24,3,83.95,6,6,era5
2024-04-24,9,84.85,5,5,era5
2024-04-25,1,78.92,4,4,era5
2024-04-25,2,80.46,7,7,era5
2024-04-25,3,79.79,6,6,era5
2024-04-25,9,80.05,5,5,era5
2024-04-26,1,79.71,4,4,era5
2024-04-26,2,80.02,7,7,era5
2024-04-26,3,80.51,6,6,era5
2024-04-26,9,80.56,5,5,era5
2024-04-27,1,78.92,4,4,era5
2024-04-27,2,80.39,7,7,era5
2024-04-27,3,80.38,6,6,era5
2024-04-27,9,79.59,5,5,era5
2024-04-28,1,78.83,4,4,era5
2024-04-28,2,81.47,7,7,era5
2024-04-28,3,81.00,6,6,era5
2024-04-28,9,80.29,5,5,era5
2024-04-29,1,77.55,4,4,era5
2024-04-29,2,73.41,7,7,era5
2024-04-29,3,79.63,6,6,era5
2024-04-29,9,76.15,5,5,era5
2024-04-30,1,85.82,4,4,era5
2024-04-30,2,86.96,7,7,era5
2024-04-30,3,86.61,6,6,era5
2024-04-30,9,87.68,5,5,era5
2024-05-01,1,84.04,4,4,era5
2024-05-01,2,84.88,7,7,era5
2024-05-01,3,86.09,6,6,era5
2024-05-01,9,85.01,5,5,era5
2024-05-02,1,81.27,4,4,era5
2024-05-02,2,80.38,7,7,era5
2024-05-02,3,81.18,6,6,era5
2024-05-02,9,81.68,5,5,era5
2024-05-03,1,79.84,4,4,era5
2024-05-03,2,78.21,7,7,era5
2024-05-03,3,81.31,6,6,era5
2024-05-03,9,79.03,5,5,era5
2024-05-04,1,83.37,4,4,era5
2024-05-04,2,85.25,7,7,era5
2024-05-04,3,83.99,6,6,era5
2024-05-04,9,85.17,5,5,era5
2024-05-05,1,82.05,4,4,era5
2024-05-05,2,82.36,7,7,era5
2024-05-05,3,82.96,6,6,era5
2024-05-05,9,82.81,5,5,era5
2024-05-06,1,82.93,4,4,era5
2024-05-06,2,83.13,7,7,era5
2024-05-06,3,83.30,6,6,era5
2024-05-06,9,83.49,5,5,era5
2024-05-07,1,83.72,4,4,era5
2024-05-07,2,83.81,7,7,era5
2024-05-07,3,84.64,6,6,era5
2024-05-07,9,83.89,5,5,era5
2024-05-08,1,84.58,4,4,era5
2024-05-08,2,85.98,7,7,era5
2024-05-08,3,85.75,6,6,era5
2024-05-08,9,85.71,5,5,era5
2024-05-09,1,86.80,4,4,era5
2024-05-09,2,88.25,7,7,era5
2024-05-09,3,88.50,6,6,era5
2024-05-09,9,88.25,5,5,era5
2024-05-10,1,88.06,4,4,era5
2024-05-10,2,85.89,7,7,era5
2024-05-10,3,87.27,6,6,era5
2024-05-10,9,86.04,5,5,era5
2024-05-11,1,76.63,4,4,era5
2024-05-11,2,79.22,7,7,era5
2024-05-11,3,77.60,6,6,era5
2024-05-11,9,80.43,5,5,era5
2024-05-12,1,77.80,4,4,era5
2024-05-12,2,76.21,7,7,era5
2024-05-12,3,78.13,6,6,era5
2024-05-12,9,76.55,5,5,era5
2024-05-13,1,79.84,4,4,era5
2024-05-13,2,82.11,7,7,era5
2024-05-13,3,81.82,6,6,era5
2024-05-13,9,81.28,5,5,era5
2024-05-14,1,82.79,4,4,era5
2024-05-14,2,80.88,7,7,era5
2024-05-14,3,82.82,6,6,era5
2024-05-14,9,81.52,5,5,era5
2024-05-15,1,81.42,4,4,era5
2024-05-15,2,82.22,7,7,era5
2024-05-15,3,82.71,6,6,era5
2024-05-15,9,81.65,5,5,era5
2024-05-16,1,82.73,4,4,era5
2024-05-16,2,84.09,7,7,era5
2024-05-16,3,83.19,6,6,era5
2024-05-16,9,85.78,5,5,era5
2024-05-17,1,85.99,4,4,era5
2024-05-17,2,81.70,7,7,era5
2024-05-17,3,85.85,6,6,era5
2024-05-17,9,80.78,5,5,era5
2024-05-18,1,83.11,4,4,era5
2024-05-18,2,88.34,7,7,era5
2024-05-18,3,85.52,6,6,era5
2024-05-18,9,88.51,5,5,era5
2024-05-19,1,87.65,4,4,era5
2024-05-19,2,88.78,7,7,era5
2024-05-19,3,87.05,6,6,era5
2024-05-19,9,89.63,5,5,era5
2024-05-20,1,85.21,4,4,era5
2024-05-20,2,86.48,7,7,era5
2024-05-20,3,85.55,6,6,era5
2024-05-20,9,87.42,5,5,era5
2024-05-21,1,83.19,4,4,era5
2024-05-21,2,85.03,7,7,era5
2024-05-21,3,85.12,6,6,era5
2024-05-21,9,84.23,5,5,era5
2024-05-22,1,83.86,4,4,era5
2024-05-22,2,86.18,7,7,era5
2024-05-22,3,85.41,6,6,era5
2024-05-22,9,85.27,5,5,era5
2024-05-23,1,84.94,4,4,era5
2024-05-23,2,86.99,7,7,era5
2024-05-23,3,86.30,6,6,era5
2024-05-23,9,86.16,5,5,era5
2024-05-24,1,86.29,4,4,era5
2024-05-24,2,87.53,7,7,era5
2024-05-24,3,87.00,6,6,era5
2024-05-24,9,87.36,5,5,era5
2024-05-25,1,86.97,4,4,era5
2024-05-25,2,88.85,7,7,era5
2024-05-25,3,87.87,6,6,era5
2024-05-25,9,88.59,5,5,era5
2024-05-26,1,86.48,4,4,era5
2024-05-26,2,87.26,7,7,era5
2024-05-26,3,87.71,6,6,era5
2024-05-26,9,87.25,5,5,era5
2024-05-27,1,92.15,4,4,era5
2024-05-27,2,97.25,7,7,era5
2024-05-27,3,92.33,6,6,era5
2024-05-27,9,95.67,5,5,era5
2024-05-28,1,88.98,4,4,era5
2024-05-28,2,89.32,7,7,era5
2024-05-28,3,90.40,6,6,era5
2024-05-28,9,90.28,5,5,era5
2024-05-29,1,86.56,4,4,era5
2024-05-29,2,89.14,7,7,era5
2024-05-29,3,88.22,6,6,era5
2024-05-29,9,86.51,5,5,era5
2024-05-30,1,83.45,4,4,era5
2024-05-30,2,85.48,7,7,era5
2024-05-30,3,84.92,6,6,era5
2024-05-30,9,84.15,5,5,era5
2024-05-31,1,83.74,4,4,era5
2024-05-31,2,83.17,7,7,era5
2024-05-31,3,83.77,6,6,era5
2024-05-31,9,84.84,5,5,era5
2024-06-01,1,86.73,4,4,era5
2024-06-01,2,91.07,7,7,era5
2024-06-01,3,89.27,6,6,era5
2024-06-01,9,89.01,5,5,era5
2024-06-02,1,85.83,4,4,era5
2024-06-02,2,88.07,7,7,era5
2024-06-02,3,85.82,6,6,era5
2024-06-02,9,85.94,5,5,era5
2024-06-03,1,86.90,4,4,era5
2024-06-03,2,87.65,7,7,era5
2024-06-03,3,87.11,6,6,era5
2024-06-03,9,87.87,5,5,era5
2024-06-04,1,85.67,4,4,era5
2024-06-04,2,86.03,7,7,era5
2024-06-04,3,86.61,6,6,era5
2024-06-04,9,85.78,5,5,era5
2024-06-05,1,85.95,4,4,era5
2024-06-05,2,84.87,7,7,era5
2024-06-05,3,85.99,6,6,era5
2024-06-05,9,85.79,5,5,era5
2024-06-06,1,89.54,4,4,era5
2024-06-06,2,86.00,7,7,era5
2024-06-06,3,85.77,6,6,era5
2024-06-06,9,89.34,5,5,era5
2024-06-07,1,93.80,4,4,era5
2024-06-07,2,90.34,7,7,era5
2024-06-07,3,90.05,6,6,era5
2024-06-07,9,90.35,5,5,era5
2024-06-08,1,90.43,4,4,era5
2024-06-08,2,94.82,7,7,era5
2024-06-08,3,93.36,6,6,era5
2024-06-08,9,93.35,5,5,era5
2024-06-09,1,92.88,4,4,era5
2024-06-09,2,90.97,7,7,era5
2024-06-09,3,91.18,6,6,era5
2024-06-09,9,92.31,5,5,era5
2024-06-10,1,90.60,4,4,era5
2024-06-10,2,92.47,7,7,era5
2024-06-10,3,91.79,6,6,era5
2024-06-10,9,91.85,5,5,era5
2024-06-11,1,87.89,4,4,era5
2024-06-11,2,87.89,7,7,era5
2024-06-11,3,89.67,6,6,era5
2024-06-11,9,88.88,5,5,era5
2024-06-12,1,86.74,4,4,era5
2024-06-12,2,89.66,7,7,era5
2024-06-12,3,88.75,6,6,era5
2024-06-12,9,91.58,5,5,era5
2024-06-13,1,91.42,4,4,era5
2024-06-13,2,89.74,7,7,era5
2024-06-13,3,92.30,6,6,era5
2024-06-13,9,91.67,5,5,era5
2024-06-14,1,87.39,4,4,era5
2024-06-14,2,92.14,7,7,era5
2024-06-14,3,88.18,6,6,era5
2024-06-14,9,92.89,5,5,era5
2024-06-15,1,88.06,4,4,era5
2024-06-15,2,91.00,7,7,era5
2024-06-15,3,88.45,6,6,era5
2024-06-15,9,90.57,5,5,era5
2024-06-16,1,85.71,4,4,era5
2024-06-16,2,86.70,7,7,era5
2024-06-16,3,86.45,6,6,era5
2024-06-16,9,88.68,5,5,era5
2024-06-17,1,83.02,4,4,era5
2024-06-17,2,84.15,7,7,era5
2024-06-17,3,83.31,6,6,era5
2024-06-17,9,85.22,5,5,era5
2024-06-18,1,83.07,4,4,era5
2024-06-18,2,82.36,7,7,era5
2024-06-18,3,83.46,6,6,era5
2024-06-18,9,83.80,5,5,era5
2024-06-19,1,85.35,4,4,era5
2024-06-19,2,86.74,7,7,era5
2024-06-19,3,86.69,6,6,era5
2024-06-19,9,85.90,5,5,era5
2024-06-20,1,84.22,4,4,era5
2024-06-20,2,87.53,7,7,era5
2024-06-20,3,85.84,6,6,era5
2024-06-20,9,86.56,5,5,era5
2024-06-21,1,86.06,4,4,era5
2024-06-21,2,89.95,7,7,era5
2024-06-21,3,87.36,6,6,era5
2024-06-21,9,89.69,5,5,era5
2024-06-22,1,86.56,4,4,era5
2024-06-22,2,88.86,7,7,era5
2024-06-22,3,88.14,6,6,era5
2024-06-22,9,88.92,5,5,era5
2024-06-23,1,90.83,4,4,era5
2024-06-23,2,93.63,7,7,era5
2024-06-23,3,91.02,6,6,era5
2024-06-23,9,93.50,5,5,era5
2024-06-24,1,95.04,4,4,era5
2024-06-24,2,96.31,7,7,era5
2024-06-24,3,95.99,6,6,era5
2024-06-24,9,96.09,5,5,era5
2024-06-25,1,92.30,4,4,era5
2024-06-25,2,92.50,7,7,era5
2024-06-25,3,91.64,6,6,era5
2024-06-25,9,92.41,5,5,era5
2024-06-26,1,89.87,4,4,era5
2024-06-26,2,89.12,7,7,era5
2024-06-26,3,89.62,6,6,era5
2024-06-26,9,90.37,5,5,era5
2024-06-27,1,89.64,4,4,era5
2024-06-27,2,89.07,7,7,era5
2024-06-27,3,89.30,6,6,era5
2024-06-27,9,88.91,5,5,era5
2024-06-28,1,87.71,4,4,era5
2024-06-28,2,87.56,7,7,era5
2024-06-28,3,87.41,6,6,era5
2024-06-28,9,88.14,5,5,era5
2024-06-29,1,91.21,4,4,era5
2024-06-29,2,93.61,7,7,era5
2024-06-29,3,93.06,6,6,era5
2024-06-29,9,94.02,5,5,era5
2024-06-30,1,92.12,4,4,era5
2024-06-30,2,93.05,7,7,era5
2024-06-30,3,93.35,6,6,era5
2024-06-30,9,94.26,5,5,era5
2024-07-01,1,96.97,4,4,era5
2024-07-01,2,94.06,7,7,era5
2024-07-01,3,94.22,6,6,era5
2024-07-01,9,94.10,5,5,era5
2024-07-02,1,91.75,4,4,era5
2024-07-02,2,94.02,7,7,era5
2024-07-02,3,93.87,6,6,era5
2024-07-02,9,93.41,5,5,era5
2024-07-03,1,89.83,4,4,era5
2024-07-03,2,91.25,7,7,era5
2024-07-03,3,91.92,6,6,era5
2024-07-03,9,91.18,5,5,era5
2024-07-04,1,90.46,4,4,era5
2024-07-04,2,91.28,7,7,era5
2024-07-04,3,90.43,6,6,era5
2024-07-04,9,93.38,5,5,era5
2024-07-05,1,95.68,4,4,era5
2024-07-05,2,95.46,7,7,era5
2024-07-05,3,95.45,6,6,era5
2024-07-05,9,93.54,5,5,era5
2024-07-06,1,90.01,4,4,era5
2024-07-06,2,92.14,7,7,era5
2024-07-06,3,92.70,6,6,era5
2024-07-06,9,93.12,5,5,era5
2024-07-07,1,89.25,4,4,era5
2024-07-07,2,89.68,7,7,era5
2024-07-07,3,88.57,6,6,era5
2024-07-07,9,91.34,5,5,era5
2024-07-08,1,89.26,4,4,era5
2024-07-08,2,87.82,7,7,era5
2024-07-08,3,88.37,6,6,era5
2024-07-08,9,88.29,5,5,era5
2024-07-09,1,87.06,4,4,era5
2024-07-09,2,87.82,7,7,era5
2024-07-09,3,88.04,6,6,era5
2024-07-09,9,88.68,5,5,era5
2024-07-10,1,87.05,4,4,era5
2024-07-10,2,89.29,7,7,era5
2024-07-10,3,88.33,6,6,era5
2024-07-10,9,89.18,5,5,era5
2024-07-11,1,89.95,4,4,era5
2024-07-11,2,91.98,7,7,era5
2024-07-11,3,91.09,6,6,era5
2024-07-11,9,91.91,5,5,era5
2024-07-12,1,93.07,4,4,era5
2024-07-12,2,94.90,7,7,era5
2024-07-12,3,94.01,6,6,era5
2024-07-12,9,94.87,5,5,era5
2024-07-13,1,95.70,4,4,era5
2024-07-13,2,91.83,7,7,era5
2024-07-13,3,93.27,6,6,era5
2024-07-13,9,93.47,5,5,era5
2024-07-14,1,96.06,4,4,era5
2024-07-14,2,93.70,7,7,era5
2024-07-14,3,94.94,6,6,era5
2024-07-14,9,96.48,5,5,era5
2024-07-15,1,95.36,4,4,era5
2024-07-15,2,93.51,7,7,era5
2024-07-15,3,94.64,6,6,era5
2024-07-15,9,94.74,5,5,era5
2024-07-16,1,94.31,4,4,era5
2024-07-16,2,92.45,7,7,era5
2024-07-16,3,93.47,6,6,era5
2024-07-16,9,93.30,5,5,era5
2024-07-17,1,92.57,4,4,era5
2024-07-17,2,92.85,7,7,era5
2024-07-17,3,93.92,6,6,era5
2024-07-17,9,93.10,5,5,era5
2024-07-18,1,89.74,4,4,era5
2024-07-18,2,91.79,7,7,era5
2024-07-18,3,92.43,6,6,era5
2024-07-18,9,93.32,5,5,era5
2024-07-19,1,86.27,4,4,era5
2024-07-19,2,84.17,7,7,era5
2024-07-19,3,86.22,6,6,era5
2024-07-19,9,82.99,5,5,era5
2024-07-20,1,91.29,4,4,era5
2024-07-20,2,91.98,7,7,era5
2024-07-20,3,88.96,6,6,era5
2024-07-20,9,91.22,5,5,era5
2024-07-21,1,85.41,4,4,era5
2024-07-21,2,87.83,7,7,era5
2024-07-21,3,84.82,6,6,era5
2024-07-21,9,88.45,5,5,era5
2024-07-22,1,87.74,4,4,era5
2024-07-22,2,87.83,7,7,era5
2024-07-22,3,87.83,6,6,era5
2024-07-22,9,88.93,5,5,era5
2024-07-23,1,87.29,4,4,era5
2024-07-23,2,85.43,7,7,era5
2024-07-23,3,86.86,6,6,era5
2024-07-23,9,89.94,5,5,era5
2024-07-24,1,91.02,4,4,era5
2024-07-24,2,84.91,7,7,era5
2024-07-24,3,90.99,6,6,era5
2024-07-24,9,91.25,5,5,era5
2024-07-25,1,92.02,4,4,era5
2024-07-25,2,91.74,7,7,era5
2024-07-25,3,90.95,6,6,era5
2024-07-25,9,93.23,5,5,era5
2024-07-26,1,85.19,4,4,era5
2024-07-26,2,87.60,7,7,era5
2024-07-26,3,87.59,6,6,era5
2024-07-26,9,90.15,5,5,era5
2024-07-27,1,90.52,4,4,era5
2024-07-27,2,89.51,7,7,era5
2024-07-27,3,89.94,6,6,era5
2024-07-27,9,91.01,5,5,era5
2024-07-28,1,92.05,4,4,era5
2024-07-28,2,91.94,7,7,era5
2024-07-28,3,91.59,6,6,era5
2024-07-28,9,92.66,5,5,era5
2024-07-29,1,93.11,4,4,era5
2024-07-29,2,90.51,7,7,era5
2024-07-29,3,92.08,6,6,era5
2024-07-29,9,92.49,5,5,era5
2024-07-30,1,92.62,4,4,era5
2024-07-30,2,91.78,7,7,era5
2024-07-30,3,91.81,6,6,era5
2024-07-30,9,92.23,5,5,era5
2024-07-31,1,95.18,4,4,era5
2024-07-31,2,93.99,7,7,era5
2024-07-31,3,96.23,6,6,era5
2024-07-31,9,95.94,5,5,era5
2024-08-01,1,96.57,4,4,era5
2024-08-01,2,97.20,7,7,era5
2024-08-01,3,97.63,6,6,era5
2024-08-01,9,97.57,5,5,era5
2024-08-02,1,92.25,4,4,era5
2024-08-02,2,92.45,7,7,era5
2024-08-02,3,92.87,6,6,era5
2024-08-02,9,93.04,5,5,era5
2024-08-03,1,91.87,4,4,era5
2024-08-03,2,91.88,7,7,era5
2024-08-03,3,90.98,6,6,era5
2024-08-03,9,92.70,5,5,era5
2024-08-04,1,91.38,4,4,era5
2024-08-04,2,90.44,7,7,era5
2024-08-04,3,91.63,6,6,era5
2024-08-04,9,91.54,5,5,era5
2024-08-05,1,92.24,4,4,era5
2024-08-05,2,93.86,7,7,era5
2024-08-05,3,94.37,6,6,era5
2024-08-05,9,93.84,5,5,era5
2024-08-06,1,92.95,4,4,era5
2024-08-06,2,92.44,7,7,era5
2024-08-06,3,94.05,6,6,era5
2024-08-06,9,92.15,5,5,era5
2024-08-07,1,89.21,4,4,era5
2024-08-07,2,89.99,7,7,era5
2024-08-07,3,89.96,6,6,era5
2024-08-07,9,90.89,5,5,era5
2024-08-08,1,90.12,4,4,era5
2024-08-08,2,90.90,7,7,era5
2024-08-08,3,90.98,6,6,era5
2024-08-08,9,90.89,5,5,era5
2024-08-09,1,88.84,4,4,era5
2024-08-09,2,88.47,7,7,era5
2024-08-09,3,88.30,6,6,era5
2024-08-09,9,89.37,5,5,era5
2024-08-10,1,91.29,4,4,era5
2024-08-10,2,88.86,7,7,era5
2024-08-10,3,89.29,6,6,era5
2024-08-10,9,89.43,5,5,era5
2024-08-11,1,91.77,4,4,era5
2024-08-11,2,89.92,7,7,era5
2024-08-11,3,91.31,6,6,era5
2024-08-11,9,92.31,5,5,era5
2024-08-12,1,95.32,4,4,era5
2024-08-12,2,93.87,7,7,era5
2024-08-12,3,94.95,6,6,era5
2024-08-12,9,95.96,5,5,era5
2024-08-13,1,95.83,4,4,era5
2024-08-13,2,96.63,7,7,era5
2024-08-13,3,96.10,6,6,era5
2024-08-13,9,96.03,5,5,era5
2024-08-14,1,95.51,4,4,era5
2024-08-14,2,97.95,7,7,era5
2024-08-14,3,97.36,6,6,era5
2024-08-14,9,96.42,5,5,era5
2024-08-15,1,95.17,4,4,era5
2024-08-15,2,96.08,7,7,era5
2024-08-15,3,97.47,6,6,era5
2024-08-15,9,98.80,5,5,era5
2024-08-16,1,93.15,4,4,era5
2024-08-16,2,96.62,7,7,era5
2024-08-16,3,94.22,6,6,era5
2024-08-16,9,95.73,5,5,era5
2024-08-17,1,93.54,4,4,era5
2024-08-17,2,97.77,7,7,era5
2024-08-17,3,93.68,6,6,era5
2024-08-17,9,97.67,5,5,era5
2024-08-18,1,93.04,4,4,era5
2024-08-18,2,94.01,7,7,era5
2024-08-18,3,94.76,6,6,era5
2024-08-18,9,93.39,5,5,era5
2024-08-19,1,90.34,4,4,era5
2024-08-19,2,86.86,7,7,era5
2024-08-19,3,88.91,6,6,era5
2024-08-19,9,89.16,5,5,era5
2024-08-20,1,87.51,4,4,era5
2024-08-20,2,86.08,7,7,era5
2024-08-20,3,86.97,6,6,era5
2024-08-20,9,87.42,5,5,era5
2024-08-21,1,88.65,4,4,era5
2024-08-21,2,89.49,7,7,era5
2024-08-21,3,89.78,6,6,era5
2024-08-21,9,91.95,5,5,era5
2024-08-22,1,86.98,4,4,era5
2024-08-22,2,92.20,7,7,era5
2024-08-22,3,89.34,6,6,era5
2024-08-22,9,91.27,5,5,era5
2024-08-23,1,85.21,4,4,era5
2024-08-23,2,87.77,7,7,era5
2024-08-23,3,85.93,6,6,era5
2024-08-23,9,88.14,5,5,era5
2024-08-24,1,85.02,4,4,era5
2024-08-24,2,85.54,7,7,era5
2024-08-24,3,85.36,6,6,era5
2024-08-24,9,86.76,5,5,era5
2024-08-25,1,85.67,4,4,era5
2024-08-25,2,87.87,7,7,era5
2024-08-25,3,86.13,6,6,era5
2024-08-25,9,88.60,5,5,era5
2024-08-26,1,87.53,4,4,era5
2024-08-26,2,88.27,7,7,era5
2024-08-26,3,88.41,6,6,era5
2024-08-26,9,89.12,5,5,era5
2024-08-27,1,91.30,4,4,era5
2024-08-27,2,89.01,7,7,era5
2024-08-27,3,89.14,6,6,era5
2024-08-27,9,91.37,5,5,era5
2024-08-28,1,88.36,4,4,era5
2024-08-28,2,91.66,7,7,era5
2024-08-28,3,90.04,6,6,era5
2024-08-28,9,91.00,5,5,era5
2024-08-29,1,85.59,4,4,era5
2024-08-29,2,87.11,7,7,era5
2024-08-29,3,85.86,6,6,era5
2024-08-29,9,86.44,5,5,era5
2024-08-30,1,84.07,4,4,era5
2024-08-30,2,83.07,7,7,era5
2024-08-30,3,84.00,6,6,era5
2024-08-30,9,83.24,5,5,era5
2024-08-31,1,81.48,4,4,era5
2024-08-31,2,81.22,7,7,era5
2024-08-31,3,81.14,6,6,era5
2024-08-31,9,81.24,5,5,era5
2024-09-01,1,85.14,4,4,era5
2024-09-01,2,86.81,7,7,era5
2024-09-01,3,86.65,6,6,era5
2024-09-01,9,88.23,5,5,era5
2024-09-02,1,89.23,4,4,era5
2024-09-02,2,88.89,7,7,era5
2024-09-02,3,89.10,6,6,era5
2024-09-02,9,88.99,5,5,era5
2024-09-03,1,89.65,4,4,era5
2024-09-03,2,89.87,7,7,era5
2024-09-03,3,89.94,6,6,era5
2024-09-03,9,90.25,5,5,era5
2024-09-04,1,83.81,4,4,era5
2024-09-04,2,86.03,7,7,era5
2024-09-04,3,84.08,6,6,era5
2024-09-04,9,85.51,5,5,era5
2024-09-05,1,82.67,4,4,era5
2024-09-05,2,81.01,7,7,era5
2024-09-05,3,82.97,6,6,era5
2024-09-05,9,81.45,5,5,era5
2024-09-06,1,78.67,4,4,era5
2024-09-06,2,77.30,7,7,era5
2024-09-06,3,78.93,6,6,era5
2024-09-06,9,75.78,5,5,era5
2024-09-07,1,76.91,4,4,era5
2024-09-07,2,80.26,7,7,era5
2024-09-07,3,78.05,6,6,era5
2024-09-07,9,80.12,5,5,era5
2024-09-08,1,81.24,4,4,era5
2024-09-08,2,81.21,7,7,era5
2024-09-08,3,81.86,6,6,era5
2024-09-08,9,82.55,5,5,era5
2024-09-09,1,79.98,4,4,era5
2024-09-09,2,83.55,7,7,era5
2024-09-09,3,81.16,6,6,era5
2024-09-09,9,83.63,5,5,era5
2024-09-10,1,79.76,4,4,era5
2024-09-10,2,77.33,7,7,era5
2024-09-10,3,79.16,6,6,era5
2024-09-10,9,76.32,5,5,era5
2024-09-11,1,78.17,4,4,era5
2024-09-11,2,75.92,7,7,era5
2024-09-11,3,78.33,6,6,era5
2024-09-11,9,75.05,5,5,era5
2024-09-12,1,83.03,4,4,era5
2024-09-12,2,81.94,7,7,era5
2024-09-12,3,82.74,6,6,era5
2024-09-12,9,81.62,5,5,era5
2024-09-13,1,85.13,4,4,era5
2024-09-13,2,84.56,7,7,era5
2024-09-13,3,84.98,6,6,era5
2024-09-13,9,84.52,5,5,era5
2024-09-14,1,86.49,4,4,era5
2024-09-14,2,87.38,7,7,era5
2024-09-14,3,86.55,6,6,era5
2024-09-14,9,86.55,5,5,era5
2024-09-15,1,84.62,4,4,era5
2024-09-15,2,84.43,7,7,era5
2024-09-15,3,85.35,6,6,era5
2024-09-15,9,84.19,5,5,era5
2024-09-16,1,90.69,4,4,era5
2024-09-16,2,87.06,7,7,era5
2024-09-16,3,89.09,6,6,era5
2024-09-16,9,86.54,5,5,era5
2024-09-17,1,89.33,4,4,era5
2024-09-17,2,89.30,7,7,era5
2024-09-17,3,88.58,6,6,era5
2024-09-17,9,89.65,5,5,era5
2024-09-18,1,91.56,4,4,era5
2024-09-18,2,91.73,7,7,era5
2024-09-18,3,90.27,6,6,era5
2024-09-18,9,92.10,5,5,era5
2024-09-19,1,89.25,4,4,era5
2024-09-19,2,89.32,7,7,era5
2024-09-19,3,91.19,6,6,era5
2024-09-19,9,88.82,5,5,era5
2024-09-20,1,89.74,4,4,era5
2024-09-20,2,88.93,7,7,era5
2024-09-20,3,89.47,6,6,era5
2024-09-20,9,88.40,5,5,era5
2024-09-21,1,87.02,4,4,era5
2024-09-21,2,87.57,7,7,era5
2024-09-21,3,86.47,6,6,era5
2024-09-21,9,88.50,5,5,era5
2024-09-22,1,87.22,4,4,era5
2024-09-22,2,89.32,7,7,era5
2024-09-22,3,88.29,6,6,era5
2024-09-22,9,88.15,5,5,era5
2024-09-23,1,88.00,4,4,era5
2024-09-23,2,89.98,7,7,era5
2024-09-23,3,88.67,6,6,era5
2024-09-23,9,90.22,5,5,era5
2024-09-24,1,86.51,4,4,era5
2024-09-24,2,89.90,7,7,era5
2024-09-24,3,88.98,6,6,era5
2024-09-24,9,90.19,5,5,era5
2024-09-25,1,88.26,4,4,era5
2024-09-25,2,87.74,7,7,era5
2024-09-25,3,87.30,6,6,era5
2024-09-25,9,88.85,5,5,era5
2024-09-26,1,80.32,4,4,era5
2024-09-26,2,80.02,7,7,era5
2024-09-26,3,80.82,6,6,era5
2024-09-26,9,80.02,5,5,era5
2024-09-27,1,77.45,4,4,era5
2024-09-27,2,77.70,7,7,era5
2024-09-27,3,77.91,6,6,era5
2024-09-27,9,77.51,5,5,era5
2024-09-28,1,81.14,4,4,era5
2024-09-28,2,81.81,7,7,era5
2024-09-28,3,81.44,6,6,era5
2024-09-28,9,82.25,5,5,era5
2024-09-29,1,87.28,4,4,era5
2024-09-29,2,86.52,7,7,era5
2024-09-29,3,87.57,6,6,era5
2024-09-29,9,85.90,5,5,era5
2024-09-30,1,85.88,4,4,era5
2024-09-30,2,86.36,7,7,era5
2024-09-30,3,85.98,6,6,era5
2024-09-30,9,85.48,5,5,era5
2024-10-01,1,83.07,4,4,era5
2024-10-01,2,84.06,7,7,era5
2024-10-01,3,83.86,6,6,era5
2024-10-01,9,84.08,5,5,era5
2024-10-02,1,83.39,4,4,era5
2024-10-02,2,83.69,7,7,era5
2024-10-02,3,83.09,6,6,era5
2024-10-02,9,83.99,5,5,era5
2024-10-03,1,82.01,4,4,era5
2024-10-03,2,83.62,7,7,era5
2024-10-03,3,81.70,6,6,era5
2024-10-03,9,83.86,5,5,era5
2024-10-04,1,77.70,4,4,era5
2024-10-04,2,80.20,7,7,era5
2024-10-04,3,77.44,6,6,era5
2024-10-04,9,77.76,5,5,era5
2024-10-05,1,80.33,4,4,era5
2024-10-05,2,84.64,7,7,era5
2024-10-05,3,82.00,6,6,era5
2024-10-05,9,83.71,5,5,era5
2024-10-06,1,83.48,4,4,era5
2024-10-06,2,82.71,7,7,era5
2024-10-06,3,83.76,6,6,era5
2024-10-06,9,83.41,5,5,era5
2024-10-07,1,83.12,4,4,era5
2024-10-07,2,82.42,7,7,era5
2024-10-07,3,82.64,6,6,era5
2024-10-07,9,82.94,5,5,era5
2024-10-08,1,76.40,4,4,era5
2024-10-08,2,74.78,7,7,era5
2024-10-08,3,76.25,6,6,era5
2024-10-08,9,76.14,5,5,era5
2024-10-09,1,81.79,4,4,era5
2024-10-09,2,78.98,7,7,era5
2024-10-09,3,81.24,6,6,era5
2024-10-09,9,81.46,5,5,era5
2024-10-10,1,80.44,4,4,era5
2024-10-10,2,79.36,7,7,era5
2024-10-10,3,80.55,6,6,era5
2024-10-10,9,79.89,5,5,era5
2024-10-11,1,78.19,4,4,era5
2024-10-11,2,78.83,7,7,era5
2024-10-11,3,78.86,6,6,era5
2024-10-11,9,80.11,5,5,era5
2024-10-12,1,84.29,4,4,era5
2024-10-12,2,86.16,7,7,era5
2024-10-12,3,84.93,6,6,era5
2024-10-12,9,85.52,5,5,era5
2024-10-13,1,82.23,4,4,era5
2024-10-13,2,81.68,7,7,era5
2024-10-13,3,81.91,6,6,era5
2024-10-13,9,82.01,5,5,era5
2024-10-14,1,84.26,4,4,era5
2024-10-14,2,87.12,7,7,era5
2024-10-14,3,86.22,6,6,era5
2024-10-14,9,85.84,5,5,era5
2024-10-15,1,83.28,4,4,era5
2024-10-15,2,83.41,7,7,era5
2024-10-15,3,83.47,6,6,era5
2024-10-15,9,82.89,5,5,era5
2024-10-16,1,62.85,4,4,era5
2024-10-16,2,62.85,7,7,era5
2024-10-16,3,63.12,6,6,era5
2024-10-16,9,62.72,5,5,era5
2024-10-17,1,65.43,4,4,era5
2024-10-17,2,66.92,7,7,era5
2024-10-17,3,66.63,6,6,era5
2024-10-17,9,67.77,5,5,era5
2024-10-18,1,70.17,4,4,era5
2024-10-18,2,72.34,7,7,era5
2024-10-18,3,71.02,6,6,era5
2024-10-18,9,72.57,5,5,era5
2024-10-19,1,74.10,4,4,era5
2024-10-19,2,74.64,7,7,era5
2024-10-19,3,75.03,6,6,era5
2024-10-19,9,75.77,5,5,era5
2024-10-20,1,74.70,4,4,era5
2024-10-20,2,75.45,7,7,era5
2024-10-20,3,74.49,6,6,era5
2024-10-20,9,75.71,5,5,era5
2024-10-21,1,74.53,4,4,era5
2024-10-21,2,76.42,7,7,era5
2024-10-21,3,75.56,6,6,era5
2024-10-21,9,77.58,5,5,era5
2024-10-22,1,79.09,4,4,era5
2024-10-22,2,81.30,7,7,era5
2024-10-22,3,78.58,6,6,era5
2024-10-22,9,82.49,5,5,era5
2024-10-23,1,81.24,4,4,era5
2024-10-23,2,82.58,7,7,era5
2024-10-23,3,80.92,6,6,era5
2024-10-23,9,82.23,5,5,era5
2024-10-24,1,84.56,4,4,era5
2024-10-24,2,81.32,7,7,era5
2024-10-24,3,81.97,6,6,era5
2024-10-24,9,84.27,5,5,era5
2024-10-25,1,82.70,4,4,era5
2024-10-25,2,84.74,7,7,era5
2024-10-25,3,82.54,6,6,era5
2024-10-25,9,84.08,5,5,era5
2024-10-26,1,81.93,4,4,era5
2024-10-26,2,83.40,7,7,era5
2024-10-26,3,81.08,6,6,era5
2024-10-26,9,83.96,5,5,era5
2024-10-27,1,83.92,4,4,era5
2024-10-27,2,86.49,7,7,era5
2024-10-27,3,83.04,6,6,era5
2024-10-27,9,86.69,5,5,era5
2024-10-28,1,79.78,4,4,era5
2024-10-28,2,79.92,7,7,era5
2024-10-28,3,80.19,6,6,era5
2024-10-28,9,81.27,5,5,era5
2024-10-29,1,79.12,4,4,era5
2024-10-29,2,79.22,7,7,era5
2024-10-29,3,79.43,6,6,era5
2024-10-29,9,78.93,5,5,era5
2024-10-30,1,81.31,4,4,era5
2024-10-30,2,81.64,7,7,era5
2024-10-30,3,81.59,6,6,era5
2024-10-30,9,80.99,5,5,era5
2024-10-31,1,82.47,4,4,era5
2024-10-31,2,81.56,7,7,era5
2024-10-31,3,82.04,6,6,era5
2024-10-31,9,81.41,5,5,era5
2024-11-01,1,78.75,4,4,era5
2024-11-01,2,79.11,7,7,era5
2024-11-01,3,80.03,6,6,era5
2024-11-01,9,79.43,5,5,era5
2024-11-02,1,79.12,4,4,era5
2024-11-02,2,79.79,7,7,era5
2024-11-02,3,79.72,6,6,era5
2024-11-02,9,79.73,5,5,era5
2024-11-03,1,80.54,4,4,era5
2024-11-03,2,80.40,7,7,era5
2024-11-03,3,80.85,6,6,era5
2024-11-03,9,80.51,5,5,era5
2024-11-04,1,80.67,4,4,era5
2024-11-04,2,81.14,7,7,era5
2024-11-04,3,81.35,6,6,era5
2024-11-04,9,80.75,5,5,era5
2024-11-05,1,81.42,4,4,era5
2024-11-05,2,81.48,7,7,era5
2024-11-05,3,81.48,6,6,era5
2024-11-05,9,81.34,5,5,era5
2024-11-06,1,85.57,4,4,era5
2024-11-06,2,87.61,7,7,era5
2024-11-06,3,88.40,6,6,era5
2024-11-06,9,87.88,5,5,era5
2024-11-07,1,81.88,4,4,era5
2024-11-07,2,82.93,7,7,era5
2024-11-07,3,82.91,6,6,era5
2024-11-07,9,83.74,5,5,era5
2024-11-08,1,78.91,4,4,era5
2024-11-08,2,79.35,7,7,era5
2024-11-08,3,79.78,6,6,era5
2024-11-08,9,78.10,5,5,era5
2024-11-09,1,81.03,4,4,era5
2024-11-09,2,80.39,7,7,era5
2024-11-09,3,82.25,6,6,era5
2024-11-09,9,80.42,5,5,era5
2024-11-10,1,78.41,4,4,era5
2024-11-10,2,78.96,7,7,era5
2024-11-10,3,78.66,6,6,era5
2024-11-10,9,77.84,5,5,era5
2024-11-11,1,77.66,4,4,era5
2024-11-11,2,79.37,7,7,era5
2024-11-11,3,79.11,6,6,era5
2024-11-11,9,79.54,5,5,era5
2024-11-12,1,72.76,4,4,era5
2024-11-12,2,69.99,7,7,era5
2024-11-12,3,72.23,6,6,era5
2024-11-12,9,68.33,5,5,era5
2024-11-13,1,77.67,4,4,era5
2024-11-13,2,77.45,7,7,era5
2024-11-13,3,80.37,6,6,era5
2024-11-13,9,76.99,5,5,era5
2024-11-14,1,71.70,4,4,era5
2024-11-14,2,70.05,7,7,era5
2024-11-14,3,71.46,6,6,era5
2024-11-14,9,71.27,5,5,era5
2024-11-15,1,73.53,4,4,era5
2024-11-15,2,74.77,7,7,era5
2024-11-15,3,73.39,6,6,era5
2024-11-15,9,74.49,5,5,era5
2024-11-16,1,75.58,4,4,era5
2024-11-16,2,75.00,7,7,era5
2024-11-16,3,75.73,6,6,era5
2024-11-16,9,76.48,5,5,era5
2024-11-17,1,76.08,4,4,era5
2024-11-17,2,78.60,7,7,era5
2024-11-17,3,78.08,6,6,era5
2024-11-17,9,77.46,5,5,era5
2024-11-18,1,78.85,4,4,era5
2024-11-18,2,77.44,7,7,era5
2024-11-18,3,78.23,6,6,era5
2024-11-18,9,77.72,5,5,era5
2024-11-19,1,79.61,4,4,era5
2024-11-19,2,76.55,7,7,era5
2024-11-19,3,78.63,6,6,era5
2024-11-19,9,78.58,5,5,era5
2024-11-20,1,69.00,4,4,era5
2024-11-20,2,63.83,7,7,era5
2024-11-20,3,67.99,6,6,era5
2024-11-20,9,66.12,5,5,era5
2024-11-21,1,63.34,4,4,era5
2024-11-21,2,63.77,7,7,era5
2024-11-21,3,64.15,6,6,era5
2024-11-21,9,63.48,5,5,era5
2024-11-22,1,64.70,4,4,era5
2024-11-22,2,64.72,7,7,era5
2024-11-22,3,66.30,6,6,era5
2024-11-22,9,66.08,5,5,era5
2024-11-23,1,75.30,4,4,era5
2024-11-23,2,73.64,7,7,era5
2024-11-23,3,73.94,6,6,era5
2024-11-23,9,73.63,5,5,era5
2024-11-24,1,74.00,4,4,era5
2024-11-24,2,72.93,7,7,era5
2024-11-24,3,73.97,6,6,era5
2024-11-24,9,73.19,5,5,era5
2024-11-25,1,75.57,4,4,era5
2024-11-25,2,76.74,7,7,era5
2024-11-25,3,76.05,6,6,era5
2024-11-25,9,76.36,5,5,era5
2024-11-26,1,71.04,4,4,era5
2024-11-26,2,72.88,7,7,era5
2024-11-26,3,72.32,6,6,era5
2024-11-26,9,71.98,5,5,era5
2024-11-27,1,74.74,4,4,era5
2024-11-27,2,75.69,7,7,era5
2024-11-27,3,75.53,6,6,era5
2024-11-27,9,73.41,5,5,era5
2024-11-28,1,72.01,4,4,era5
2024-11-28,2,64.42,7,7,era5
2024-11-28,3,71.49,6,6,era5
2024-11-28,9,66.88,5,5,era5
2024-11-29,1,56.81,4,4,era5
2024-11-29,2,55.85,7,7,era5
2024-11-29,3,56.98,6,6,era5
2024-11-29,9,56.44,5,5,era5
2024-11-30,1,60.25,4,4,era5
2024-11-30,2,63.81,7,7,era5
2024-11-30,3,61.52,6,6,era5
2024-11-30,9,66.87,5,5,era5
2024-12-01,1,64.90,4,4,era5
2024-12-01,2,68.30,7,7,era5
2024-12-01,3,66.01,6,6,era5
2024-12-01,9,70.19,5,5,era5
2024-12-02,1,65.60,4,4,era5
2024-12-02,2,69.09,7,7,era5
2024-12-02,3,64.76,6,6,era5
2024-12-02,9,70.47,5,5,era5
2024-12-03,1,61.60,4,4,era5
2024-12-03,2,63.72,7,7,era5
2024-12-03,3,61.77,6,6,era5
2024-12-03,9,64.00,5,5,era5
2024-12-04,1,65.58,4,4,era5
2024-12-04,2,62.69,7,7,era5
2024-12-04,3,65.34,6,6,era5
2024-12-04,9,63.58,5,5,era5
2024-12-05,1,66.63,4,4,era5
2024-12-05,2,61.00,7,7,era5
2024-12-05,3,67.34,6,6,era5
2024-12-05,9,61.44,5,5,era5
2024-12-06,1,54.42,4,4,era5
2024-12-06,2,55.57,7,7,era5
2024-12-06,3,54.52,6,6,era5
2024-12-06,9,56.75,5,5,era5
2024-12-07,1,56.05,4,4,era5
2024-12-07,2,54.09,7,7,era5
2024-12-07,3,56.47,6,6,era5
2024-12-07,9,58.31,5,5,era5
2024-12-08,1,66.67,4,4,era5
2024-12-08,2,66.60,7,7,era5
2024-12-08,3,70.19,6,6,era5
2024-12-08,9,64.62,5,5,era5
2024-12-09,1,69.97,4,4,era5
2024-12-09,2,73.44,7,7,era5
2024-12-09,3,71.50,6,6,era5
2024-12-09,9,70.94,5,5,era5
2024-12-10,1,73.32,4,4,era5
2024-12-10,2,75.64,7,7,era5
2024-12-10,3,73.10,6,6,era5
2024-12-10,9,73.42,5,5,era5
2024-12-11,1,55.74,4,4,era5
2024-12-11,2,56.68,7,7,era5
2024-12-11,3,55.78,6,6,era5
2024-12-11,9,56.73,5,5,era5
2024-12-12,1,58.11,4,4,era5
2024-12-12,2,60.16,7,7,era5
2024-12-12,3,59.47,6,6,era5
2024-12-12,9,60.78,5,5,era5
2024-12-13,1,62.41,4,4,era5
2024-12-13,2,62.70,7,7,era5
2024-12-13,3,63.52,6,6,era5
2024-12-13,9,62.73,5,5,era5
2024-12-14,1,69.94,4,4,era5
2024-12-14,2,71.98,7,7,era5
2024-12-14,3,72.11,6,6,era5
2024-12-14,9,70.46,5,5,era5
2024-12-15,1,74.62,4,4,era5
2024-12-15,2,76.91,7,7,era5
2024-12-15,3,76.86,6,6,era5
2024-12-15,9,75.85,5,5,era5
2024-12-16,1,73.92,4,4,era5
2024-12-16,2,77.18,7,7,era5
2024-12-16,3,76.86,6,6,era5
2024-12-16,9,74.88,5,5,era5
2024-12-17,1,79.53,4,4,era5
2024-12-17,2,82.26,7,7,era5
2024-12-17,3,79.90,6,6,era5
2024-12-17,9,80.47,5,5,era5
2024-12-18,1,76.49,4,4,era5
2024-12-18,2,73.97,7,7,era5
2024-12-18,3,76.31,6,6,era5
2024-12-18,9,74.67,5,5,era5
2024-12-19,1,63.46,4,4,era5
2024-12-19,2,67.86,7,7,era5
2024-12-19,3,66.83,6,6,era5
2024-12-19,9,72.42,5,5,era5
2024-12-20,1,64.07,4,4,era5
2024-12-20,2,62.54,7,7,era5
2024-12-20,3,63.67,6,6,era5
2024-12-20,9,62.85,5,5,era5
2024-12-21,1,54.22,4,4,era5
2024-12-21,2,55.31,7,7,era5
2024-12-21,3,55.07,6,6,era5
2024-12-21,9,56.12,5,5,era5
2024-12-22,1,58.15,4,4,era5
2024-12-22,2,62.35,7,7,era5
2024-12-22,3,58.74,6,6,era5
2024-12-22,9,63.35,5,5,era5
2024-12-23,1,62.72,4,4,era5
2024-12-23,2,67.36,7,7,era5
2024-12-23,3,64.98,6,6,era5
2024-12-23,9,67.23,5,5,era5
2024-12-24,1,66.99,4,4,era5
2024-12-24,2,70.88,7,7,era5
2024-12-24,3,69.78,6,6,era5
2024-12-24,9,69.86,5,5,era5
2024-12-25,1,63.45,4,4,era5
2024-12-25,2,65.25,7,7,era5
2024-12-25,3,64.15,6,6,era5
2024-12-25,9,63.85,5,5,era5
2024-12-26,1,70.77,4,4,era5
2024-12-26,2,70.11,7,7,era5
2024-12-26,3,72.79,6,6,era5
2024-12-26,9,69.48,5,5,era5
2024-12-27,1,73.94,4,4,era5
2024-12-27,2,75.97,7,7,era5
2024-12-27,3,76.53,6,6,era5
2024-12-27,9,74.00,5,5,era5
2024-12-28,1,72.08,4,4,era5
2024-12-28,2,73.11,7,7,era5
2024-12-28,3,75.96,6,6,era5
2024-12-28,9,70.63,5,5,era5
2024-12-29,1,74.45,4,4,era5
2024-12-29,2,70.75,7,7,era5
2024-12-29,3,74.27,6,6,era5
2024-12-29,9,74.73,5,5,era5
2024-12-30,1,71.79,4,4,era5
2024-12-30,2,72.42,7,7,era5
2024-12-30,3,72.62,6,6,era5
2024-12-30,9,71.58,5,5,era5
2024-12-31,1,71.25,4,4,era5
2024-12-31,2,67.43,7,7,era5
2024-12-31,3,72.02,6,6,era5
2024-12-31,9,69.61,5,5,era5
2025-01-01,1,62.10,4,4,era5
2025-01-01,2,62.14,7,7,era5
2025-01-01,3,62.42,6,6,era5
2025-01-01,9,62.80,5,5,era5
2025-01-02,1,62.36,4,4,era5
2025-01-02,2,69.14,7,7,era5
2025-01-02,3,66.17,6,6,era5
2025-01-02,9,65.38,5,5,era5
2025-01-03,1,69.42,4,4,era5
2025-01-03,2,68.17,7,7,era5
2025-01-03,3,69.33,6,6,era5
2025-01-03,9,67.24,5,5,era5
2025-01-04,1,58.98,4,4,era5
2025-01-04,2,57.40,7,7,era5
2025-01-04,3,59.78,6,6,era5
2025-01-04,9,57.25,5,5,era5
2025-01-05,1,73.74,4,4,era5
2025-01-05,2,76.02,7,7,era5
2025-01-05,3,75.44,6,6,era5
2025-01-05,9,75.27,5,5,era5
2025-01-06,1,45.22,4,4,era5
2025-01-06,3,45.51,4,6,era5
2025-01-07,1,49.18,4,4,era5
2025-01-07,2,49.02,7,7,era5
2025-01-07,3,50.03,6,6,era5
2025-01-07,9,50.53,5,5,era5
2025-01-08,1,49.96,4,4,era5
2025-01-08,2,48.55,7,7,era5
2025-01-08,3,50.23,6,6,era5
2025-01-08,9,49.98,5,5,era5
2025-01-09,1,46.52,4,4,era5
2025-01-09,2,46.02,1,7,era5
2025-01-09,3,46.20,4,6,era5
2025-01-09,9,47.60,5,5,era5
2025-01-10,1,56.68,4,4,era5
2025-01-10,2,47.15,2,7,era5
2025-01-10,3,53.51,6,6,era5
2025-01-10,9,45.15,1,5,era5
2025-01-11,1,61.61,4,4,era5
2025-01-11,2,61.12,7,7,era5
2025-01-11,3,61.91,6,6,era5
2025-01-11,9,62.59,5,5,era5
2025-01-12,1,51.81,4,4,era5
2025-01-12,2,48.08,7,7,era5
2025-01-12,3,51.48,6,6,era5
2025-01-12,9,49.86,5,5,era5
2025-01-13,1,61.42,4,4,era5
2025-01-13,2,60.82,7,7,era5
2025-01-13,3,61.50,6,6,era5
2025-01-13,9,61.80,5,5,era5
2025-01-14,1,53.53,4,4,era5
2025-01-14,2,56.60,7,7,era5
2025-01-14,3,54.71,6,6,era5
2025-01-14,9,57.50,5,5,era5
2025-01-15,1,55.11,4,4,era5
2025-01-15,2,51.05,7,7,era5
2025-01-15,3,56.08,6,6,era5
2025-01-15,9,50.69,5,5,era5
2025-01-16,1,65.46,4,4,era5
2025-01-16,2,62.81,7,7,era5
2025-01-16,3,64.56,6,6,era5
2025-01-16,9,64.13,5,5,era5
2025-01-17,1,60.41,4,4,era5
2025-01-17,2,59.53,7,7,era5
2025-01-17,3,62.04,6,6,era5
2025-01-17,9,59.31,5,5,era5
2025-01-18,1,71.08,4,4,era5
2025-01-18,2,72.09,7,7,era5
2025-01-18,3,71.95,6,6,era5
2025-01-18,9,72.66,5,5,era5
2025-01-19,1,49.08,4,4,era5
2025-01-19,2,47.03,7,7,era5
2025-01-19,3,49.65,6,6,era5
2025-01-19,9,48.01,5,5,era5
2025-01-22,1,48.19,4,4,era5
2025-01-22,2,48.21,5,7,era5
2025-01-22,3,49.56,6,6,era5
2025-01-22,9,50.34,5,5,era5
2025-01-23,1,53.91,4,4,era5
2025-01-23,2,55.57,7,7,era5
2025-01-23,3,51.13,6,6,era5
2025-01-23,9,57.43,5,5,era5
2025-01-24,1,52.33,4,4,era5
2025-01-24,2,53.38,7,7,era5
2025-01-24,3,53.42,6,6,era5
2025-01-24,9,52.35,5,5,era5
2025-01-25,1,58.83,4,4,era5
2025-01-25,2,60.42,7,7,era5
2025-01-25,3,61.37,6,6,era5
2025-01-25,9,60.70,5,5,era5
2025-01-26,1,66.53,4,4,era5
2025-01-26,2,66.11,7,7,era5
2025-01-26,3,67.31,6,6,era5
2025-01-26,9,64.06,5,5,era5
2025-01-27,1,67.15,4,4,era5
2025-01-27,2,59.25,7,7,era5
2025-01-27,3,65.91,6,6,era5
2025-01-27,9,62.22,5,5,era5
2025-01-28,1,64.33,4,4,era5
2025-01-28,2,66.58,7,7,era5
2025-01-28,3,69.01,6,6,era5
2025-01-28,9,67.17,5,5,era5
2025-01-29,1,67.90,4,4,era5
2025-01-29,2,81.11,7,7,era5
2025-01-29,3,76.60,6,6,era5
2025-01-29,9,73.65,5,5,era5
2025-01-30,1,72.96,4,4,era5
2025-01-30,2,81.50,7,7,era5
2025-01-30,3,85.37,6,6,era5
2025-01-30,9,74.00,5,5,era5
2025-01-31,1,65.38,4,4,era5
2025-01-31,2,68.55,7,7,era5
2025-01-31,3,78.36,6,6,era5
2025-01-31,9,66.38,5,5,era5
2025-02-01,1,80.69,4,4,era5
2025-02-01,2,97.09,7,7,era5
2025-02-01,3,101.76,6,6,era5
2025-02-01,9,98.52,5,5,era5
2025-02-02,1,108.11,4,4,era5
2025-02-02,2,91.47,7,7,era5
2025-02-02,3,96.06,6,6,era5
2025-02-02,9,88.69,5,5,era5
2025-02-03,1,94.01,4,4,era5
2025-02-03,2,78.11,7,7,era5
2025-02-03,3,79.27,6,6,era5
2025-02-03,9,95.22,5,5,era5
2025-02-04,1,79.76,4,4,era5
2025-02-04,2,84.66,7,7,era5
2025-02-04,3,79.32,6,6,era5
2025-02-04,9,91.48,5,5,era5
2025-02-05,1,81.76,4,4,era5
2025-02-05,2,81.86,7,7,era5
2025-02-05,3,82.19,6,6,era5
2025-02-05,9,88.08,5,5,era5
2025-02-06,1,79.56,4,4,era5
2025-02-06,2,85.97,7,7,era5
2025-02-06,3,82.18,6,6,era5
2025-02-06,9,85.44,5,5,era5
2025-02-07,1,85.24,4,4,era5
2025-02-07,2,78.85,7,7,era5
2025-02-07,3,84.65,6,6,era5
2025-02-07,9,86.28,5,5,era5
2025-02-08,1,80.88,4,4,era5
2025-02-08,2,80.98,7,7,era5
2025-02-08,3,83.57,6,6,era5
2025-02-08,9,85.12,5,5,era5
2025-02-09,1,79.40,4,4,era5
2025-02-09,2,91.61,7,7,era5
2025-02-09,3,82.76,6,6,era5
2025-02-09,9,93.01,5,5,era5
2025-02-10,1,69.16,4,4,era5
2025-02-10,2,66.23,7,7,era5
2025-02-10,3,69.16,6,6,era5
2025-02-10,9,66.53,5,5,era5
2025-02-11,1,77.79,4,4,era5
2025-02-11,2,77.28,7,7,era5
2025-02-11,3,78.55,6,6,era5
2025-02-11,9,77.66,5,5,era5
2025-02-12,1,78.50,4,4,era5
2025-02-12,2,77.59,7,7,era5
2025-02-12,3,79.37,6,6,era5
2025-02-12,9,77.27,5,5,era5
2025-02-13,1,60.92,4,4,era5
2025-02-13,2,58.83,7,7,era5
2025-02-13,3,61.03,6,6,era5
2025-02-13,9,60.96,5,5,era5
2025-02-14,1,62.35,4,4,era5
2025-02-14,2,58.40,7,7,era5
2025-02-14,3,62.92,6,6,era5
2025-02-14,9,58.75,5,5,era5
2025-02-15,1,79.53,4,4,era5
2025-02-15,2,78.96,7,7,era5
2025-02-15,3,79.09,6,6,era5
2025-02-15,9,79.24,5,5,era5
2025-02-16,1,63.36,4,4,era5
2025-02-16,2,58.35,7,7,era5
2025-02-16,3,61.97,6,6,era5
2025-02-16,9,60.95,5,5,era5
2025-02-17,1,64.36,4,4,era5
2025-02-17,2,66.20,7,7,era5
2025-02-17,3,63.88,6,6,era5
2025-02-17,9,69.63,5,5,era5
2025-02-18,1,58.74,4,4,era5
2025-02-18,2,57.97,7,7,era5
2025-02-18,3,59.24,6,6,era5
2025-02-18,9,60.14,5,5,era5
2025-02-19,1,52.85,4,4,era5
2025-02-19,2,45.79,1,7,era5
2025-02-19,3,50.25,6,6,era5
2025-02-19,9,46.56,4,5,era5
2025-02-20,1,50.30,4,4,era5
2025-02-20,2,46.78,5,7,era5
2025-02-20,3,49.32,6,6,era5
2025-02-20,9,47.89,5,5,era5
2025-02-21,1,49.50,4,4,era5
2025-02-21,2,49.72,7,7,era5
2025-02-21,3,49.61,6,6,era5
2025-02-21,9,51.49,5,5,era5
2025-02-22,1,58.98,4,4,era5
2025-02-22,2,48.16,5,7,era5
2025-02-22,3,59.77,6,6,era5
2025-02-22,9,47.19,5,5,era5
2025-02-23,1,55.15,4,4,era5
2025-02-23,2,52.92,7,7,era5
2025-02-23,3,56.70,6,6,era5
2025-02-23,9,49.65,5,5,era5
2025-02-24,1,63.43,4,4,era5
2025-02-24,2,67.64,7,7,era5
2025-02-24,3,63.80,6,6,era5
2025-02-24,9,67.21,5,5,era5
2025-02-25,1,76.65,4,4,era5
2025-02-25,2,76.52,7,7,era5
2025-02-25,3,78.90,6,6,era5
2025-02-25,9,77.70,5,5,era5
2025-02-26,1,73.38,4,4,era5
2025-02-26,2,73.51,7,7,era5
2025-02-26,3,73.61,6,6,era5
2025-02-26,9,74.90,5,5,era5
2025-02-27,1,74.02,4,4,era5
2025-02-27,2,71.82,7,7,era5
2025-02-27,3,75.01,6,6,era5
2025-02-27,9,72.65,5,5,era5
2025-02-28,1,70.96,4,4,era5
2025-02-28,2,73.85,7,7,era5
2025-02-28,3,73.69,6,6,era5
2025-02-28,9,71.08,5,5,era5
2025-03-01,1,76.55,4,4,era5
2025-03-01,2,73.69,7,7,era5
2025-03-01,3,77.73,6,6,era5
2025-03-01,9,73.59,5,5,era5
2025-03-02,1,66.02,4,4,era5
2025-03-02,2,67.78,7,7,era5
2025-03-02,3,65.89,6,6,era5
2025-03-02,9,68.93,5,5,era5
2025-03-03,1,67.42,4,4,era5
2025-03-03,2,68.50,7,7,era5
2025-03-03,3,69.44,6,6,era5
2025-03-03,9,64.91,5,5,era5
2025-03-04,1,72.62,4,4,era5
2025-03-04,2,72.26,7,7,era5
2025-03-04,3,73.25,6,6,era5
2025-03-04,9,72.39,5,5,era5
2025-03-05,1,61.81,4,4,era5
2025-03-05,2,60.41,7,7,era5
2025-03-05,3,61.89,6,6,era5
2025-03-05,9,60.79,5,5,era5
2025-03-06,1,68.06,4,4,era5
2025-03-06,2,70.55,7,7,era5
2025-03-06,3,70.92,6,6,era5
2025-03-06,9,69.60,5,5,era5
2025-03-07,1,71.00,4,4,era5
2025-03-07,2,71.70,7,7,era5
2025-03-07,3,72.74,6,6,era5
2025-03-07,9,70.87,5,5,era5
2025-03-08,1,71.96,4,4,era5
2025-03-08,2,73.45,7,7,era5
2025-03-08,3,72.68,6,6,era5
2025-03-08,9,74.83,5,5,era5
2025-03-09,1,69.83,4,4,era5
2025-03-09,2,66.31,7,7,era5
2025-03-09,3,68.46,6,6,era5
2025-03-09,9,70.59,5,5,era5
2025-03-10,1,66.36,4,4,era5
2025-03-10,2,65.85,7,7,era5
2025-03-10,3,66.88,6,6,era5
2025-03-10,9,67.00,5,5,era5
2025-03-11,1,71.74,4,4,era5
2025-03-11,2,69.99,7,7,era5
2025-03-11,3,70.97,6,6,era5
2025-03-11,9,70.43,5,5,era5
2025-03-12,1,72.54,4,4,era5
2025-03-12,2,74.53,7,7,era5
2025-03-12,3,73.83,6,6,era5
2025-03-12,9,74.30,5,5,era5
2025-03-13,1,77.35,4,4,era5
2025-03-13,2,78.98,7,7,era5
2025-03-13,3,78.08,6,6,era5
2025-03-13,9,78.72,5,5,era5
2025-03-14,1,76.48,4,4,era5
2025-03-14,2,78.62,7,7,era5
2025-03-14,3,78.61,6,6,era5
2025-03-14,9,78.24,5,5,era5
2025-03-15,1,78.12,4,4,era5
2025-03-15,2,76.06,7,7,era5
2025-03-15,3,79.85,6,6,era5
2025-03-15,9,76.80,5,5,era5
2025-03-16,1,63.34,4,4,era5
2025-03-16,2,61.96,7,7,era5
2025-03-16,3,62.79,6,6,era5
2025-03-16,9,62.39,5,5,era5
2025-03-17,1,66.92,4,4,era5
2025-03-17,2,71.23,7,7,era5
2025-03-17,3,71.36,6,6,era5
2025-03-17,9,69.77,5,5,era5
2025-03-18,1,68.44,4,4,era5
2025-03-18,2,69.28,7,7,era5
2025-03-18,3,68.95,6,6,era5
2025-03-18,9,69.01,5,5,era5
2025-03-19,1,74.72,4,4,era5
2025-03-19,2,75.16,7,7,era5
2025-03-19,3,75.36,6,6,era5
2025-03-19,9,75.62,5,5,era5
2025-03-20,1,58.75,4,4,era5
2025-03-20,2,59.02,7,7,era5
2025-03-20,3,59.64,6,6,era5
2025-03-20,9,58.79,5,5,era5
2025-03-21,1,61.99,4,4,era5
2025-03-21,2,63.21,7,7,era5
2025-03-21,3,63.67,6,6,era5
2025-03-21,9,63.32,5,5,era5
2025-03-22,1,78.57,4,4,era5
2025-03-22,2,77.26,7,7,era5
2025-03-22,3,78.78,6,6,era5
2025-03-22,9,78.68,5,5,era5
2025-03-23,1,73.57,4,4,era5
2025-03-23,2,75.43,7,7,era5
2025-03-23,3,76.09,6,6,era5
2025-03-23,9,74.52,5,5,era5
2025-03-24,1,73.53,4,4,era5
2025-03-24,2,79.65,7,7,era5
2025-03-24,3,78.88,6,6,era5
2025-03-24,9,76.85,5,5,era5
2025-03-25,1,81.24,4,4,era5
2025-03-25,2,81.26,7,7,era5
2025-03-25,3,80.80,6,6,era5
2025-03-25,9,81.12,5,5,era5
2025-03-26,1,84.35,4,4,era5
2025-03-26,2,85.06,7,7,era5
2025-03-26,3,84.48,6,6,era5
2025-03-26,9,84.01,5,5,era5
2025-03-27,1,75.75,4,4,era5
2025-03-27,2,76.97,7,7,era5
2025-03-27,3,76.46,6,6,era5
2025-03-27,9,76.67,5,5,era5
2025-03-28,1,75.46,4,4,era5
2025-03-28,2,76.73,7,7,era5
2025-03-28,3,76.56,6,6,era5
2025-03-28,9,76.21,5,5,era5
2025-03-29,1,76.57,4,4,era5
2025-03-29,2,77.44,7,7,era5
2025-03-29,3,76.96,6,6,era5
2025-03-29,9,78.33,5,5,era5
2025-03-30,1,81.71,4,4,era5
2025-03-30,2,82.92,7,7,era5
2025-03-30,3,84.15,6,6,era5
2025-03-30,9,83.11,5,5,era5
2025-03-31,1,82.80,4,4,era5
2025-03-31,2,81.16,7,7,era5
2025-03-31,3,82.75,6,6,era5
2025-03-31,9,80.51,5,5,era5
2025-04-01,1,77.08,4,4,era5
2025-04-01,2,77.29,7,7,era5
2025-04-01,3,79.40,6,6,era5
2025-04-01,9,74.79,5,5,era5
2025-04-02,1,81.01,4,4,era5
2025-04-02,2,82.51,7,7,era5
2025-04-02,3,81.84,6,6,era5
2025-04-02,9,82.68,5,5,era5
2025-04-03,1,81.98,4,4,era5
2025-04-03,2,83.25,7,7,era5
2025-04-03,3,82.87,6,6,era5
2025-04-03,9,82.93,5,5,era5
2025-04-04,1,81.49,4,4,era5
2025-04-04,2,84.34,7,7,era5
2025-04-04,3,82.65,6,6,era5
2025-04-04,9,83.77,5,5,era5
2025-04-05,1,81.32,4,4,era5
2025-04-05,2,83.51,7,7,era5
2025-04-05,3,82.42,6,6,era5
2025-04-05,9,83.45,5,5,era5
2025-04-06,1,73.89,4,4,era5
2025-04-06,2,67.02,7,7,era5
2025-04-06,3,71.73,6,6,era5
2025-04-06,9,71.70,5,5,era5
2025-04-07,1,60.61,4,4,era5
2025-04-07,2,57.07,7,7,era5
2025-04-07,3,59.99,6,6,era5
2025-04-07,9,59.50,5,5,era5
2025-04-08,1,66.53,4,4,era5
2025-04-08,2,68.02,7,7,era5
2025-04-08,3,67.75,6,6,era5
2025-04-08,9,67.54,5,5,era5
2025-04-09,1,75.34,4,4,era5
2025-04-09,2,75.35,7,7,era5
2025-04-09,3,76.89,6,6,era5
2025-04-09,9,74.35,5,5,era5
2025-04-10,1,75.91,4,4,era5
2025-04-10,2,77.47,7,7,era5
2025-04-10,3,76.26,6,6,era5
2025-04-10,9,77.18,5,5,era5
2025-04-11,1,71.86,4,4,era5
2025-04-11,2,70.69,7,7,era5
2025-04-11,3,72.78,6,6,era5
2025-04-11,9,69.97,5,5,era5
2025-04-12,1,71.34,4,4,era5
2025-04-12,2,77.19,7,7,era5
2025-04-12,3,75.26,6,6,era5
2025-04-12,9,72.59,5,5,era5
2025-04-13,1,76.79,4,4,era5
2025-04-13,2,75.98,7,7,era5
2025-04-13,3,75.54,6,6,era5
2025-04-13,9,76.14,5,5,era5
2025-04-14,1,75.83,4,4,era5
2025-04-14,2,77.94,7,7,era5
2025-04-14,3,76.54,6,6,era5
2025-04-14,9,77.87,5,5,era5
2025-04-15,1,75.04,4,4,era5
2025-04-15,2,71.35,7,7,era5
2025-04-15,3,75.03,6,6,era5
2025-04-15,9,71.72,5,5,era5
2025-04-16,1,70.55,4,4,era5
2025-04-16,2,73.40,7,7,era5
2025-04-16,3,73.93,6,6,era5
2025-04-16,9,73.92,5,5,era5
2025-04-17,1,75.96,4,4,era5
2025-04-17,2,78.52,7,7,era5
2025-04-17,3,77.71,6,6,era5
2025-04-17,9,77.41,5,5,era5
2025-04-18,1,79.29,4,4,era5
2025-04-18,2,81.79,7,7,era5
2025-04-18,3,80.41,6,6,era5
2025-04-18,9,81.05,5,5,era5
2025-04-19,1,78.83,4,4,era5
2025-04-19,2,81.61,7,7,era5
2025-04-19,3,80.72,6,6,era5
2025-04-19,9,80.15,5,5,era5
2025-04-20,1,79.10,4,4,era5
2025-04-20,2,80.18,7,7,era5
2025-04-20,3,79.97,6,6,era5
2025-04-20,9,79.55,5,5,era5
2025-04-21,1,81.59,4,4,era5
2025-04-21,2,83.47,7,7,era5
2025-04-21,3,81.70,6,6,era5
2025-04-21,9,82.51,5,5,era5
2025-04-22,1,81.65,4,4,era5
2025-04-22,2,84.45,7,7,era5
2025-04-22,3,83.14,6,6,era5
2025-04-22,9,84.38,5,5,era5
2025-04-23,1,81.54,4,4,era5
2025-04-23,2,82.82,7,7,era5
2025-04-23,3,82.80,6,6,era5
2025-04-23,9,83.19,5,5,era5
2025-04-24,1,80.44,4,4,era5
2025-04-24,2,83.12,7,7,era5
2025-04-24,3,81.95,6,6,era5
2025-04-24,9,82.68,5,5,era5
2025-04-25,1,81.25,4,4,era5
2025-04-25,2,83.22,7,7,era5
2025-04-25,3,82.47,6,6,era5
2025-04-25,9,83.00,5,5,era5
2025-04-26,1,86.70,4,4,era5
2025-04-26,2,86.67,7,7,era5
2025-04-26,3,85.54,6,6,era5
2025-04-26,9,87.42,5,5,era5
2025-04-27,1,82.69,4,4,era5
2025-04-27,2,85.22,7,7,era5
2025-04-27,3,83.05,6,6,era5
2025-04-27,9,86.42,5,5,era5
2025-04-28,1,81.25,4,4,era5
2025-04-28,2,82.39,7,7,era5
2025-04-28,3,81.50,6,6,era5
2025-04-28,9,82.49,5,5,era5
2025-04-29,1,80.95,4,4,era5
2025-04-29,2,81.44,7,7,era5
2025-04-29,3,81.48,6,6,era5
2025-04-29,9,81.55,5,5,era5
2025-04-30,1,80.26,4,4,era5
2025-04-30,2,80.40,7,7,era5
2025-04-30,3,80.83,6,6,era5
2025-04-30,9,81.02,5,5,era5
2025-05-01,1,80.99,4,4,era5
2025-05-01,2,81.74,7,7,era5
2025-05-01,3,81.04,6,6,era5
2025-05-01,9,82.11,5,5,era5
2025-05-02,1,80.23,4,4,era5
2025-05-02,2,81.85,7,7,era5
2025-05-02,3,80.94,6,6,era5
2025-05-02,9,81.84,5,5,era5
2025-05-03,1,77.58,4,4,era5
2025-05-03,2,78.30,7,7,era5
2025-05-03,3,79.08,6,6,era5
2025-05-03,9,79.42,5,5,era5
2025-05-04,1,74.80,4,4,era5
2025-05-04,2,75.58,7,7,era5
2025-05-04,3,76.58,6,6,era5
2025-05-04,9,75.07,5,5,era5
2025-05-05,1,76.67,4,4,era5
2025-05-05,2,76.97,7,7,era5
2025-05-05,3,77.52,6,6,era5
2025-05-05,9,80.80,5,5,era5
2025-05-06,1,79.99,4,4,era5
2025-05-06,2,77.26,7,7,era5
2025-05-06,3,80.44,6,6,era5
2025-05-06,9,77.25,5,5,era5
2025-05-07,1,77.70,4,4,era5
2025-05-07,2,78.37,7,7,era5
2025-05-07,3,76.15,6,6,era5
2025-05-07,9,77.75,5,5,era5
2025-05-08,1,83.54,4,4,era5
2025-05-08,2,84.78,7,7,era5
2025-05-08,3,83.45,6,6,era5
2025-05-08,9,87.72,5,5,era5
2025-05-09,1,72.86,4,4,era5
2025-05-09,2,71.96,7,7,era5
2025-05-09,3,73.17,6,6,era5
2025-05-09,9,72.53,5,5,era5
2025-05-10,1,74.65,4,4,era5
2025-05-10,2,74.59,7,7,era5
2025-05-10,3,74.63,6,6,era5
2025-05-10,9,73.59,5,5,era5
2025-05-11,1,77.08,4,4,era5
2025-05-11,2,71.30,7,7,era5
2025-05-11,3,75.86,6,6,era5
2025-05-11,9,73.89,5,5,era5
2025-05-12,1,74.12,4,4,era5
2025-05-12,2,74.93,7,7,era5
2025-05-12,3,74.30,6,6,era5
2025-05-12,9,74.27,5,5,era5
2025-05-13,1,80.64,4,4,era5
2025-05-13,2,81.92,7,7,era5
2025-05-13,3,81.15,6,6,era5
2025-05-13,9,81.47,5,5,era5
2025-05-14,1,81.40,4,4,era5
2025-05-14,2,81.18,7,7,era5
2025-05-14,3,81.10,6,6,era5
2025-05-14,9,82.10,5,5,era5
2025-05-15,1,86.31,4,4,era5
2025-05-15,2,86.97,7,7,era5
2025-05-15,3,86.67,6,6,era5
2025-05-15,9,87.33,5,5,era5
2025-05-16,1,85.61,4,4,era5
2025-05-16,2,85.32,7,7,era5
2025-05-16,3,85.69,6,6,era5
2025-05-16,9,85.35,5,5,era5
2025-05-17,1,85.70,4,4,era5
2025-05-17,2,86.21,7,7,era5
2025-05-17,3,86.35,6,6,era5
2025-05-17,9,86.19,5,5,era5
2025-05-18,1,85.61,4,4,era5
2025-05-18,2,85.92,7,7,era5
2025-05-18,3,85.89,6,6,era5
2025-05-18,9,85.94,5,5,era5
2025-05-19,1,85.03,4,4,era5
2025-05-19,2,84.99,7,7,era5
2025-05-19,3,84.97,6,6,era5
2025-05-19,9,85.26,5,5,era5
2025-05-20,1,85.36,4,4,era5
2025-05-20,2,85.07,7,7,era5
2025-05-20,3,85.73,6,6,era5
2025-05-20,9,84.79,5,5,era5
2025-05-21,1,78.60,4,4,era5
2025-05-21,2,80.07,7,7,era5
2025-05-21,3,80.16,6,6,era5
2025-05-21,9,81.77,5,5,era5
2025-05-22,1,83.89,4,4,era5
2025-05-22,2,88.22,7,7,era5
2025-05-22,3,87.09,6,6,era5
2025-05-22,9,86.06,5,5,era5
2025-05-23,1,89.32,4,4,era5
2025-05-23,2,89.86,7,7,era5
2025-05-23,3,90.05,6,6,era5
2025-05-23,9,90.01,5,5,era5
2025-05-24,1,86.63,4,4,era5
2025-05-24,2,88.26,7,7,era5
2025-05-24,3,87.27,6,6,era5
2025-05-24,9,88.14,5,5,era5
2025-05-25,1,87.68,4,4,era5
2025-05-25,2,88.75,7,7,era5
2025-05-25,3,88.54,6,6,era5
2025-05-25,9,88.85,5,5,era5
2025-05-26,1,86.97,4,4,era5
2025-05-26,2,85.46,7,7,era5
2025-05-26,3,86.66,6,6,era5
2025-05-26,9,86.91,5,5,era5
2025-05-27,1,85.74,4,4,era5
2025-05-27,2,88.27,7,7,era5
2025-05-27,3,86.22,6,6,era5
2025-05-27,9,86.87,5,5,era5
2025-05-28,1,90.61,4,4,era5
2025-05-28,2,87.43,7,7,era5
2025-05-28,3,89.08,6,6,era5
2025-05-28,9,89.69,5,5,era5
2025-05-29,1,87.24,4,4,era5
2025-05-29,2,88.16,7,7,era5
2025-05-29,3,85.72,6,6,era5
2025-05-29,9,87.70,5,5,era5
2025-05-30,1,87.78,4,4,era5
2025-05-30,2,87.57,7,7,era5
2025-05-30,3,88.04,6,6,era5
2025-05-30,9,87.13,5,5,era5
2025-05-31,1,84.74,4,4,era5
2025-05-31,2,82.91,7,7,era5
2025-05-31,3,83.37,6,6,era5
2025-05-31,9,82.61,5,5,era5
2025-06-01,1,86.44,4,4,era5
2025-06-01,2,82.94,7,7,era5
2025-06-01,3,84.70,6,6,era5
2025-06-01,9,83.46,5,5,era5
2025-06-02,1,84.44,4,4,era5
2025-06-02,2,88.82,7,7,era5
2025-06-02,3,85.27,6,6,era5
2025-06-02,9,88.73,5,5,era5
2025-06-03,1,82.46,4,4,era5
2025-06-03,2,84.36,7,7,era5
2025-06-03,3,83.29,6,6,era5
2025-06-03,9,83.72,5,5,era5
2025-06-04,1,85.15,4,4,era5
2025-06-04,2,87.16,7,7,era5
2025-06-04,3,88.23,6,6,era5
2025-06-04,9,89.00,5,5,era5
2025-06-05,1,92.27,4,4,era5
2025-06-05,2,89.29,7,7,era5
2025-06-05,3,90.46,6,6,era5
2025-06-05,9,91.24,5,5,era5
2025-06-06,1,88.88,4,4,era5
2025-06-06,2,88.42,7,7,era5
2025-06-06,3,88.69,6,6,era5
2025-06-06,9,87.89,5,5,era5
2025-06-07,1,87.62,4,4,era5
2025-06-07,2,88.42,7,7,era5
2025-06-07,3,87.88,6,6,era5
2025-06-07,9,88.63,5,5,era5
2025-06-08,1,88.28,4,4,era5
2025-06-08,2,89.37,7,7,era5
2025-06-08,3,88.46,6,6,era5
2025-06-08,9,89.84,5,5,era5
2025-06-09,1,85.55,4,4,era5
2025-06-09,2,86.32,7,7,era5
2025-06-09,3,85.60,6,6,era5
2025-06-09,9,86.97,5,5,era5
2025-06-10,1,89.82,4,4,era5
2025-06-10,2,91.27,7,7,era5
2025-06-10,3,90.49,6,6,era5
2025-06-10,9,92.16,5,5,era5
2025-06-11,1,94.57,4,4,era5
2025-06-11,2,92.19,7,7,era5
2025-06-11,3,93.64,6,6,era5
2025-06-11,9,93.38,5,5,era5
2025-06-12,1,88.02,4,4,era5
2025-06-12,2,86.12,7,7,era5
2025-06-12,3,86.55,6,6,era5
2025-06-12,9,87.86,5,5,era5
2025-06-13,1,86.63,4,4,era5
2025-06-13,2,83.42,7,7,era5
2025-06-13,3,88.90,6,6,era5
2025-06-13,9,87.39,5,5,era5
2025-06-14,1,87.71,4,4,era5
2025-06-14,2,88.99,7,7,era5
2025-06-14,3,87.98,6,6,era5
2025-06-14,9,88.76,5,5,era5
2025-06-15,1,88.34,4,4,era5
2025-06-15,2,87.39,7,7,era5
2025-06-15,3,88.78,6,6,era5
2025-06-15,9,88.71,5,5,era5
2025-06-16,1,84.53,4,4,era5
2025-06-16,2,85.62,7,7,era5
2025-06-16,3,83.46,6,6,era5
2025-06-16,9,86.66,5,5,era5
2025-06-17,1,87.50,4,4,era5
2025-06-17,2,87.58,7,7,era5
2025-06-17,3,86.71,6,6,era5
2025-06-17,9,86.94,5,5,era5
2025-06-18,1,87.50,4,4,era5
2025-06-18,2,87.75,7,7,era5
2025-06-18,3,86.83,6,6,era5
2025-06-18,9,88.16,5,5,era5
2025-06-19,1,92.49,4,4,era5
2025-06-19,2,91.77,7,7,era5
2025-06-19,3,91.72,6,6,era5
2025-06-19,9,91.19,5,5,era5
2025-06-20,1,92.76,4,4,era5
2025-06-20,2,91.54,7,7,era5
2025-06-20,3,92.12,6,6,era5
2025-06-20,9,91.48,5,5,era5
2025-06-21,1,93.62,4,4,era5
2025-06-21,2,92.11,7,7,era5
2025-06-21,3,91.68,6,6,era5
2025-06-21,9,94.20,5,5,era5
2025-06-22,1,88.17,4,4,era5
2025-06-22,2,89.76,7,7,era5
2025-06-22,3,89.14,6,6,era5
2025-06-22,9,90.68,5,5,era5
2025-06-23,1,87.18,4,4,era5
2025-06-23,2,90.00,7,7,era5
2025-06-23,3,87.88,6,6,era5
2025-06-23,9,90.84,5,5,era5
2025-06-24,1,86.17,4,4,era5
2025-06-24,2,88.08,7,7,era5
2025-06-24,3,86.41,6,6,era5
2025-06-24,9,88.34,5,5,era5
2025-06-25,1,87.33,4,4,era5
2025-06-25,2,89.36,7,7,era5
2025-06-25,3,88.54,6,6,era5
2025-06-25,9,90.43,5,5,era5
2025-06-26,1,89.59,4,4,era5
2025-06-26,2,90.12,7,7,era5
2025-06-26,3,90.53,6,6,era5
2025-06-26,9,92.16,5,5,era5
2025-06-27,1,89.72,4,4,era5
2025-06-27,2,90.62,7,7,era5
2025-06-27,3,88.38,6,6,era5
2025-06-27,9,91.55,5,5,era5
2025-06-28,1,86.89,4,4,era5
2025-06-28,2,89.73,7,7,era5
2025-06-28,3,87.35,6,6,era5
2025-06-28,9,92.55,5,5,era5
2025-06-29,1,86.52,4,4,era5
2025-06-29,2,87.33,7,7,era5
2025-06-29,3,87.32,6,6,era5
2025-06-29,9,88.48,5,5,era5
2025-06-30,1,91.41,4,4,era5
2025-06-30,2,89.61,7,7,era5
2025-06-30,3,91.07,6,6,era5
2025-06-30,9,91.11,5,5,era5
2025-07-01,1,89.39,4,4,era5
2025-07-01,2,89.96,7,7,era5
2025-07-01,3,89.64,6,6,era5
2025-07-01,9,89.47,5,5,era5
2025-07-02,1,88.14,4,4,era5
2025-07-02,2,89.68,7,7,era5
2025-07-02,3,88.54,6,6,era5
2025-07-02,9,89.92,5,5,era5
2025-07-03,1,90.47,4,4,era5
2025-07-03,2,90.23,7,7,era5
2025-07-03,3,89.72,6,6,era5
2025-07-03,9,90.32,5,5,era5
2025-07-04,1,91.87,4,4,era5
2025-07-04,2,89.82,7,7,era5
2025-07-04,3,88.78,6,6,era5
2025-07-04,9,89.83,5,5,era5
2025-07-05,1,88.56,4,4,era5
2025-07-05,2,91.42,7,7,era5
2025-07-05,3,90.44,6,6,era5
2025-07-05,9,91.74,5,5,era5
2025-07-06,1,88.62,4,4,era5
2025-07-06,2,91.87,7,7,era5
2025-07-06,3,90.52,6,6,era5
2025-07-06,9,90.71,5,5,era5
2025-07-07,1,89.49,4,4,era5
2025-07-07,2,89.70,7,7,era5
2025-07-07,3,89.15,6,6,era5
2025-07-07,9,89.77,5,5,era5
2025-07-08,1,87.74,4,4,era5
2025-07-08,2,86.88,7,7,era5
2025-07-08,3,86.37,6,6,era5
2025-07-08,9,87.86,5,5,era5
2025-07-09,1,89.76,4,4,era5
2025-07-09,2,87.02,7,7,era5
2025-07-09,3,88.36,6,6,era5
2025-07-09,9,87.37,5,5,era5
2025-07-10,1,87.65,4,4,era5
2025-07-10,2,86.56,7,7,era5
2025-07-10,3,87.51,6,6,era5
2025-07-10,9,87.61,5,5,era5
2025-07-11,1,91.59,4,4,era5
2025-07-11,2,90.56,7,7,era5
2025-07-11,3,90.97,6,6,era5
2025-07-11,9,90.92,5,5,era5
2025-07-12,1,92.92,4,4,era5
2025-07-12,2,89.32,7,7,era5
2025-07-12,3,91.26,6,6,era5
2025-07-12,9,92.23,5,5,era5
2025-07-13,1,88.83,4,4,era5
2025-07-13,2,89.33,7,7,era5
2025-07-13,3,89.47,6,6,era5
2025-07-13,9,89.83,5,5,era5
2025-07-14,1,94.73,4,4,era5
2025-07-14,2,93.58,7,7,era5
2025-07-14,3,93.07,6,6,era5
2025-07-14,9,92.27,5,5,era5
2025-07-15,1,91.40,4,4,era5
2025-07-15,2,94.56,7,7,era5
2025-07-15,3,92.23,6,6,era5
2025-07-15,9,95.11,5,5,era5
2025-07-16,1,90.24,4,4,era5
2025-07-16,2,92.85,7,7,era5
2025-07-16,3,90.76,6,6,era5
2025-07-16,9,92.81,5,5,era5
2025-07-17,1,86.89,4,4,era5
2025-07-17,2,84.86,7,7,era5
2025-07-17,3,83.32,6,6,era5
2025-07-17,9,87.45,5,5,era5
2025-07-18,1,86.40,4,4,era5
2025-07-18,2,88.39,7,7,era5
2025-07-18,3,88.79,6,6,era5
2025-07-18,9,89.77,5,5,era5
2025-07-19,1,89.41,4,4,era5
2025-07-19,2,89.28,7,7,era5
2025-07-19,3,90.13,6,6,era5
2025-07-19,9,89.16,5,5,era5
2025-07-20,1,93.61,4,4,era5
2025-07-20,2,90.13,7,7,era5
2025-07-20,3,92.64,6,6,era5
2025-07-20,9,91.30,5,5,era5
2025-07-21,1,93.56,4,4,era5
2025-07-21,2,93.00,7,7,era5
2025-07-21,3,94.28,6,6,era5
2025-07-21,9,92.17,5,5,era5
2025-07-22,1,93.19,4,4,era5
2025-07-22,2,94.43,7,7,era5
2025-07-22,3,95.42,6,6,era5
2025-07-22,9,93.80,5,5,era5
2025-07-23,1,91.43,4,4,era5
2025-07-23,2,94.37,7,7,era5
2025-07-23,3,92.25,6,6,era5
2025-07-23,9,93.43,5,5,era5
2025-07-24,1,88.84,4,4,era5
2025-07-24,2,92.74,7,7,era5
2025-07-24,3,90.09,6,6,era5
2025-07-24,9,90.68,5,5,era5
2025-07-25,1,86.90,4,4,era5
2025-07-25,2,88.15,7,7,era5
2025-07-25,3,87.12,6,6,era5
2025-07-25,9,87.68,5,5,era5
2025-07-26,1,88.12,4,4,era5
2025-07-26,2,87.47,7,7,era5
2025-07-26,3,88.23,6,6,era5
2025-07-26,9,88.12,5,5,era5
2025-07-27,1,90.89,4,4,era5
2025-07-27,2,93.73,7,7,era5
2025-07-27,3,90.98,6,6,era5
2025-07-27,9,95.15,5,5,era5
2025-07-28,1,92.82,4,4,era5
2025-07-28,2,94.30,7,7,era5
2025-07-28,3,92.79,6,6,era5
2025-07-28,9,95.07,5,5,era5
2025-07-29,1,89.66,4,4,era5
2025-07-29,2,92.83,7,7,era5
2025-07-29,3,91.09,6,6,era5
2025-07-29,9,93.13,5,5,era5
2025-07-30,1,93.01,4,4,era5
2025-07-30,2,97.23,7,7,era5
2025-07-30,3,95.25,6,6,era5
2025-07-30,9,97.66,5,5,era5
2025-07-31,1,93.59,4,4,era5
2025-07-31,2,93.14,7,7,era5
2025-07-31,3,93.37,6,6,era5
2025-07-31,9,92.67,5,5,era5
2025-08-01,1,89.86,4,4,era5
2025-08-01,2,89.67,7,7,era5
2025-08-01,3,89.50,6,6,era5
2025-08-01,9,90.21,5,5,era5
2025-08-02,1,87.68,4,4,era5
2025-08-02,2,89.92,7,7,era5
2025-08-02,3,88.48,6,6,era5
2025-08-02,9,90.52,5,5,era5
2025-08-03,1,88.13,4,4,era5
2025-08-03,2,86.82,7,7,era5
2025-08-03,3,88.02,6,6,era5
2025-08-03,9,88.87,5,5,era5
2025-08-04,1,90.62,4,4,era5
2025-08-04,2,89.14,7,7,era5
2025-08-04,3,89.50,6,6,era5
2025-08-04,9,92.41,5,5,era5
2025-08-05,1,89.35,4,4,era5
2025-08-05,2,93.21,7,7,era5
2025-08-05,3,90.08,6,6,era5
2025-08-05,9,93.30,5,5,era5
2025-08-06,1,93.71,4,4,era5
2025-08-06,2,94.75,7,7,era5
2025-08-06,3,94.78,6,6,era5
2025-08-06,9,94.01,5,5,era5
2025-08-07,1,89.83,4,4,era5
2025-08-07,2,95.02,7,7,era5
2025-08-07,3,90.99,6,6,era5
2025-08-07,9,94.14,5,5,era5
2025-08-08,1,87.31,4,4,era5
2025-08-08,2,88.99,7,7,era5
2025-08-08,3,87.26,6,6,era5
2025-08-08,9,90.28,5,5,era5
2025-08-09,1,85.85,4,4,era5
2025-08-09,2,87.92,7,7,era5
2025-08-09,3,86.03,6,6,era5
2025-08-09,9,87.54,5,5,era5
2025-08-10,1,85.69,4,4,era5
2025-08-10,2,88.36,7,7,era5
2025-08-10,3,87.70,6,6,era5
2025-08-10,9,90.53,5,5,era5
2025-08-11,1,87.58,4,4,era5
2025-08-11,2,89.57,7,7,era5
2025-08-11,3,88.44,6,6,era5
2025-08-11,9,90.28,5,5,era5
2025-08-12,1,86.69,4,4,era5
2025-08-12,2,91.02,7,7,era5
2025-08-12,3,88.37,6,6,era5
2025-08-12,9,92.35,5,5,era5
2025-08-13,1,90.92,4,4,era5
2025-08-13,2,92.95,7,7,era5
2025-08-13,3,93.38,6,6,era5
2025-08-13,9,93.01,5,5,era5
2025-08-14,1,91.88,4,4,era5
2025-08-14,2,92.52,7,7,era5
2025-08-14,3,91.21,6,6,era5
2025-08-14,9,90.88,5,5,era5
2025-08-15,1,90.56,4,4,era5
2025-08-15,2,94.64,7,7,era5
2025-08-15,3,89.77,6,6,era5
2025-08-15,9,94.58,5,5,era5
2025-08-16,1,91.20,4,4,era5
2025-08-16,2,93.06,7,7,era5
2025-08-16,3,91.23,6,6,era5
2025-08-16,9,93.07,5,5,era5
2025-08-17,1,92.57,4,4,era5
2025-08-17,2,93.35,7,7,era5
2025-08-17,3,94.02,6,6,era5
2025-08-17,9,93.85,5,5,era5
2025-08-18,1,92.58,4,4,era5
2025-08-18,2,93.77,7,7,era5
2025-08-18,3,92.94,6,6,era5
2025-08-18,9,95.74,5,5,era5
2025-08-19,1,92.38,4,4,era5
2025-08-19,2,95.09,7,7,era5
2025-08-19,3,92.63,6,6,era5
2025-08-19,9,94.59,5,5,era5
2025-08-20,1,92.21,4,4,era5
2025-08-20,2,93.07,7,7,era5
2025-08-20,3,91.75,6,6,era5
2025-08-20,9,94.23,5,5,era5
2025-08-21,1,93.32,4,4,era5
2025-08-21,2,90.30,7,7,era5
2025-08-21,3,92.68,6,6,era5
2025-08-21,9,91.16,5,5,era5
2025-08-22,1,91.51,4,4,era5
2025-08-22,2,88.97,7,7,era5
2025-08-22,3,92.07,6,6,era5
2025-08-22,9,92.13,5,5,era5
2025-08-23,1,89.85,4,4,era5
2025-08-23,2,87.16,7,7,era5
2025-08-23,3,91.79,6,6,era5
2025-08-23,9,89.94,5,5,era5
2025-08-24,1,88.93,4,4,era5
2025-08-24,2,86.66,7,7,era5
2025-08-24,3,87.13,6,6,era5
2025-08-24,9,88.69,5,5,era5
2025-08-25,1,88.05,4,4,era5
2025-08-25,2,86.94,7,7,era5
2025-08-25,3,88.41,6,6,era5
2025-08-25,9,88.52,5,5,era5
2025-08-26,1,86.17,4,4,era5
2025-08-26,2,89.90,7,7,era5
2025-08-26,3,87.73,6,6,era5
2025-08-26,9,89.61,5,5,era5
2025-08-27,1,85.05,4,4,era5
2025-08-27,2,89.48,7,7,era5
2025-08-27,3,86.76,6,6,era5
2025-08-27,9,90.29,5,5,era5
2025-08-28,1,88.39,4,4,era5
2025-08-28,2,86.85,7,7,era5
2025-08-28,3,86.76,6,6,era5
2025-08-28,9,87.26,5,5,era5
2025-08-29,1,83.84,4,4,era5
2025-08-29,2,85.26,7,7,era5
2025-08-29,3,87.61,6,6,era5
2025-08-29,9,82.75,5,5,era5
2025-08-30,1,86.38,4,4,era5
2025-08-30,2,85.90,7,7,era5
2025-08-30,3,88.02,6,6,era5
2025-08-30,9,85.64,5,5,era5
2025-08-31,1,84.43,4,4,era5
2025-08-31,2,87.52,7,7,era5
2025-08-31,3,86.09,6,6,era5
2025-08-31,9,86.96,5,5,era5
2025-09-01,1,83.35,4,4,era5
2025-09-01,2,87.06,7,7,era5
2025-09-01,3,85.54,6,6,era5
2025-09-01,9,86.25,5,5,era5
2025-09-02,1,82.19,4,4,era5
2025-09-02,2,86.42,7,7,era5
2025-09-02,3,83.55,6,6,era5
2025-09-02,9,86.62,5,5,era5
2025-09-03,1,88.05,4,4,era5
2025-09-03,2,90.42,7,7,era5
2025-09-03,3,89.08,6,6,era5
2025-09-03,9,91.77,5,5,era5
2025-09-04,1,91.50,4,4,era5
2025-09-04,2,88.44,7,7,era5
2025-09-04,3,90.72,6,6,era5
2025-09-04,9,88.45,5,5,era5
2025-09-05,1,90.98,4,4,era5
2025-09-05,2,89.06,7,7,era5
2025-09-05,3,89.84,6,6,era5
2025-09-05,9,89.11,5,5,era5
2025-09-06,1,88.28,4,4,era5
2025-09-06,2,85.36,7,7,era5
2025-09-06,3,88.74,6,6,era5
2025-09-06,9,85.78,5,5,era5
2025-09-07,1,84.21,4,4,era5
2025-09-07,2,84.12,7,7,era5
2025-09-07,3,84.48,6,6,era5
2025-09-07,9,84.39,5,5,era5
2025-09-08,1,79.82,4,4,era5
2025-09-08,2,79.42,7,7,era5
2025-09-08,3,80.54,6,6,era5
2025-09-08,9,80.55,5,5,era5
2025-09-09,1,83.72,4,4,era5
2025-09-09,2,87.36,7,7,era5
2025-09-09,3,85.90,6,6,era5
2025-09-09,9,87.67,5,5,era5
2025-09-10,1,84.53,4,4,era5
2025-09-10,2,88.16,7,7,era5
2025-09-10,3,86.40,6,6,era5
2025-09-10,9,87.49,5,5,era5
2025-09-11,1,84.09,4,4,era5
2025-09-11,2,85.77,7,7,era5
2025-09-11,3,84.15,6,6,era5
2025-09-11,9,86.09,5,5,era5
2025-09-12,1,86.80,4,4,era5
2025-09-12,2,86.88,7,7,era5
2025-09-12,3,85.80,6,6,era5
2025-09-12,9,86.91,5,5,era5
2025-09-13,1,86.15,4,4,era5
2025-09-13,2,85.59,7,7,era5
2025-09-13,3,86.10,6,6,era5
2025-09-13,9,85.44,5,5,era5
2025-09-14,1,87.02,4,4,era5
2025-09-14,2,86.21,7,7,era5
2025-09-14,3,86.74,6,6,era5
2025-09-14,9,88.97,5,5,era5
2025-09-15,1,88.08,4,4,era5
2025-09-15,2,87.97,7,7,era5
2025-09-15,3,86.42,6,6,era5
2025-09-15,9,87.75,5,5,era5
2025-09-16,1,88.95,4,4,era5
2025-09-16,2,90.04,7,7,era5
2025-09-16,3,89.72,6,6,era5
2025-09-16,9,89.90,5,5,era5
2025-09-17,1,84.39,4,4,era5
2025-09-17,2,92.55,7,7,era5
2025-09-17,3,86.18,6,6,era5
2025-09-17,9,90.65,5,5,era5
2025-09-18,1,83.82,4,4,era5
2025-09-18,2,85.41,7,7,era5
2025-09-18,3,83.54,6,6,era5
2025-09-18,9,86.10,5,5,era5
2025-09-19,1,86.26,4,4,era5
2025-09-19,2,85.78,7,7,era5
2025-09-19,3,85.53,6,6,era5
2025-09-19,9,86.95,5,5,era5
2025-09-20,1,88.39,4,4,era5
2025-09-20,2,87.96,7,7,era5
2025-09-20,3,86.55,6,6,era5
2025-09-20,9,88.76,5,5,era5
2025-09-21,1,84.13,4,4,era5
2025-09-21,2,86.75,7,7,era5
2025-09-21,3,85.08,6,6,era5
2025-09-21,9,85.59,5,5,era5
2025-09-22,1,85.96,4,4,era5
2025-09-22,2,87.65,7,7,era5
2025-09-22,3,86.57,6,6,era5
2025-09-22,9,86.90,5,5,era5
2025-09-23,1,86.29,4,4,era5
2025-09-23,2,87.26,7,7,era5
2025-09-23,3,87.21,6,6,era5
2025-09-23,9,88.48,5,5,era5
2025-09-24,1,86.03,4,4,era5
2025-09-24,2,87.33,7,7,era5
2025-09-24,3,86.86,6,6,era5
2025-09-24,9,87.12,5,5,era5
2025-09-25,1,83.05,4,4,era5
2025-09-25,2,82.14,7,7,era5
2025-09-25,3,82.93,6,6,era5
2025-09-25,9,83.49,5,5,era5
2025-09-26,1,82.47,4,4,era5
2025-09-26,2,81.03,7,7,era5
2025-09-26,3,82.06,6,6,era5
2025-09-26,9,82.08,5,5,era5
2025-09-27,1,81.85,4,4,era5
2025-09-27,2,81.17,7,7,era5
2025-09-27,3,81.67,6,6,era5
2025-09-27,9,82.71,5,5,era5
2025-09-28,1,83.08,4,4,era5
2025-09-28,2,84.31,7,7,era5
2025-09-28,3,82.79,6,6,era5
2025-09-28,9,84.33,5,5,era5
2025-09-29,1,84.51,4,4,era5
2025-09-29,2,83.17,7,7,era5
2025-09-29,3,84.44,6,6,era5
2025-09-29,9,84.80,5,5,era5
2025-09-30,1,83.93,4,4,era5
2025-09-30,2,84.83,7,7,era5
2025-09-30,3,84.53,6,6,era5
2025-09-30,9,84.29,5,5,era5
2025-10-01,1,86.51,4,4,era5
2025-10-01,2,86.13,7,7,era5
2025-10-01,3,85.27,6,6,era5
2025-10-01,9,87.84,5,5,era5
2025-10-02,1,81.21,4,4,era5
2025-10-02,2,84.96,7,7,era5
2025-10-02,3,83.01,6,6,era5
2025-10-02,9,83.06,5,5,era5
2025-10-03,1,79.37,4,4,era5
2025-10-03,2,80.82,7,7,era5
2025-10-03,3,80.29,6,6,era5
2025-10-03,9,80.48,5,5,era5
2025-10-04,1,77.26,4,4,era5
2025-10-04,2,81.61,7,7,era5
2025-10-04,3,78.95,6,6,era5
2025-10-04,9,80.63,5,5,era5
2025-10-05,1,78.00,4,4,era5
2025-10-05,2,76.93,7,7,era5
2025-10-05,3,81.53,6,6,era5
2025-10-05,9,76.25,5,5,era5
2025-10-06,1,85.98,4,4,era5
2025-10-06,2,84.84,7,7,era5
2025-10-06,3,85.31,6,6,era5
2025-10-06,9,85.99,5,5,era5
2025-10-07,1,87.06,4,4,era5
2025-10-07,2,89.15,7,7,era5
2025-10-07,3,88.15,6,6,era5
2025-10-07,9,92.55,5,5,era5
2025-10-08,1,85.49,4,4,era5
2025-10-08,2,86.60,7,7,era5
2025-10-08,3,86.38,6,6,era5
2025-10-08,9,88.32,5,5,era5
2025-10-09,1,83.60,4,4,era5
2025-10-09,2,83.08,7,7,era5
2025-10-09,3,83.44,6,6,era5
2025-10-09,9,83.69,5,5,era5
2025-10-10,1,78.28,4,4,era5
2025-10-10,2,79.94,7,7,era5
2025-10-10,3,79.52,6,6,era5
2025-10-10,9,80.29,5,5,era5
2025-10-11,1,76.99,4,4,era5
2025-10-11,2,77.63,7,7,era5
2025-10-11,3,76.97,6,6,era5
2025-10-11,9,77.72,5,5,era5
2025-10-12,1,78.78,4,4,era5
2025-10-12,2,80.09,7,7,era5
2025-10-12,3,77.06,6,6,era5
2025-10-12,9,78.53,5,5,era5
2025-10-13,1,81.14,4,4,era5
2025-10-13,2,80.53,7,7,era5
2025-10-13,3,78.68,6,6,era5
2025-10-13,9,81.51,5,5,era5
2025-10-14,1,78.23,4,4,era5
2025-10-14,2,78.93,7,7,era5
2025-10-14,3,78.93,6,6,era5
2025-10-14,9,78.71,5,5,era5
2025-10-15,1,80.38,4,4,era5
2025-10-15,2,80.93,7,7,era5
2025-10-15,3,80.50,6,6,era5
2025-10-15,9,81.70,5,5,era5
2025-10-16,1,85.35,4,4,era5
2025-10-16,2,82.96,7,7,era5
2025-10-16,3,82.94,6,6,era5
2025-10-16,9,84.15,5,5,era5
2025-10-17,1,81.18,4,4,era5
2025-10-17,2,81.76,7,7,era5
2025-10-17,3,81.53,6,6,era5
2025-10-17,9,82.09,5,5,era5
2025-10-18,1,81.63,4,4,era5
2025-10-18,2,82.13,7,7,era5
2025-10-18,3,81.79,6,6,era5
2025-10-18,9,81.68,5,5,era5
2025-10-19,1,81.02,4,4,era5
2025-10-19,2,78.81,7,7,era5
2025-10-19,3,81.14,6,6,era5
2025-10-19,9,79.14,5,5,era5
2025-10-20,1,75.21,4,4,era5
2025-10-20,2,76.38,7,7,era5
2025-10-20,3,77.84,6,6,era5
2025-10-20,9,74.65,5,5,era5
2025-10-21,1,82.68,4,4,era5
2025-10-21,2,83.02,7,7,era5
2025-10-21,3,83.64,6,6,era5
2025-10-21,9,82.45,5,5,era5
2025-10-22,1,71.68,4,4,era5
2025-10-22,2,72.38,7,7,era5
2025-10-22,3,71.98,6,6,era5
2025-10-22,9,72.93,5,5,era5
2025-10-23,1,72.28,4,4,era5
2025-10-23,2,73.42,7,7,era5
2025-10-23,3,73.98,6,6,era5
2025-10-23,9,72.48,5,5,era5
2025-10-24,1,76.04,4,4,era5
2025-10-24,2,76.38,7,7,era5
2025-10-24,3,76.88,6,6,era5
2025-10-24,9,74.28,5,5,era5
2025-10-25,1,77.09,4,4,era5
2025-10-25,2,74.86,7,7,era5
2025-10-25,3,78.11,6,6,era5
2025-10-25,9,76.46,5,5,era5
2025-10-26,1,78.31,4,4,era5
2025-10-26,2,82.62,7,7,era5
2025-10-26,3,81.36,6,6,era5
2025-10-26,9,78.63,5,5,era5
2025-10-27,1,77.20,4,4,era5
2025-10-27,2,77.37,7,7,era5
2025-10-27,3,77.96,6,6,era5
2025-10-27,9,77.03,5,5,era5
2025-10-28,1,80.10,4,4,era5
2025-10-28,2,79.14,7,7,era5
2025-10-28,3,80.95,6,6,era5
2025-10-28,9,80.53,5,5,era5
2025-10-29,1,61.16,4,4,era5
2025-10-29,2,60.05,7,7,era5
2025-10-29,3,61.12,6,6,era5
2025-10-29,9,60.06,5,5,era5
2025-10-30,1,63.18,4,4,era5
2025-10-30,2,64.59,7,7,era5
2025-10-30,3,64.92,6,6,era5
2025-10-30,9,64.16,5,5,era5
2025-10-31,1,67.43,4,4,era5
2025-10-31,2,70.94,7,7,era5
2025-10-31,3,69.67,6,6,era5
2025-10-31,9,69.62,5,5,era5
2025-11-01,1,67.86,4,4,era5
2025-11-01,2,73.19,7,7,era5
2025-11-01,3,70.15,6,6,era5
2025-11-01,9,71.15,5,5,era5
2025-11-02,1,67.25,4,4,era5
2025-11-02,2,66.42,7,7,era5
2025-11-02,3,67.14,6,6,era5
2025-11-02,9,66.97,5,5,era5
2025-11-03,1,66.82,4,4,era5
2025-11-03,2,69.21,7,7,era5
2025-11-03,3,66.98,6,6,era5
2025-11-03,9,69.04,5,5,era5
2025-11-04,1,71.23,4,4,era5
2025-11-04,2,74.73,7,7,era5
2025-11-04,3,72.91,6,6,era5
2025-11-04,9,72.98,5,5,era5
2025-11-05,1,75.49,4,4,era5
2025-11-05,2,80.64,7,7,era5
2025-11-05,3,78.81,6,6,era5
2025-11-05,9,79.47,5,5,era5
2025-11-06,1,75.15,4,4,era5
2025-11-06,2,77.94,7,7,era5
2025-11-06,3,77.15,6,6,era5
2025-11-06,9,81.35,5,5,era5
2025-11-07,1,81.56,4,4,era5
2025-11-07,2,81.17,7,7,era5
2025-11-07,3,81.60,6,6,era5
2025-11-07,9,82.57,5,5,era5
2025-11-08,1,79.70,4,4,era5
2025-11-08,2,79.80,7,7,era5
2025-11-08,3,79.37,6,6,era5
2025-11-08,9,79.83,5,5,era5
2025-11-09,1,70.89,4,4,era5
2025-11-09,2,64.55,7,7,era5
2025-11-09,3,69.99,6,6,era5
2025-11-09,9,66.20,5,5,era5
2025-11-10,1,52.69,4,4,era5
2025-11-10,2,52.13,7,7,era5
2025-11-10,3,52.95,6,6,era5
2025-11-10,9,51.75,5,5,era5
2025-11-11,1,59.32,4,4,era5
2025-11-11,2,59.27,7,7,era5
2025-11-11,3,59.73,6,6,era5
2025-11-11,9,59.09,5,5,era5
2025-11-12,1,71.66,4,4,era5
2025-11-12,2,73.38,7,7,era5
2025-11-12,3,73.16,6,6,era5
2025-11-12,9,72.45,5,5,era5
2025-11-13,1,79.45,4,4,era5
2025-11-13,2,78.69,7,7,era5
2025-11-13,3,79.07,6,6,era5
2025-11-13,9,78.60,5,5,era5
2025-11-14,1,75.51,4,4,era5
2025-11-14,2,76.25,7,7,era5
2025-11-14,3,75.54,6,6,era5
2025-11-14,9,76.01,5,5,era5
2025-11-15,1,74.71,4,4,era5
2025-11-15,2,75.17,7,7,era5
2025-11-15,3,75.57,6,6,era5
2025-11-15,9,74.92,5,5,era5
2025-11-16,1,82.20,4,4,era5
2025-11-16,2,83.21,7,7,era5
2025-11-16,3,82.17,6,6,era5
2025-11-16,9,80.83,5,5,era5
2025-11-17,1,80.07,4,4,era5
2025-11-17,2,78.89,7,7,era5
2025-11-17,3,81.64,6,6,era5
2025-11-17,9,79.12,5,5,era5
2025-11-18,1,78.51,4,4,era5
2025-11-18,2,79.10,7,7,era5
2025-11-18,3,79.28,6,6,era5
2025-11-18,9,78.77,5,5,era5
2025-11-19,1,80.90,4,4,era5
2025-11-19,2,83.45,7,7,era5
2025-11-19,3,82.76,6,6,era5
2025-11-19,9,82.80,5,5,era5
2025-11-20,1,78.63,4,4,era5
2025-11-20,2,80.71,7,7,era5
2025-11-20,3,79.66,6,6,era5
2025-11-20,9,80.08,5,5,era5
2025-11-21,1,79.83,4,4,era5
2025-11-21,2,81.75,7,7,era5
2025-11-21,3,80.77,6,6,era5
2025-11-21,9,82.23,5,5,era5
2025-11-22,1,81.07,4,4,era5
2025-11-22,2,80.07,7,7,era5
2025-11-22,3,81.12,6,6,era5
2025-11-22,9,80.29,5,5,era5
2025-11-23,1,75.80,4,4,era5
2025-11-23,2,75.76,7,7,era5
2025-11-23,3,78.35,6,6,era5
2025-11-23,9,76.70,5,5,era5
2025-11-24,1,76.18,4,4,era5
2025-11-24,2,76.79,7,7,era5
2025-11-24,3,77.74,6,6,era5
2025-11-24,9,76.08,5,5,era5
2025-11-25,1,79.21,4,4,era5
2025-11-25,2,80.75,7,7,era5
2025-11-25,3,79.21,6,6,era5
2025-11-25,9,79.84,5,5,era5
2025-11-26,1,67.25,4,4,era5
2025-11-26,2,65.88,7,7,era5
2025-11-26,3,67.65,6,6,era5
2025-11-26,9,66.50,5,5,era5
2025-11-27,1,59.14,4,4,era5
2025-11-27,2,59.33,7,7,era5
2025-11-27,3,59.31,6,6,era5
2025-11-27,9,60.20,5,5,era5
2025-11-28,1,57.36,4,4,era5
2025-11-28,2,59.86,7,7,era5
2025-11-28,3,57.42,6,6,era5
2025-11-28,9,59.85,5,5,era5
2025-11-29,1,65.35,4,4,era5
2025-11-29,2,63.63,7,7,era5
2025-11-29,3,65.41,6,6,era5
2025-11-29,9,63.06,5,5,era5
2025-11-30,1,69.94,4,4,era5
2025-11-30,2,59.58,7,7,era5
2025-11-30,3,69.44,6,6,era5
2025-11-30,9,61.89,5,5,era5
2025-12-01,1,61.63,4,4,era5
2025-12-01,2,60.45,7,7,era5
2025-12-01,3,61.09,6,6,era5
2025-12-01,9,61.56,5,5,era5
2025-12-02,1,53.76,4,4,era5
2025-12-02,2,50.58,7,7,era5
2025-12-02,3,53.12,6,6,era5
2025-12-02,9,51.74,5,5,era5
2025-12-03,1,55.82,4,4,era5
2025-12-03,2,56.50,7,7,era5
2025-12-03,3,57.65,6,6,era5
2025-12-03,9,57.56,5,5,era5
2025-12-04,1,64.36,4,4,era5
2025-12-04,2,53.55,7,7,era5
2025-12-04,3,64.70,6,6,era5
2025-12-04,9,54.24,5,5,era5
2025-12-05,1,55.11,4,4,era5
2025-12-05,2,47.87,7,7,era5
2025-12-05,3,54.17,6,6,era5
2025-12-05,9,50.12,5,5,era5
2025-12-06,1,57.67,4,4,era5
2025-12-06,2,61.49,7,7,era5
2025-12-06,3,57.30,6,6,era5
2025-12-06,9,57.13,5,5,era5
2025-12-07,1,68.10,4,4,era5
2025-12-07,2,67.15,7,7,era5
2025-12-07,3,69.43,6,6,era5
2025-12-07,9,67.32,5,5,era5
2025-12-08,1,56.63,4,4,era5
2025-12-08,2,55.84,7,7,era5
2025-12-08,3,55.51,6,6,era5
2025-12-08,9,54.41,5,5,era5
2025-12-09,1,62.20,4,4,era5
2025-12-09,2,64.49,7,7,era5
2025-12-09,3,65.13,6,6,era5
2025-12-09,9,62.99,5,5,era5
2025-12-10,1,70.76,4,4,era5
2025-12-10,2,70.01,7,7,era5
2025-12-10,3,69.51,6,6,era5
2025-12-10,9,68.80,5,5,era5
2025-12-11,1,62.40,4,4,era5
2025-12-11,2,66.20,7,7,era5
2025-12-11,3,64.14,6,6,era5
2025-12-11,9,63.82,5,5,era5
2025-12-12,1,72.56,4,4,era5
2025-12-12,2,73.77,7,7,era5
2025-12-12,3,74.83,6,6,era5
2025-12-12,9,72.99,5,5,era5
2025-12-13,1,75.56,4,4,era5
2025-12-13,2,76.26,7,7,era5
2025-12-13,3,75.81,6,6,era5
2025-12-13,9,76.90,5,5,era5
2025-12-14,1,54.42,4,4,era5
2025-12-14,2,48.18,7,7,era5
2025-12-14,3,52.65,6,6,era5
2025-12-14,9,49.63,5,5,era5
2025-12-15,1,51.71,4,4,era5
2025-12-15,2,56.39,7,7,era5
2025-12-15,3,52.08,6,6,era5
2025-12-15,9,56.98,5,5,era5
2025-12-16,1,60.80,4,4,era5
2025-12-16,2,63.23,7,7,era5
2025-12-16,3,63.18,6,6,era5
2025-12-16,9,62.25,5,5,era5
2025-12-17,1,64.61,4,4,era5
2025-12-17,2,66.15,7,7,era5
2025-12-17,3,67.15,6,6,era5
2025-12-17,9,63.51,5,5,era5
2025-12-18,1,74.77,4,4,era5
2025-12-18,2,76.38,7,7,era5
2025-12-18,3,76.41,6,6,era5
2025-12-18,9,75.97,5,5,era5
2025-12-19,1,64.56,4,4,era5
2025-12-19,2,68.21,7,7,era5
2025-12-19,3,64.32,6,6,era5
2025-12-19,9,65.96,5,5,era5
2025-12-20,1,71.25,4,4,era5
2025-12-20,2,72.90,7,7,era5
2025-12-20,3,72.90,6,6,era5
2025-12-20,9,72.16,5,5,era5
2025-12-21,1,79.47,4,4,era5
2025-12-21,2,80.11,7,7,era5
2025-12-21,3,80.21,6,6,era5
2025-12-21,9,80.66,5,5,era5
2025-12-22,1,72.09,4,4,era5
2025-12-22,2,78.83,7,7,era5
2025-12-22,3,75.74,6,6,era5
2025-12-22,9,75.93,5,5,era5
2025-12-23,1,76.81,4,4,era5
2025-12-23,2,80.13,7,7,era5
2025-12-23,3,78.23,6,6,era5
2025-12-23,9,78.76,5,5,era5
2025-12-24,1,73.77,4,4,era5
2025-12-24,2,79.43,7,7,era5
2025-12-24,3,76.34,6,6,era5
2025-12-24,9,78.48,5,5,era5
2025-12-25,1,76.22,4,4,era5
2025-12-25,2,74.54,7,7,era5
2025-12-25,3,75.82,6,6,era5
2025-12-25,9,75.13,5,5,era5
2025-12-26,1,75.14,4,4,era5
2025-12-26,2,75.87,7,7,era5
2025-12-26,3,75.58,6,6,era5
2025-12-26,9,75.12,5,5,era5
2025-12-27,1,74.57,4,4,era5
2025-12-27,2,75.56,7,7,era5
2025-12-27,3,75.89,6,6,era5
2025-12-27,9,75.42,5,5,era5
2025-12-28,1,76.67,4,4,era5
2025-12-28,2,77.14,7,7,era5
2025-12-28,3,76.99,6,6,era5
2025-12-28,9,76.96,5,5,era5
2025-12-29,1,51.34,4,4,era5
2025-12-29,2,47.44,7,7,era5
2025-12-29,3,50.57,6,6,era5
2025-12-29,9,48.46,5,5,era5
2025-12-30,1,51.09,4,4,era5
2025-12-30,2,50.27,7,7,era5
2025-12-30,3,51.34,6,6,era5
2025-12-30,9,51.06,5,5,era5
2025-12-31,1,57.81,4,4,era5
2025-12-31,2,59.90,7,7,era5
2025-12-31,3,57.85,6,6,era5
2025-12-31,9,59.75,5,5,era5
2026-01-01,1,67.10,4,4,era5
2026-01-01,2,65.60,7,7,era5
2026-01-01,3,65.64,6,6,era5
2026-01-01,9,66.32,5,5,era5
2026-01-02,1,68.61,4,4,era5
2026-01-02,2,73.50,7,7,era5
2026-01-02,3,70.87,6,6,era5
2026-01-02,9,71.24,5,5,era5
2026-01-03,1,75.04,4,4,era5
2026-01-03,2,74.22,7,7,era5
2026-01-03,3,75.90,6,6,era5
2026-01-03,9,74.79,5,5,era5
2026-01-04,1,61.61,4,4,era5
2026-01-04,2,65.94,7,7,era5
2026-01-04,3,62.45,6,6,era5
2026-01-04,9,68.01,5,5,era5
2026-01-05,1,70.40,4,4,era5
2026-01-05,2,69.45,7,7,era5
2026-01-05,3,68.88,6,6,era5
2026-01-05,9,67.54,5,5,era5
2026-01-06,1,75.00,4,4,era5
2026-01-06,2,74.96,7,7,era5
2026-01-06,3,75.21,6,6,era5
2026-01-06,9,74.63,5,5,era5
2026-01-07,1,75.11,4,4,era5
2026-01-07,2,75.28,7,7,era5
2026-01-07,3,74.59,6,6,era5
2026-01-07,9,78.27,5,5,era5
2026-01-08,1,75.40,4,4,era5
2026-01-08,2,75.70,7,7,era5
2026-01-08,3,76.02,6,6,era5
2026-01-08,9,75.66,5,5,era5
2026-01-09,1,77.69,4,4,era5
2026-01-09,2,79.06,7,7,era5
2026-01-09,3,77.86,6,6,era5
2026-01-09,9,77.32,5,5,era5
2026-01-10,1,71.05,4,4,era5
2026-01-10,2,68.03,7,7,era5
2026-01-10,3,70.04,6,6,era5
2026-01-10,9,68.94,5,5,era5
2026-01-11,1,57.46,4,4,era5
2026-01-11,2,57.86,7,7,era5
2026-01-11,3,58.08,6,6,era5
2026-01-11,9,57.98,5,5,era5
2026-01-12,1,53.86,4,4,era5
2026-01-12,2,57.02,7,7,era5
2026-01-12,3,55.22,6,6,era5
2026-01-12,9,55.99,5,5,era5
2026-01-13,1,63.92,4,4,era5
2026-01-13,2,62.68,7,7,era5
2026-01-13,3,63.38,6,6,era5
2026-01-13,9,62.00,5,5,era5
2026-01-14,1,63.08,4,4,era5
2026-01-14,2,62.27,7,7,era5
2026-01-14,3,63.55,6,6,era5
2026-01-14,9,62.04,5,5,era5
2026-01-15,1,52.53,4,4,era5
2026-01-15,2,53.95,7,7,era5
2026-01-15,3,53.32,6,6,era5
2026-01-15,9,53.59,5,5,era5
2026-01-16,1,64.85,4,4,era5
2026-01-16,2,66.24,7,7,era5
2026-01-16,3,65.50,6,6,era5
2026-01-16,9,65.42,5,5,era5
2026-01-17,1,53.07,4,4,era5
2026-01-17,2,48.02,7,7,era5
2026-01-17,3,53.70,6,6,era5
2026-01-17,9,49.27,5,5,era5
2026-01-18,1,47.42,4,4,era5
2026-01-18,2,47.64,7,7,era5
2026-01-18,3,48.01,6,6,era5
2026-01-18,9,47.91,5,5,era5
2026-01-19,1,62.69,4,4,era5
2026-01-19,2,66.02,7,7,era5
2026-01-19,3,62.32,6,6,era5
2026-01-19,9,66.08,5,5,era5
2026-01-20,1,58.65,4,4,era5
2026-01-20,2,61.35,7,7,era5
2026-01-20,3,61.18,6,6,era5
2026-01-20,9,61.59,5,5,era5
2026-01-21,1,66.25,4,4,era5
2026-01-21,2,65.20,7,7,era5
2026-01-21,3,67.48,6,6,era5
2026-01-21,9,65.19,5,5,era5
2026-01-22,1,71.29,4,4,era5
2026-01-22,2,68.71,7,7,era5
2026-01-22,3,71.14,6,6,era5
2026-01-22,9,70.48,5,5,era5
2026-01-23,1,65.11,4,4,era5
2026-01-23,2,63.80,7,7,era5
2026-01-23,3,65.64,6,6,era5
2026-01-23,9,66.18,5,5,era5
2026-01-24,1,59.33,4,4,era5
2026-01-24,2,51.27,7,7,era5
2026-01-24,3,59.58,6,6,era5
2026-01-24,9,53.82,5,5,era5
2026-01-25,1,69.07,4,4,era5
2026-01-25,3,63.17,5,6,era5
2026-01-25,9,55.28,3,5,era5
2026-01-27,1,55.32,4,4,era5
2026-01-27,2,53.77,7,7,era5
2026-01-27,3,58.03,6,6,era5
2026-01-27,9,53.89,5,5,era5
2026-01-28,1,55.84,4,4,era5
2026-01-28,2,72.85,7,7,era5
2026-01-28,3,68.50,6,6,era5
2026-01-28,9,57.43,5,5,era5
2026-01-29,1,60.44,4,4,era5
2026-01-29,2,92.70,7,7,era5
2026-01-29,3,86.80,6,6,era5
2026-01-29,9,60.03,5,5,era5
2026-01-30,1,59.84,4,4,era5
2026-01-30,2,57.19,7,7,era5
2026-01-30,3,60.50,6,6,era5
2026-01-30,9,59.31,5,5,era5
2026-01-31,2,63.99,7,7,era5
2026-01-31,3,68.90,6,6,era5
2026-01-31,9,79.92,1,5,era5
2026-02-01,1,62.62,4,4,era5
2026-02-01,2,80.68,7,7,era5
2026-02-01,3,88.09,6,6,era5
2026-02-01,9,78.90,5,5,era5
2026-02-02,1,91.75,4,4,era5
2026-02-02,2,78.96,7,7,era5
2026-02-02,3,78.40,6,6,era5
2026-02-02,9,77.80,5,5,era5
2026-02-03,1,87.29,4,4,era5
2026-02-03,2,66.02,7,7,era5
2026-02-03,3,78.01,6,6,era5
2026-02-03,9,67.00,5,5,era5
2026-02-04,1,79.97,4,4,era5
2026-02-04,2,66.87,7,7,era5
2026-02-04,3,71.00,6,6,era5
2026-02-04,9,78.52,5,5,era5
2026-02-05,1,75.16,4,4,era5
2026-02-05,2,74.48,7,7,era5
2026-02-05,3,69.40,6,6,era5
2026-02-05,9,79.77,5,5,era5
2026-02-06,1,81.94,4,4,era5
2026-02-06,2,81.61,7,7,era5
2026-02-06,3,78.20,6,6,era5
2026-02-06,9,85.06,5,5,era5
2026-02-07,1,96.93,4,4,era5
2026-02-07,2,79.74,7,7,era5
2026-02-07,3,80.83,6,6,era5
2026-02-07,9,87.87,5,5,era5
2026-02-08,1,80.72,4,4,era5
2026-02-08,2,80.52,7,7,era5
2026-02-08,3,79.70,6,6,era5
2026-02-08,9,83.99,5,5,era5
2026-02-09,1,82.13,4,4,era5
2026-02-09,2,82.18,7,7,era5
2026-02-09,3,80.44,6,6,era5
2026-02-09,9,86.29,5,5,era5
2026-02-10,1,73.05,4,4,era5
2026-02-10,2,72.42,7,7,era5
2026-02-10,3,73.87,6,6,era5
2026-02-10,9,73.25,5,5,era5
2026-02-11,1,79.45,4,4,era5
2026-02-11,2,77.85,7,7,era5
2026-02-11,3,78.95,6,6,era5
2026-02-11,9,83.44,5,5,era5
2026-02-12,1,69.89,4,4,era5
2026-02-12,2,78.23,7,7,era5
2026-02-12,3,76.50,6,6,era5
2026-02-12,9,78.22,5,5,era5
2026-02-13,1,70.18,4,4,era5
2026-02-13,2,80.35,7,7,era5
2026-02-13,3,76.32,6,6,era5
2026-02-13,9,78.04,5,5,era5
2026-02-14,1,71.58,4,4,era5
2026-02-14,2,72.79,7,7,era5
2026-02-14,3,72.76,6,6,era5
2026-02-14,9,71.42,5,5,era5
2026-02-15,1,70.84,4,4,era5
2026-02-15,2,68.79,7,7,era5
2026-02-15,3,71.71,6,6,era5
2026-02-15,9,68.09,5,5,era5
2026-02-16,1,69.30,4,4,era5
2026-02-16,2,78.63,7,7,era5
2026-02-16,3,73.98,6,6,era5
2026-02-16,9,81.50,5,5,era5
2026-02-17,1,72.17,4,4,era5
2026-02-17,2,67.57,7,7,era5
2026-02-17,3,69.83,6,6,era5
2026-02-17,9,66.97,5,5,era5
2026-02-18,1,74.47,4,4,era5
2026-02-18,2,74.12,7,7,era5
2026-02-18,3,74.66,6,6,era5
2026-02-18,9,73.45,5,5,era5
2026-02-19,1,77.64,4,4,era5
2026-02-19,2,78.48,7,7,era5
2026-02-19,3,79.19,6,6,era5
2026-02-19,9,77.73,5,5,era5
2026-02-20,1,79.68,4,4,era5
2026-02-20,2,80.71,7,7,era5
2026-02-20,3,79.77,6,6,era5
2026-02-20,9,81.59,5,5,era5
2026-02-21,1,78.80,4,4,era5
2026-02-21,2,79.06,7,7,era5
2026-02-21,3,79.90,6,6,era5
2026-02-21,9,79.67,5,5,era5
2026-02-22,1,56.51,4,4,era5
2026-02-22,2,56.32,7,7,era5
2026-02-22,3,56.33,6,6,era5
2026-02-22,9,56.72,5,5,era5
2026-02-23,1,57.08,4,4,era5
2026-02-23,2,56.07,7,7,era5
2026-02-23,3,56.33,6,6,era5
2026-02-23,9,57.36,5,5,era5
2026-02-24,1,61.42,4,4,era5
2026-02-24,2,60.85,7,7,era5
2026-02-24,3,60.78,6,6,era5
2026-02-24,9,61.88,5,5,era5
2026-02-25,1,68.68,4,4,era5
2026-02-25,2,67.92,7,7,era5
2026-02-25,3,68.39,6,6,era5
2026-02-25,9,68.31,5,5,era5
2026-02-26,1,71.77,4,4,era5
2026-02-26,2,74.35,7,7,era5
2026-02-26,3,73.74,6,6,era5
2026-02-26,9,74.48,5,5,era5
2026-02-27,1,77.89,4,4,era5
2026-02-27,2,78.87,7,7,era5
2026-02-27,3,79.07,6,6,era5
2026-02-27,9,78.84,5,5,era5
2026-02-28,1,73.44,4,4,era5
2026-02-28,2,81.76,7,7,era5
2026-02-28,3,75.55,6,6,era5
2026-02-28,9,81.35,5,5,era5
2026-03-01,1,72.27,4,4,era5
2026-03-01,2,74.82,7,7,era5
2026-03-01,3,72.60,6,6,era5
2026-03-01,9,74.10,5,5,era5
2026-03-02,1,75.38,4,4,era5
2026-03-02,2,78.77,7,7,era5
2026-03-02,3,77.48,6,6,era5
2026-03-02,9,76.95,5,5,era5
2026-03-03,1,76.09,4,4,era5
2026-03-03,2,79.31,7,7,era5
2026-03-03,3,78.66,6,6,era5
2026-03-03,9,77.87,5,5,era5
2026-03-04,1,75.37,4,4,era5
2026-03-04,2,79.15,7,7,era5
2026-03-04,3,77.22,6,6,era5
2026-03-04,9,76.40,5,5,era5
2026-03-05,1,77.11,4,4,era5
2026-03-05,2,78.75,7,7,era5
2026-03-05,3,78.72,6,6,era5
2026-03-05,9,78.61,5,5,era5
2026-03-06,1,78.90,4,4,era5
2026-03-06,2,82.74,7,7,era5
2026-03-06,3,82.03,6,6,era5
2026-03-06,9,80.81,5,5,era5
2026-03-07,1,79.05,4,4,era5
2026-03-07,2,82.24,7,7,era5
2026-03-07,3,81.05,6,6,era5
2026-03-07,9,81.69,5,5,era5
2026-03-08,1,78.88,4,4,era5
2026-03-08,2,76.66,7,7,era5
2026-03-08,3,78.00,6,6,era5
2026-03-08,9,77.09,5,5,era5
2026-03-09,1,78.94,4,4,era5
2026-03-09,2,78.96,7,7,era5
2026-03-09,3,80.06,6,6,era5
2026-03-09,9,79.05,5,5,era5
2026-03-10,1,80.05,4,4,era5
2026-03-10,2,79.30,7,7,era5
2026-03-10,3,80.82,6,6,era5
2026-03-10,9,80.11,5,5,era5
2026-03-11,1,80.11,4,4,era5
2026-03-11,2,80.35,7,7,era5
2026-03-11,3,81.05,6,6,era5
2026-03-11,9,81.24,5,5,era5
2026-03-12,1,61.71,4,4,era5
2026-03-12,2,59.79,7,7,era5
2026-03-12,3,61.54,6,6,era5
2026-03-12,9,59.95,5,5,era5
2026-03-13,1,71.99,4,4,era5
2026-03-13,2,72.48,7,7,era5
2026-03-13,3,74.26,6,6,era5
2026-03-13,9,72.21,5,5,era5
2026-03-14,1,72.03,4,4,era5
2026-03-14,2,73.52,7,7,era5
2026-03-14,3,72.80,6,6,era5
2026-03-14,9,72.74,5,5,era5
2026-03-15,1,77.61,4,4,era5
2026-03-15,2,77.47,7,7,era5
2026-03-15,3,78.20,6,6,era5
2026-03-15,9,77.63,5,5,era5
2026-03-16,1,52.53,4,4,era5
2026-03-16,2,50.63,7,7,era5
2026-03-16,3,52.56,6,6,era5
2026-03-16,9,51.10,5,5,era5
2026-03-17,1,52.14,4,4,era5
2026-03-17,2,56.20,7,7,era5
2026-03-17,3,53.94,6,6,era5
2026-03-17,9,55.29,5,5,era5
2026-03-18,1,59.32,4,4,era5
2026-03-18,2,62.33,7,7,era5
2026-03-18,3,60.61,6,6,era5
2026-03-18,9,62.55,5,5,era5
2026-03-19,1,70.98,4,4,era5
2026-03-19,2,72.01,7,7,era5
2026-03-19,3,70.68,6,6,era5
2026-03-19,9,70.37,5,5,era5
2026-03-20,1,73.47,4,4,era5
2026-03-20,2,75.27,7,7,era5
2026-03-20,3,73.67,6,6,era5
2026-03-20,9,73.98,5,5,era5
2026-03-21,1,75.04,4,4,era5
2026-03-21,2,77.49,7,7,era5
2026-03-21,3,75.14,6,6,era5
2026-03-21,9,76.80,5,5,era5
2026-03-22,1,76.55,4,4,era5
2026-03-22,2,77.93,7,7,era5
2026-03-22,3,76.51,6,6,era5
2026-03-22,9,78.10,5,5,era5
2026-03-23,1,78.21,4,4,era5
2026-03-23,2,78.84,7,7,era5
2026-03-23,3,80.19,6,6,era5
2026-03-23,9,78.56,5,5,era5
2026-03-24,1,75.81,4,4,era5
2026-03-24,2,83.23,7,7,era5
2026-03-24,3,80.48,6,6,era5
2026-03-24,9,82.53,5,5,era5
2026-03-25,1,76.98,4,4,era5
2026-03-25,2,80.65,7,7,era5
2026-03-25,3,79.03,6,6,era5
2026-03-25,9,79.30,5,5,era5
2026-03-26,1,77.48,4,4,era5
2026-03-26,2,78.57,7,7,era5
2026-03-26,3,79.48,6,6,era5
2026-03-26,9,78.17,5,5,era5
2026-03-27,1,80.66,4,4,era5
2026-03-27,2,80.64,7,7,era5
2026-03-27,3,80.78,6,6,era5
2026-03-27,9,79.94,5,5,era5
2026-03-28,1,66.38,4,4,era5
2026-03-28,2,66.77,7,7,era5
2026-03-28,3,67.48,6,6,era5
2026-03-28,9,66.56,5,5,era5
2026-03-29,1,72.88,4,4,era5
2026-03-29,2,77.76,7,7,era5
2026-03-29,3,75.74,6,6,era5
2026-03-29,9,74.71,5,5,era5
2026-03-30,1,77.44,4,4,era5
2026-03-30,2,78.76,7,7,era5
2026-03-30,3,78.78,6,6,era5
2026-03-30,9,78.51,5,5,era5
2026-03-31,1,79.57,4,4,era5
2026-03-31,2,80.71,7,7,era5
2026-03-31,3,80.41,6,6,era5
2026-03-31,9,81.48,5,5,era5
2026-04-01,1,80.08,4,4,era5
2026-04-01,2,81.77,7,7,era5
2026-04-01,3,81.57,6,6,era5
2026-04-01,9,82.19,5,5,era5
2026-04-02,1,79.47,4,4,era5
2026-04-02,2,79.91,7,7,era5
2026-04-02,3,80.15,6,6,era5
2026-04-02,9,79.22,5,5,era5
2026-04-03,1,78.76,4,4,era5
2026-04-03,2,81.38,7,7,era5
2026-04-03,3,79.76,6,6,era5
2026-04-03,9,79.33,5,5,era5
2026-04-04,1,79.87,4,4,era5
2026-04-04,2,81.77,7,7,era5
2026-04-04,3,81.39,6,6,era5
2026-04-04,9,80.71,5,5,era5
2026-04-05,1,71.12,4,4,era5
2026-04-05,2,69.96,7,7,era5
2026-04-05,3,69.01,6,6,era5
2026-04-05,9,69.64,5,5,era5
2026-04-06,1,61.63,4,4,era5
2026-04-06,2,65.59,7,7,era5
2026-04-06,3,63.40,6,6,era5
2026-04-06,9,64.21,5,5,era5
2026-04-07,1,67.84,4,4,era5
2026-04-07,2,68.92,7,7,era5
2026-04-07,3,68.29,6,6,era5
2026-04-07,9,70.65,5,5,era5
2026-04-08,1,71.31,4,4,era5
2026-04-08,2,73.54,7,7,era5
2026-04-08,3,72.96,6,6,era5
2026-04-08,9,73.12,5,5,era5
2026-04-09,1,71.11,4,4,era5
2026-04-09,2,73.84,7,7,era5
2026-04-09,3,72.72,6,6,era5
2026-04-09,9,73.74,5,5,era5
2026-04-10,1,74.36,4,4,era5
2026-04-10,2,79.57,7,7,era5
2026-04-10,3,76.87,6,6,era5
2026-04-10,9,76.51,5,5,era5
2026-04-11,1,75.28,4,4,era5
2026-04-11,2,77.75,7,7,era5
2026-04-11,3,76.70,6,6,era5
2026-04-11,9,77.28,5,5,era5
2026-04-12,1,75.81,4,4,era5
2026-04-12,2,78.40,7,7,era5
2026-04-12,3,77.85,6,6,era5
2026-04-12,9,76.65,5,5,era5
2026-04-13,1,76.96,4,4,era5
2026-04-13,2,79.72,7,7,era5
2026-04-13,3,78.32,6,6,era5
2026-04-13,9,78.38,5,5,era5
2026-04-14,1,76.77,4,4,era5
2026-04-14,2,78.84,7,7,era5
2026-04-14,3,78.46,6,6,era5
2026-04-14,9,78.49,5,5,era5
2026-04-15,1,76.40,4,4,era5
2026-04-15,2,79.33,7,7,era5
2026-04-15,3,77.09,6,6,era5
2026-04-15,9,77.27,5,5,era5
2026-04-16,1,80.60,4,4,era5
2026-04-16,2,81.75,7,7,era5
2026-04-16,3,81.53,6,6,era5
2026-04-16,9,83.23,5,5,era5
2026-04-17,1,78.60,4,4,era5
2026-04-17,2,79.72,7,7,era5
2026-04-17,3,79.85,6,6,era5
2026-04-17,9,80.50,5,5,era5
2026-04-18,1,83.02,4,4,era5
2026-04-18,2,83.60,7,7,era5
2026-04-18,3,83.32,6,6,era5
2026-04-18,9,82.27,5,5,era5
2026-04-19,1,63.15,4,4,era5
2026-04-19,2,65.13,7,7,era5
2026-04-19,3,63.90,6,6,era5
2026-04-19,9,64.81,5,5,era5
2026-04-20,1,67.49,4,4,era5
2026-04-20,2,70.44,7,7,era5
2026-04-20,3,68.98,6,6,era5
2026-04-20,9,72.29,5,5,era5
2026-04-21,1,73.50,4,4,era5
2026-04-21,2,73.31,7,7,era5
2026-04-21,3,74.63,6,6,era5
2026-04-21,9,73.27,5,5,era5
2026-04-22,1,75.26,4,4,era5
2026-04-22,2,77.63,7,7,era5
2026-04-22,3,76.68,6,6,era5
2026-04-22,9,76.61,5,5,era5
2026-04-23,1,76.44,4,4,era5
2026-04-23,2,79.63,7,7,era5
2026-04-23,3,78.57,6,6,era5
2026-04-23,9,78.10,5,5,era5
2026-04-24,1,78.94,4,4,era5
2026-04-24,2,80.65,7,7,era5
2026-04-24,3,80.57,6,6,era5
2026-04-24,9,80.39,5,5,era5
2026-04-25,1,79.84,4,4,era5
2026-04-25,2,82.46,7,7,era5
2026-04-25,3,81.95,6,6,era5
2026-04-25,9,81.90,5,5,era5
2026-04-26,1,82.15,4,4,era5
2026-04-26,2,83.17,7,7,era5
2026-04-26,3,82.90,6,6,era5
2026-04-26,9,82.40,5,5,era5
2026-04-27,1,81.80,4,4,era5
2026-04-27,2,84.09,7,7,era5
2026-04-27,3,83.00,6,6,era5
2026-04-27,9,82.89,5,5,era5
2026-04-28,1,82.59,4,4,era5
2026-04-28,2,84.22,7,7,era5
2026-04-28,3,83.58,6,6,era5
2026-04-28,9,83.87,5,5,era5
2026-04-29,1,84.32,4,4,era5
2026-04-29,2,83.89,7,7,era5
2026-04-29,3,85.21,6,6,era5
2026-04-29,9,85.16,5,5,era5
2026-04-30,1,84.45,4,4,era5
2026-04-30,2,78.85,7,7,era5
2026-04-30,3,84.75,6,6,era5
2026-04-30,9,79.40,5,5,era5
2026-05-01,1,71.42,4,4,era5
2026-05-01,2,67.14,7,7,era5
2026-05-01,3,72.76,6,6,era5
2026-05-01,9,67.09,5,5,era5
2026-05-02,1,68.72,4,4,era5
2026-05-02,2,68.08,7,7,era5
2026-05-02,3,69.13,6,6,era5
2026-05-02,9,67.97,5,5,era5
2026-05-03,1,74.28,4,4,era5
2026-05-03,2,77.30,7,7,era5
2026-05-03,3,75.15,6,6,era5
2026-05-03,9,77.07,5,5,era5
2026-05-04,1,72.90,4,4,era5
2026-05-04,2,73.36,7,7,era5
2026-05-04,3,72.98,6,6,era5
2026-05-04,9,73.36,5,5,era5
2026-05-05,1,78.71,4,4,era5
2026-05-05,2,78.37,7,7,era5
2026-05-05,3,79.30,6,6,era5
2026-05-05,9,78.38,5,5,era5
2026-05-06,1,83.56,4,4,era5
2026-05-06,2,84.74,7,7,era5
2026-05-06,3,84.76,6,6,era5
2026-05-06,9,83.96,5,5,era5
2026-05-07,1,77.10,4,4,era5
2026-05-07,2,74.78,7,7,era5
2026-05-07,3,75.44,6,6,era5
2026-05-07,9,75.66,5,5,era5
2026-05-08,1,73.52,4,4,era5
2026-05-08,2,71.85,7,7,era5
2026-05-08,3,75.79,6,6,era5
2026-05-08,9,73.78,5,5,era5
2026-05-09,1,75.55,4,4,era5
2026-05-09,2,70.71,7,7,era5
2026-05-09,3,73.95,6,6,era5
2026-05-09,9,70.46,5,5,era5
2026-05-10,1,80.44,4,4,era5
2026-05-10,2,84.12,7,7,era5
2026-05-10,3,82.90,6,6,era5
2026-05-10,9,84.72,5,5,era5
2026-05-11,1,80.94,4,4,era5
2026-05-11,2,81.25,7,7,era5
2026-05-11,3,79.23,6,6,era5
2026-05-11,9,82.57,5,5,era5
2026-05-12,1,80.22,4,4,era5
2026-05-12,2,80.00,7,7,era5
2026-05-12,3,80.18,6,6,era5
2026-05-12,9,80.55,5,5,era5
2026-05-13,1,81.18,4,4,era5
2026-05-13,2,78.64,7,7,era5
2026-05-13,3,81.30,6,6,era5
2026-05-13,9,81.27,5,5,era5
2026-05-14,1,83.01,4,4,era5
2026-05-14,2,87.49,7,7,era5
2026-05-14,3,85.94,6,6,era5
2026-05-14,9,84.47,5,5,era5
2026-05-15,1,83.79,4,4,era5
2026-05-15,2,84.68,7,7,era5
2026-05-15,3,84.35,6,6,era5
2026-05-15,9,84.09,5,5,era5
2026-05-16,1,79.83,4,4,era5
2026-05-16,2,81.62,7,7,era5
2026-05-16,3,81.39,6,6,era5
2026-05-16,9,81.78,5,5,era5
2026-05-17,1,83.13,4,4,era5
2026-05-17,2,84.27,7,7,era5
2026-05-17,3,83.60,6,6,era5
2026-05-17,9,84.21,5,5,era5
2026-05-18,1,84.53,4,4,era5
2026-05-18,2,84.29,7,7,era5
2026-05-18,3,85.33,6,6,era5
2026-05-18,9,84.40,5,5,era5
2026-05-19,1,84.13,4,4,era5
2026-05-19,2,86.31,7,7,era5
2026-05-19,3,85.94,6,6,era5
2026-05-19,9,85.69,5,5,era5
2026-05-20,1,84.43,4,4,era5
2026-05-20,2,85.98,7,7,era5
2026-05-20,3,86.20,6,6,era5
2026-05-20,9,86.35,5,5,era5
2026-05-21,1,82.04,4,4,era5
2026-05-21,2,81.68,7,7,era5
2026-05-21,3,81.94,6,6,era5
2026-05-21,9,82.51,5,5,era5
2026-05-22,1,85.35,4,4,era5
2026-05-22,2,86.79,7,7,era5
2026-05-22,3,85.40,6,6,era5
2026-05-22,9,85.85,5,5,era5
2026-05-23,1,83.42,4,4,era5
2026-05-23,2,80.19,7,7,era5
2026-05-23,3,84.20,6,6,era5
2026-05-23,9,84.41,5,5,era5
2026-05-24,1,77.42,4,4,era5
2026-05-24,2,83.39,7,7,era5
2026-05-24,3,78.66,6,6,era5
2026-05-24,9,78.15,5,5,era5
2026-05-25,1,82.12,4,4,era5
2026-05-25,2,80.97,7,7,era5
2026-05-25,3,81.54,6,6,era5
2026-05-25,9,81.35,5,5,era5
2026-05-26,1,86.03,4,4,era5
2026-05-26,2,87.84,7,7,era5
2026-05-26,3,85.83,6,6,era5
2026-05-26,9,87.03,5,5,era5
2026-05-27,1,84.73,4,4,era5
2026-05-27,2,84.20,7,7,era5
2026-05-27,3,84.39,6,6,era5
2026-05-27,9,85.48,5,5,era5
2026-05-28,1,83.50,4,4,era5
2026-05-28,2,84.31,7,7,era5
2026-05-28,3,84.25,6,6,era5
2026-05-28,9,84.34,5,5,era5
2026-05-29,1,85.94,4,4,era5
2026-05-29,2,89.51,7,7,era5
2026-05-29,3,86.71,6,6,era5
2026-05-29,9,87.36,5,5,era5
2026-05-30,1,87.60,4,4,era5
2026-05-30,2,90.39,7,7,era5
2026-05-30,3,88.27,6,6,era5
2026-05-30,9,89.17,5,5,era5
2026-05-31,1,87.58,4,4,era5
2026-05-31,2,91.04,7,7,era5
2026-05-31,3,89.26,6,6,era5
2026-05-31,9,91.08,5,5,era5
2026-06-01,1,91.15,4,4,era5
2026-06-01,2,91.50,7,7,era5
2026-06-01,3,91.16,6,6,era5
2026-06-01,9,91.91,5,5,era5
2026-06-02,1,90.04,4,4,era5
2026-06-02,2,92.91,7,7,era5
2026-06-02,3,91.23,6,6,era5
2026-06-02,9,91.94,5,5,era5
2026-06-03,1,80.66,4,4,era5
2026-06-03,2,85.99,7,7,era5
2026-06-03,3,83.82,6,6,era5
2026-06-03,9,83.34,5,5,era5
2026-06-04,1,80.51,4,4,era5
2026-06-04,2,81.42,7,7,era5
2026-06-04,3,80.94,6,6,era5
2026-06-04,9,82.55,5,5,era5
2026-06-05,1,83.73,4,4,era5
2026-06-05,2,85.76,7,7,era5
2026-06-05,3,84.39,6,6,era5
2026-06-05,9,86.14,5,5,era5
2026-06-06,1,83.79,4,4,era5
2026-06-06,2,86.03,7,7,era5
2026-06-06,3,84.72,6,6,era5
2026-06-06,9,85.75,5,5,era5
2026-06-07,1,86.26,4,4,era5
2026-06-07,2,85.95,7,7,era5
2026-06-07,3,85.82,6,6,era5
2026-06-07,9,86.47,5,5,era5
2026-06-08,1,84.64,4,4,era5
2026-06-08,2,88.46,7,7,era5
2026-06-08,3,86.22,6,6,era5
2026-06-08,9,86.95,5,5,era5
2026-06-09,1,86.25,4,4,era5
2026-06-09,2,89.00,7,7,era5
2026-06-09,3,87.64,6,6,era5
2026-06-09,9,88.80,5,5,era5
2026-06-10,1,85.61,4,4,era5
2026-06-10,2,87.71,7,7,era5
2026-06-10,3,86.80,6,6,era5
2026-06-10,9,87.87,5,5,era5
2026-06-11,1,87.22,4,4,era5
2026-06-11,2,88.44,7,7,era5
2026-06-11,3,87.54,6,6,era5
2026-06-11,9,88.65,5,5,era5
2026-06-12,1,91.41,4,4,era5
2026-06-12,2,92.26,7,7,era5
2026-06-12,3,91.56,6,6,era5
2026-06-12,9,92.74,5,5,era5
2026-06-13,1,92.66,4,4,era5
2026-06-13,2,91.24,7,7,era5
2026-06-13,3,93.57,6,6,era5
2026-06-13,9,91.31,5,5,era5
2026-06-14,1,89.79,4,4,era5
2026-06-14,2,88.96,7,7,era5
2026-06-14,3,89.13,6,6,era5
2026-06-14,9,89.44,5,5,era5
2026-06-15,1,89.45,4,4,era5
2026-06-15,2,86.26,7,7,era5
2026-06-15,3,90.15,6,6,era5
2026-06-15,9,86.62,5,5,era5
2026-06-16,1,82.27,4,4,era5
2026-06-16,2,79.78,7,7,era5
2026-06-16,3,81.69,6,6,era5
2026-06-16,9,78.74,5,5,era5
2026-06-17,1,85.47,4,4,era5
2026-06-17,2,85.51,7,7,era5
2026-06-17,3,85.77,6,6,era5
2026-06-17,9,86.60,5,5,era5
2026-06-18,1,87.44,4,4,era5
2026-06-18,2,88.75,7,7,era5
2026-06-18,3,88.61,6,6,era5
2026-06-18,9,88.55,5,5,era5
2026-06-19,1,91.83,4,4,era5
2026-06-19,2,92.59,7,7,era5
2026-06-19,3,91.84,6,6,era5
2026-06-19,9,92.82,5,5,era5
2026-06-20,1,89.46,4,4,era5
2026-06-20,2,88.61,7,7,era5
2026-06-20,3,89.40,6,6,era5
2026-06-20,9,88.38,5,5,era5
2026-06-21,1,86.54,4,4,era5
2026-06-21,2,84.56,7,7,era5
2026-06-21,3,85.94,6,6,era5
2026-06-21,9,86.30,5,5,era5
2026-06-22,1,86.94,4,4,era5
2026-06-22,2,86.93,7,7,era5
2026-06-22,3,87.36,6,6,era5
2026-06-22,9,87.56,5,5,era5
2026-06-23,1,89.18,4,4,era5
2026-06-23,2,90.65,7,7,era5
2026-06-23,3,89.56,6,6,era5
2026-06-23,9,90.77,5,5,era5
2026-06-24,1,94.00,4,4,era5
2026-06-24,2,89.65,7,7,era5
2026-06-24,3,90.56,6,6,era5
2026-06-24,9,93.37,5,5,era5
2026-06-25,1,93.59,4,4,era5
2026-06-25,2,90.73,7,7,era5
2026-06-25,3,91.49,6,6,era5
2026-06-25,9,91.97,5,5,era5
2026-06-26,1,86.73,4,4,era5
2026-06-26,2,87.58,7,7,era5
2026-06-26,3,87.67,6,6,era5
2026-06-26,9,87.99,5,5,era5
2026-06-27,1,87.61,4,4,era5
2026-06-27,2,88.57,7,7,era5
2026-06-27,3,87.90,6,6,era5
2026-06-27,9,87.93,5,5,era5
2026-06-28,1,89.88,4,4,era5
2026-06-28,2,89.55,7,7,era5
2026-06-28,3,90.25,6,6,era5
2026-06-28,9,90.06,5,5,era5
2026-06-29,1,91.37,4,4,era5
2026-06-29,2,91.08,7,7,era5
2026-06-29,3,90.56,6,6,era5
2026-06-29,9,91.52,5,5,era5
2026-06-30,1,92.85,4,4,era5
2026-06-30,2,95.42,7,7,era5
2026-06-30,3,93.10,6,6,era5
2026-06-30,9,95.88,5,5,era5
2026-07-01,1,88.87,4,4,era5
2026-07-01,2,93.05,7,7,era5
2026-07-01,3,90.22,6,6,era5
2026-07-01,9,91.30,5,5,era5
2026-07-02,1,88.13,4,4,era5
2026-07-02,2,89.38,7,7,era5
2026-07-02,3,89.24,6,6,era5
2026-07-02,9,90.21,5,5,era5
2026-07-03,1,88.39,4,4,era5
2026-07-03,2,93.09,7,7,era5
2026-07-03,3,91.39,6,6,era5
2026-07-03,9,89.98,5,5,era5
2026-07-04,1,93.73,4,4,era5
2026-07-04,2,95.01,7,7,era5
2026-07-04,3,93.78,6,6,era5
2026-07-04,9,95.81,5,5,era5
2026-07-05,1,91.07,4,4,era5
2026-07-05,2,89.76,7,7,era5
2026-07-05,3,89.10,6,6,era5
2026-07-05,9,90.10,5,5,era5
2026-07-06,1,89.99,4,4,era5
2026-07-06,2,92.07,7,7,era5
2026-07-06,3,89.93,6,6,era5
2026-07-06,9,91.66,5,5,era5
2026-07-07,1,89.77,4,4,era5
2026-07-07,2,91.06,7,7,era5
2026-07-07,3,90.43,6,6,era5
2026-07-07,9,91.14,5,5,era5
2026-07-08,1,94.46,4,4,era5
2026-07-08,2,94.15,7,7,era5
2026-07-08,3,94.98,6,6,era5
2026-07-08,9,93.09,5,5,era5
2026-07-09,1,91.11,4,4,era5
2026-07-09,2,90.03,7,7,era5
2026-07-09,3,91.34,6,6,era5
2026-07-09,9,90.72,5,5,era5
2026-07-10,1,87.99,4,4,era5
2026-07-10,2,89.47,7,7,era5
2026-07-10,3,88.65,6,6,era5
2026-07-10,9,89.27,5,5,era5
2026-07-11,1,88.50,4,4,era5
2026-07-11,2,91.14,7,7,era5
2026-07-11,3,89.27,6,6,era5
2026-07-11,9,90.65,5,5,era5
2026-07-12,1,88.30,4,4,era5
2026-07-12,2,90.70,7,7,era5
2026-07-12,3,87.36,6,6,era5
2026-07-12,9,90.84,5,5,era5
2026-07-13,1,81.31,4,4,era5
2026-07-13,2,80.62,7,7,era5
2026-07-13,3,83.04,6,6,era5
2026-07-13,9,79.97,5,5,era5
2026-07-14,1,83.64,4,4,era5
2026-07-14,2,79.56,7,7,era5
2026-07-14,3,81.75,6,6,era5
2026-07-14,9,80.05,5,5,era5
2026-07-15,1,92.17,4,4,era5
2026-07-15,2,92.73,7,7,era5
2026-07-15,3,93.55,6,6,era5
2026-07-15,9,88.63,5,5,era5
2026-07-16,1,95.15,4,4,era5
2026-07-16,2,93.88,7,7,era5
2026-07-16,3,94.86,6,6,era5
2026-07-16,9,93.67,5,5,era5
2026-07-17,1,94.05,4,4,era5
2026-07-17,2,93.24,7,7,era5
2026-07-17,3,94.48,6,6,era5
2026-07-17,9,93.43,5,5,era5
2026-07-18,1,89.47,4,4,era5
2026-07-18,2,92.14,7,7,era5
2026-07-18,3,90.02,6,6,era5
2026-07-18,9,91.13,5,5,era5
2026-07-19,1,90.23,4,4,era5
2026-07-19,2,91.48,7,7,era5
2026-07-19,3,90.62,6,6,era5
2026-07-19,9,91.31,5,5,era5
2026-07-20,1,90.15,4,4,era5
2026-07-20,2,91.42,7,7,era5
2026-07-20,3,89.79,6,6,era5
2026-07-20,9,91.37,5,5,era5
2026-07-21,1,89.26,4,4,era5
2026-07-21,2,92.04,7,7,era5
2026-07-21,3,90.40,6,6,era5
2026-07-21,9,91.58,5,5,era5
2026-07-22,1,84.65,4,4,era5
2026-07-22,2,88.76,7,7,era5
2026-07-22,3,86.59,6,6,era5
2026-07-22,9,86.71,5,5,era5
2026-07-23,1,86.44,4,4,era5
2026-07-23,2,87.37,7,7,era5
2026-07-23,3,86.38,6,6,era5
2026-07-23,9,88.11,5,5,era5
2026-07-24,1,92.21,4,4,era5
2026-07-24,2,92.72,7,7,era5
2026-07-24,3,93.26,6,6,era5
2026-07-24,9,93.45,5,5,era5
2026-07-25,1,94.37,4,4,era5
2026-07-25,2,94.17,7,7,era5
2026-07-25,3,94.71,6,6,era5
2026-07-25,9,93.05,5,5,era5
2026-07-26,1,89.49,4,4,era5
2026-07-26,2,90.65,7,7,era5
2026-07-26,3,90.07,6,6,era5
2026-07-26,9,90.28,5,5,era5
2026-07-27,1,90.04,4,4,era5
2026-07-27,2,91.67,7,7,era5
2026-07-27,3,89.86,6,6,era5
2026-07-27,9,92.28,5,5,era5
2026-07-28,1,90.46,4,4,era5
2026-07-28,2,91.33,7,7,era5
2026-07-28,3,90.93,6,6,era5
2026-07-28,9,91.74,5,5,era5
2026-07-29,1,89.38,4,4,era5
2026-07-29,2,90.69,7,7,era5
2026-07-29,3,89.32,6,6,era5
2026-07-29,9,91.71,5,5,era5
2026-07-30,1,90.79,4,4,era5
2026-07-30,2,91.32,7,7,era5
2026-07-30,3,91.43,6,6,era5
2026-07-30,9,91.28,5,5,era5
2026-07-31,1,89.66,4,4,era5
2026-07-31,2,88.96,7,7,era5
2026-07-31,3,88.61,6,6,era5
2026-07-31,9,89.16,5,5,era5
2026-08-01,1,87.38,4,4,era5
2026-08-01,2,88.66,7,7,era5
2026-08-01,3,88.05,6,6,era5
2026-08-01,9,89.01,5,5,era5
2026-08-02,1,84.94,4,4,era5
2026-08-02,2,84.14,7,7,era5
2026-08-02,3,85.76,6,6,era5
2026-08-02,9,85.37,5,5,era5
2026-08-03,1,86.54,4,4,era5
2026-08-03,2,88.03,7,7,era5
2026-08-03,3,87.73,6,6,era5
2026-08-03,9,86.89,5,5,era5
2026-08-04,1,92.44,4,4,era5
2026-08-04,2,91.19,7,7,era5
2026-08-04,3,91.18,6,6,era5
2026-08-04,9,91.20,5,5,era5
2026-08-05,1,92.38,4,4,era5
2026-08-05,2,93.01,7,7,era5
2026-08-05,3,91.92,6,6,era5
2026-08-05,9,93.48,5,5,era5
2026-08-06,1,89.40,4,4,era5
2026-08-06,2,93.11,7,7,era5
2026-08-06,3,91.42,6,6,era5
2026-08-06,9,92.54,5,5,era5
2026-08-07,1,87.46,4,4,era5
2026-08-07,2,93.84,7,7,era5
2026-08-07,3,89.27,6,6,era5
2026-08-07,9,93.21,5,5,era5
2026-08-08,1,89.22,4,4,era5
2026-08-08,2,93.88,7,7,era5
2026-08-08,3,90.42,6,6,era5
2026-08-08,9,93.34,5,5,era5
2026-08-09,1,88.52,4,4,era5
2026-08-09,2,91.16,7,7,era5
2026-08-09,3,87.80,6,6,era5
2026-08-09,9,92.71,5,5,era5
2026-08-10,1,90.51,4,4,era5
2026-08-10,2,88.67,7,7,era5
2026-08-10,3,89.09,6,6,era5
2026-08-10,9,90.58,5,5,era5
2026-08-11,1,93.36,4,4,era5
2026-08-11,2,91.73,7,7,era5
2026-08-11,3,93.42,6,6,era5
2026-08-11,9,91.38,5,5,era5
2026-08-12,1,90.36,4,4,era5
2026-08-12,2,90.56,7,7,era5
2026-08-12,3,91.24,6,6,era5
2026-08-12,9,90.72,5,5,era5
2026-08-13,1,88.92,4,4,era5
2026-08-13,2,89.76,7,7,era5
2026-08-13,3,89.21,6,6,era5
2026-08-13,9,91.07,5,5,era5
2026-08-14,1,93.99,4,4,era5
2026-08-14,2,93.41,7,7,era5
2026-08-14,3,94.14,6,6,era5
2026-08-14,9,92.81,5,5,era5
2026-08-15,1,94.31,4,4,era5
2026-08-15,2,96.37,7,7,era5
2026-08-15,3,95.68,6,6,era5
2026-08-15,9,96.30,5,5,era5
2026-08-16,1,95.68,4,4,era5
2026-08-16,2,96.46,7,7,era5
2026-08-16,3,95.65,6,6,era5
2026-08-16,9,96.58,5,5,era5
2026-08-17,1,92.28,4,4,era5
2026-08-17,2,96.30,7,7,era5
2026-08-17,3,94.33,6,6,era5
2026-08-17,9,94.24,5,5,era5
2026-08-18,1,90.24,4,4,era5
2026-08-18,2,92.61,7,7,era5
2026-08-18,3,90.18,6,6,era5
2026-08-18,9,91.88,5,5,era5
2026-08-19,1,89.92,4,4,era5
2026-08-19,2,93.22,7,7,era5
2026-08-19,3,90.91,6,6,era5
2026-08-19,9,92.64,5,5,era5
2026-08-20,1,89.47,4,4,era5
2026-08-20,2,93.17,7,7,era5
2026-08-20,3,90.05,6,6,era5
2026-08-20,9,93.81,5,5,era5
2026-08-21,1,92.81,4,4,era5
2026-08-21,2,91.85,7,7,era5
2026-08-21,3,92.64,6,6,era5
2026-08-21,9,94.07,5,5,era5
2026-08-22,1,92.59,4,4,era5
2026-08-22,2,91.75,7,7,era5
2026-08-22,3,93.53,6,6,era5
2026-08-22,9,92.83,5,5,era5
2026-08-23,1,94.80,4,4,era5
2026-08-23,2,95.13,7,7,era5
2026-08-23,3,95.63,6,6,era5
2026-08-23,9,95.62,5,5,era5
2026-08-24,1,90.04,4,4,era5
2026-08-24,2,90.34,7,7,era5
2026-08-24,3,90.50,6,6,era5
2026-08-24,9,89.46,5,5,era5
2026-08-25,1,90.92,4,4,era5
2026-08-25,2,90.25,7,7,era5
2026-08-25,3,90.74,6,6,era5
2026-08-25,9,90.04,5,5,era5
2026-08-26,1,95.43,4,4,era5
2026-08-26,2,94.94,7,7,era5
2026-08-26,3,95.74,6,6,era5
2026-08-26,9,95.89,5,5,era5
2026-08-27,1,84.34,4,4,era5
2026-08-27,2,86.14,7,7,era5
2026-08-27,3,85.34,6,6,era5
2026-08-27,9,86.78,5,5,era5
2026-08-28,1,90.04,4,4,era5
2026-08-28,2,91.38,7,7,era5
2026-08-28,3,92.47,6,6,era5
2026-08-28,9,90.98,5,5,era5
2026-08-29,1,88.03,4,4,era5
2026-08-29,2,88.70,7,7,era5
2026-08-29,3,88.19,6,6,era5
2026-08-29,9,87.87,5,5,era5
2026-08-30,1,84.94,4,4,era5
2026-08-30,2,88.90,7,7,era5
2026-08-30,3,86.64,6,6,era5
2026-08-30,9,88.81,5,5,era5
2026-08-31,1,85.28,4,4,era5
2026-08-31,2,88.53,7,7,era5
2026-08-31,3,85.43,6,6,era5
2026-08-31,9,87.65,5,5,era5
2026-09-01,1,88.38,4,4,era5
2026-09-01,2,87.47,7,7,era5
2026-09-01,3,87.48,6,6,era5
2026-09-01,9,88.91,5,5,era5
2026-09-02,1,89.29,4,4,era5
2026-09-02,2,92.38,7,7,era5
2026-09-02,3,91.14,6,6,era5
2026-09-02,9,93.31,5,5,era5
2026-09-03,1,88.38,4,4,era5
2026-09-03,2,91.35,7,7,era5
2026-09-03,3,90.37,6,6,era5
2026-09-03,9,89.60,5,5,era5
2026-09-04,1,85.57,4,4,era5
2026-09-04,2,87.74,7,7,era5
2026-09-04,3,89.03,6,6,era5
2026-09-04,9,86.70,5,5,era5
2026-09-05,1,89.13,4,4,era5
2026-09-05,2,92.31,7,7,era5
2026-09-05,3,91.64,6,6,era5
2026-09-05,9,92.17,5,5,era5
