date,station,high_f,low_f,average_f,peak_heat_index_f,temperature_hours,heat_index_hours,expected_hours
2023-01-01,KASD,69.0,48.0,61.5,69.4,24,24,24
2023-01-01,KBTR,69.0,50.0,60.6,69.3,24,24,24
2023-01-01,KHUM,71.6,57.2,64.0,72.2,21,21,24
2023-01-01,KMSY,73.0,53.0,63.0,73.6,24,24,24
2023-01-01,KNEW,71.0,51.0,60.2,71.4,24,24,24
2023-01-02,KASD,78.0,68.0,72.0,78.7,24,24,24
2023-01-02,KBTR,82.0,66.0,73.4,85.4,24,24,24
2023-01-02,KHUM,78.8,68.4,72.1,79.7,22,22,24
2023-01-02,KMSY,78.0,68.0,72.0,78.7,24,24,24
2023-01-02,KNEW,79.0,67.0,72.3,79.6,24,24,24
2023-01-03,KASD,77.0,70.0,73.4,77.6,24,24,24
2023-01-03,KBTR,80.0,69.0,73.8,83.5,24,24,24
2023-01-03,KHUM,75.2,69.8,72.1,75.9,23,23,24
2023-01-03,KMSY,77.0,68.0,72.8,77.7,24,24,24
2023-01-03,KNEW,77.0,72.0,74.2,77.6,24,24,24
2023-01-04,KASD,75.0,53.0,64.0,74.6,24,24,24
2023-01-04,KBTR,74.0,56.0,64.7,73.2,24,24,24
2023-01-04,KHUM,75.2,55.4,65.4,74.5,20,20,24
2023-01-04,KMSY,76.0,57.0,65.8,75.3,24,24,24
2023-01-04,KNEW,73.0,58.0,63.1,73.6,24,24,24
2023-01-05,KASD,70.0,44.0,55.2,69.1,24,24,24
2023-01-05,KBTR,68.0,44.0,54.7,67.0,24,24,24
2023-01-05,KHUM,73.4,46.4,57.7,72.6,21,21,24
2023-01-05,KMSY,70.0,50.0,59.4,69.2,24,24,24
2023-01-05,KNEW,65.0,55.0,58.7,64.3,24,24,24
2023-01-06,KASD,69.0,39.0,52.2,68.1,24,24,24
2023-01-06,KBTR,71.0,41.0,54.7,70.3,24,24,24
2023-01-06,KHUM,69.8,46.4,55.6,69.2,22,22,24
2023-01-06,KMSY,69.0,48.0,57.2,68.2,24,24,24
2023-01-06,KNEW,65.0,51.0,57.5,64.2,24,24,24
2023-01-07,KASD,75.0,44.0,59.0,74.8,24,24,24
2023-01-07,KBTR,77.0,46.0,62.0,77.0,24,24,24
2023-01-07,KHUM,73.4,50.0,61.8,73.5,23,23,24
2023-01-07,KMSY,75.0,54.0,64.0,74.9,24,24,24
2023-01-07,KNEW,73.0,54.0,63.0,72.8,24,24,24
2023-01-08,KASD,65.0,50.0,58.3,65.2,24,24,24
2023-01-08,KBTR,66.0,54.0,61.3,66.3,24,24,24
2023-01-08,KHUM,66.2,59.7,63.9,66.7,23,23,24
2023-01-08,KMSY,65.0,60.0,62.1,65.0,24,24,24
2023-01-08,KNEW,64.0,59.0,61.0,64.2,24,24,24
2023-01-09,KASD,66.0,44.0,53.8,65.1,24,24,24
2023-01-09,KBTR,65.0,44.0,52.6,64.2,24,24,24
2023-01-09,KHUM,64.4,47.3,56.0,63.7,22,22,24
2023-01-09,KMSY,63.0,50.0,56.2,62.3,24,24,24
2023-01-09,KNEW,60.0,51.0,56.3,59.4,24,24,24
2023-01-10,KASD,71.0,38.0,55.3,71.0,24,24,24
2023-01-10,KBTR,74.0,41.0,59.8,74.1,24,24,24
2023-01-10,KHUM,71.6,45.0,59.3,71.9,22,22,24
2023-01-10,KMSY,73.0,46.0,59.3,72.9,24,24,24
2023-01-10,KNEW,67.0,49.0,59.0,66.9,24,24,24
2023-01-11,KASD,79.0,62.0,70.7,79.3,24,24,24
2023-01-11,KBTR,81.0,68.0,72.8,82.8,24,24,24
2023-01-11,KHUM,77.0,67.5,70.7,77.7,23,23,24
2023-01-11,KMSY,80.0,65.0,71.2,81.8,24,24,24
2023-01-11,KNEW,77.0,63.0,69.6,77.3,24,24,24
2023-01-12,KASD,77.0,54.0,68.5,77.4,24,24,24
2023-01-12,KBTR,76.0,52.0,67.4,75.9,24,24,24
2023-01-12,KHUM,75.2,52.7,68.0,75.8,23,23,24
2023-01-12,KMSY,77.0,53.0,68.3,77.3,24,24,24
2023-01-12,KNEW,74.0,54.0,66.5,74.3,24,24,24
2023-01-13,KASD,57.0,37.0,48.9,55.7,24,24,24
2023-01-13,KBTR,54.0,38.0,47.1,52.5,24,24,24
2023-01-13,KHUM,55.4,37.4,48.0,54.2,23,23,24
2023-01-13,KMSY,56.0,42.0,49.6,54.7,24,24,24
2023-01-13,KNEW,56.0,42.0,50.2,54.8,24,24,24
2023-01-14,KASD,59.0,30.0,41.6,57.5,24,24,24
2023-01-14,KBTR,58.0,32.0,42.6,56.5,24,24,24
2023-01-14,KHUM,57.2,33.4,43.2,55.7,20,20,24
2023-01-14,KMSY,54.0,39.0,45.1,52.5,24,24,24
2023-01-14,KNEW,52.0,39.0,45.4,50.8,24,24,24
2023-01-15,KASD,62.0,30.0,47.3,61.3,24,24,24
2023-01-15,KBTR,66.0,32.0,50.0,65.3,24,24,24
2023-01-15,KHUM,64.4,32.0,50.4,63.8,21,21,24
2023-01-15,KMSY,64.0,36.0,51.8,63.1,24,24,24
2023-01-15,KNEW,61.0,41.0,52.6,60.3,24,24,24
2023-01-16,KASD,71.0,50.0,62.9,70.9,24,24,24
2023-01-16,KBTR,72.0,58.0,66.2,71.9,24,24,24
2023-01-16,KHUM,69.8,60.8,66.4,69.9,23,23,24
2023-01-16,KMSY,71.0,57.0,65.2,70.9,24,24,24
2023-01-16,KNEW,73.0,56.0,65.0,72.9,24,24,24
2023-01-17,KASD,79.0,64.0,69.4,79.3,24,24,24
2023-01-17,KBTR,82.0,67.0,71.1,83.8,24,24,24
2023-01-17,KHUM,78.8,65.5,70.3,79.0,22,22,24
2023-01-17,KMSY,81.0,65.0,70.5,82.3,24,24,24
2023-01-17,KNEW,76.0,67.0,70.3,76.3,24,24,24
2023-01-18,KASD,90.0,66.0,70.8,93.9,22,22,24
2023-01-18,KBTR,79.0,61.0,71.7,79.3,24,24,24
2023-01-18,KHUM,73.4,64.4,69.2,74.1,22,22,24
2023-01-18,KMSY,76.0,66.0,70.2,76.4,24,24,24
2023-01-18,KNEW,78.0,64.0,71.2,78.2,24,24,24
2023-01-19,KASD,89.0,47.0,63.3,86.1,21,21,24
2023-01-19,KBTR,73.0,52.0,61.0,72.1,24,24,24
2023-01-19,KHUM,75.2,55.4,65.5,74.4,23,23,24
2023-01-19,KMSY,75.0,57.0,65.2,74.3,24,24,24
2023-01-19,KNEW,71.0,56.0,63.0,71.3,21,21,24
2023-01-20,KASD,63.0,41.0,53.0,62.0,24,24,24
2023-01-20,KBTR,60.0,45.0,53.2,58.9,24,24,24
2023-01-20,KHUM,60.8,51.6,56.3,59.8,21,21,24
2023-01-20,KMSY,59.0,54.0,57.0,58.2,24,24,24
2023-01-20,KNEW,59.0,54.0,57.2,58.3,24,24,24
2023-01-21,KASD,59.0,51.0,54.6,59.1,24,24,24
2023-01-21,KBTR,53.0,48.0,50.4,52.1,24,24,24
2023-01-21,KHUM,66.6,55.4,59.8,67.1,22,22,24
2023-01-21,KMSY,61.0,53.0,57.5,61.2,24,24,24
2023-01-21,KNEW,63.0,55.0,58.0,63.3,24,24,24
2023-01-22,KASD,57.0,44.0,52.5,57.0,24,24,24
2023-01-22,KBTR,60.0,46.0,53.0,59.2,24,24,24
2023-01-22,KHUM,67.0,48.6,55.5,67.5,23,23,24
2023-01-22,KMSY,58.0,49.0,53.9,58.1,24,24,24
2023-01-22,KNEW,59.0,50.0,55.0,59.1,24,24,24
2023-01-23,KASD,61.0,35.0,46.5,59.9,24,24,24
2023-01-23,KBTR,60.0,38.0,47.3,58.9,24,24,24
2023-01-23,KHUM,59.0,39.2,47.4,58.0,22,22,24
2023-01-23,KMSY,57.0,45.0,49.7,55.8,24,24,24
2023-01-23,KNEW,55.0,45.0,50.2,54.0,24,24,24
2023-01-24,KASD,69.0,40.0,55.5,69.5,24,23,24
2023-01-24,KBTR,69.0,43.0,54.1,69.4,24,24,24
2023-01-24,KHUM,69.0,46.8,57.9,69.5,23,23,24
2023-01-24,KMSY,69.0,49.0,58.5,69.5,24,24,24
2023-01-24,KNEW,71.0,50.0,58.7,71.5,24,24,24
2023-01-25,KASD,64.0,44.0,52.6,64.0,24,24,24
2023-01-25,KBTR,60.0,46.0,48.5,59.8,24,24,24
2023-01-25,KHUM,59.0,44.2,51.6,58.7,23,23,24
2023-01-25,KMSY,62.0,47.0,52.0,61.7,24,24,24
2023-01-25,KNEW,62.0,47.0,52.9,62.0,24,24,24
2023-01-26,KASD,58.0,36.0,47.6,56.7,24,24,24
2023-01-26,KBTR,56.0,38.0,46.6,54.7,24,24,24
2023-01-26,KHUM,57.2,42.0,48.4,55.9,21,21,24
2023-01-26,KMSY,56.0,45.0,49.6,54.7,24,24,24
2023-01-26,KNEW,55.0,47.0,50.2,53.7,24,24,24
2023-01-27,KASD,58.0,30.9,44.0,56.6,24,24,24
2023-01-27,KBTR,60.0,33.0,46.4,58.6,24,24,24
2023-01-27,KHUM,57.2,33.0,46.9,55.9,23,23,24
2023-01-27,KMSY,59.0,39.0,49.5,57.6,24,24,24
2023-01-27,KNEW,58.0,45.0,50.9,56.7,24,24,24
2023-01-28,KASD,68.0,37.0,56.4,67.4,24,24,24
2023-01-28,KBTR,72.0,47.0,59.7,71.6,24,24,24
2023-01-28,KHUM,69.8,49.0,60.9,69.5,21,21,24
2023-01-28,KMSY,69.0,46.0,60.3,68.4,24,24,24
2023-01-28,KNEW,69.0,50.0,60.5,68.3,24,24,24
2023-01-29,KASD,67.0,59.0,63.3,67.5,24,24,24
2023-01-29,KBTR,71.0,59.0,62.8,71.6,24,24,24
2023-01-29,KHUM,75.2,60.8,67.4,75.9,22,22,24
2023-01-29,KMSY,74.0,61.0,66.2,74.5,24,24,24
2023-01-29,KNEW,73.0,60.0,66.1,73.6,24,24,24
2023-01-30,KASD,77.0,64.0,69.6,77.5,24,24,24
2023-01-30,KBTR,70.0,65.0,66.9,70.5,24,24,24
2023-01-30,KHUM,78.8,64.0,70.9,79.4,23,23,24
2023-01-30,KMSY,78.0,67.0,71.1,78.5,24,24,24
2023-01-30,KNEW,72.0,66.0,68.4,72.4,24,24,24
2023-01-31,KASD,75.0,60.0,67.8,75.5,24,24,24
2023-01-31,KBTR,66.0,45.0,56.1,66.5,24,24,24
2023-01-31,KHUM,75.2,62.8,67.3,75.9,22,22,24
2023-01-31,KMSY,78.0,57.0,66.9,78.4,24,24,24
2023-01-31,KNEW,72.0,60.0,65.7,72.4,24,24,24
2023-02-01,KASD,58.0,50.0,55.0,57.7,24,24,24
2023-02-01,KBTR,51.0,42.0,45.9,50.3,24,24,24
2023-02-01,KHUM,64.4,53.6,57.5,64.3,23,23,24
2023-02-01,KMSY,57.0,51.0,54.3,56.7,24,24,24
2023-02-01,KNEW,60.0,52.0,55.5,59.8,24,24,24
2023-02-02,KASD,59.0,50.0,53.2,59.0,24,24,24
2023-02-02,KBTR,49.0,44.0,45.6,48.6,24,24,24
2023-02-02,KHUM,69.8,49.0,56.2,70.3,23,23,24
2023-02-02,KMSY,61.0,51.0,54.3,61.1,24,24,24
2023-02-02,KNEW,64.0,51.0,55.7,64.1,24,24,24
2023-02-03,KASD,62.0,39.0,51.0,60.8,24,24,24
2023-02-03,KBTR,61.0,39.0,48.6,59.8,24,24,24
2023-02-03,KHUM,60.8,42.8,51.1,59.6,22,22,24
2023-02-03,KMSY,59.0,48.0,52.8,57.8,24,24,24
2023-02-03,KNEW,61.0,49.0,53.9,59.9,24,24,24
2023-02-04,KASD,61.0,33.0,47.0,59.9,24,24,24
2023-02-04,KBTR,62.0,34.0,47.6,60.6,24,24,24
2023-02-04,KHUM,62.6,39.2,50.3,62.0,22,22,24
2023-02-04,KMSY,59.0,44.0,51.2,58.1,24,24,24
2023-02-04,KNEW,59.0,44.0,51.3,58.2,24,24,24
2023-02-05,KASD,70.0,47.0,57.3,69.5,24,24,24
2023-02-05,KBTR,70.0,41.0,54.5,69.4,24,24,24
2023-02-05,KHUM,69.8,49.3,59.0,69.2,23,23,24
2023-02-05,KMSY,69.0,53.0,59.9,68.4,24,24,24
2023-02-05,KNEW,66.0,55.0,60.2,65.6,24,24,24
2023-02-06,KASD,70.0,40.0,56.8,69.4,24,24,24
2023-02-06,KBTR,72.0,42.0,57.6,71.5,24,24,24
2023-02-06,KHUM,69.8,45.5,58.4,69.4,23,23,24
2023-02-06,KMSY,71.0,48.0,60.2,70.4,24,24,24
2023-02-06,KNEW,69.0,52.0,60.8,68.4,24,24,24
2023-02-07,KASD,74.0,51.0,64.0,74.3,24,24,24
2023-02-07,KBTR,80.0,54.0,65.2,79.9,24,24,24
2023-02-07,KHUM,75.2,55.4,64.8,75.5,21,21,24
2023-02-07,KMSY,77.0,57.0,66.1,77.2,24,24,24
2023-02-07,KNEW,79.0,60.0,66.0,79.2,24,24,24
2023-02-08,KASD,79.0,67.0,72.5,79.5,24,24,24
2023-02-08,KBTR,80.0,64.0,69.9,82.3,24,24,24
2023-02-08,KHUM,78.8,65.5,71.7,79.6,22,22,24
2023-02-08,KMSY,78.0,67.0,71.9,78.5,24,24,24
2023-02-08,KNEW,78.0,66.0,72.5,78.5,24,24,24
2023-02-09,KASD,67.0,60.0,63.1,67.4,24,24,24
2023-02-09,KBTR,71.0,50.0,60.0,70.2,24,24,24
2023-02-09,KHUM,66.2,59.0,62.4,66.6,23,23,24
2023-02-09,KMSY,66.0,61.0,63.2,66.4,24,24,24
2023-02-09,KNEW,66.0,60.0,62.6,66.3,24,24,24
2023-02-10,KASD,59.0,52.0,56.2,58.7,24,24,24
2023-02-10,KBTR,62.0,48.0,54.4,61.1,24,24,24
2023-02-10,KHUM,60.8,52.7,57.1,60.3,22,22,24
2023-02-10,KMSY,62.0,56.0,58.0,61.6,24,24,24
2023-02-10,KNEW,61.0,56.0,58.1,60.7,24,24,24
2023-02-11,KASD,53.0,44.0,48.9,52.7,24,24,24
2023-02-11,KBTR,50.0,45.0,46.8,49.3,24,24,24
2023-02-11,KHUM,53.2,45.5,49.6,52.7,22,22,24
2023-02-11,KMSY,57.0,46.0,50.7,56.4,24,24,24
2023-02-11,KNEW,57.0,49.0,52.0,56.4,24,24,24
2023-02-12,KASD,66.0,41.0,51.2,64.7,24,24,24
2023-02-12,KBTR,64.0,40.0,50.2,62.7,24,24,24
2023-02-12,KHUM,64.4,42.3,50.9,63.2,20,20,24
2023-02-12,KMSY,64.0,45.0,52.6,62.7,24,24,24
2023-02-12,KNEW,61.0,48.0,54.0,60.0,24,24,24
2023-02-13,KASD,68.0,35.0,52.8,67.3,24,24,24
2023-02-13,KBTR,72.0,40.0,56.5,71.3,24,24,24
2023-02-13,KHUM,69.8,36.7,53.1,69.5,21,21,24
2023-02-13,KMSY,70.0,42.0,56.1,69.3,24,24,24
2023-02-13,KNEW,65.0,49.0,57.7,64.4,24,24,24
2023-02-14,KASD,75.0,49.0,63.8,75.1,24,24,24
2023-02-14,KBTR,73.0,52.0,64.2,72.9,24,24,24
2023-02-14,KHUM,73.4,52.3,64.1,73.8,23,23,24
2023-02-14,KMSY,73.0,54.0,64.4,73.1,24,24,24
2023-02-14,KNEW,75.0,54.0,65.2,75.1,24,24,24
2023-02-15,KASD,77.0,67.0,70.8,77.4,24,24,24
2023-02-15,KBTR,78.0,68.0,72.9,78.5,24,24,24
2023-02-15,KHUM,77.0,67.0,70.5,77.5,23,23,24
2023-02-15,KMSY,77.0,67.0,70.4,77.4,24,24,24
2023-02-15,KNEW,79.0,68.0,72.2,79.4,24,24,24
2023-02-16,KASD,77.0,59.0,71.5,77.6,24,24,24
2023-02-16,KBTR,80.0,50.0,68.6,82.9,24,24,24
2023-02-16,KHUM,75.2,53.0,69.9,76.0,22,22,24
2023-02-16,KMSY,77.0,56.0,71.0,77.6,24,24,24
2023-02-16,KNEW,80.0,58.0,71.5,83.1,24,24,24
2023-02-17,KASD,54.0,36.0,47.5,53.7,24,24,24
2023-02-17,KBTR,50.0,38.0,45.5,49.4,24,24,24
2023-02-17,KHUM,52.0,40.0,48.1,51.6,22,22,24
2023-02-17,KMSY,54.0,45.0,48.5,53.7,24,24,24
2023-02-17,KNEW,55.0,45.0,49.5,54.8,24,24,24
2023-02-18,KASD,59.0,30.9,44.9,57.6,24,24,24
2023-02-18,KBTR,59.0,32.0,45.9,57.4,24,24,24
2023-02-18,KHUM,55.4,35.6,44.3,54.1,21,21,24
2023-02-18,KMSY,54.0,42.0,47.7,52.4,24,24,24
2023-02-18,KNEW,55.0,42.0,47.5,53.5,24,24,24
2023-02-19,KASD,67.0,41.0,55.4,66.3,24,24,24
2023-02-19,KBTR,69.0,40.0,56.4,68.6,24,24,24
2023-02-19,KHUM,68.0,42.8,55.2,67.6,22,22,24
2023-02-19,KMSY,68.0,44.0,56.3,67.4,24,24,24
2023-02-19,KNEW,66.0,47.0,57.0,65.2,24,24,24
2023-02-20,KASD,80.0,51.0,67.2,81.2,24,24,24
2023-02-20,KBTR,79.0,57.0,68.5,79.3,24,24,24
2023-02-20,KHUM,75.2,56.5,66.6,75.4,22,22,24
2023-02-20,KMSY,79.0,56.0,67.9,79.1,24,24,24
2023-02-20,KNEW,74.0,58.0,66.8,74.1,24,24,24
2023-02-21,KASD,82.0,68.0,73.0,84.1,24,24,24
2023-02-21,KBTR,81.0,68.0,73.0,83.1,24,24,24
2023-02-21,KHUM,78.8,66.2,72.0,79.3,22,22,24
2023-02-21,KMSY,82.0,67.0,72.5,83.8,24,24,24
2023-02-21,KNEW,80.0,66.0,71.4,81.8,24,24,24
2023-02-22,KASD,83.0,69.0,74.4,86.1,24,24,24
2023-02-22,KBTR,82.0,70.0,75.2,84.5,24,24,24
2023-02-22,KHUM,78.8,69.0,72.7,79.6,22,22,24
2023-02-22,KMSY,81.0,68.0,73.8,83.1,24,24,24
2023-02-22,KNEW,81.0,68.0,74.3,83.8,24,24,24
2023-02-23,KASD,83.0,70.0,75.6,88.3,24,24,24
2023-02-23,KBTR,86.0,70.0,76.3,90.1,22,22,24
2023-02-23,KHUM,80.6,69.8,73.8,84.6,23,23,24
2023-02-23,KMSY,82.0,71.0,75.0,86.4,24,24,24
2023-02-23,KNEW,81.0,66.0,74.5,84.2,24,24,24
2023-02-24,KASD,83.0,70.0,74.5,87.1,24,24,24
2023-02-24,KBTR,85.0,70.0,76.4,88.4,24,24,24
2023-02-24,KHUM,80.6,69.0,73.6,85.3,22,22,24
2023-02-24,KMSY,81.0,70.0,73.9,85.3,24,24,24
2023-02-24,KNEW,84.0,69.0,75.1,87.8,24,24,24
2023-02-25,KASD,84.0,70.0,75.3,85.7,24,24,24
2023-02-25,KBTR,85.0,67.0,74.7,85.2,24,24,24
2023-02-25,KHUM,78.8,65.3,72.3,79.4,22,22,24
2023-02-25,KMSY,82.0,68.0,73.5,84.5,24,24,24
2023-02-25,KNEW,79.0,69.0,73.0,79.2,24,24,24
2023-02-26,KASD,80.0,66.0,72.1,81.6,24,24,24
2023-02-26,KBTR,84.0,65.0,73.0,84.7,24,24,24
2023-02-26,KHUM,78.8,62.6,71.5,79.3,22,22,24
2023-02-26,KMSY,79.0,67.0,71.9,79.2,24,24,24
2023-02-26,KNEW,78.0,67.0,70.8,78.2,24,24,24
2023-02-27,KASD,84.0,72.0,76.5,85.4,24,24,24
2023-02-27,KBTR,81.0,72.0,75.9,82.8,24,24,24
2023-02-27,KHUM,80.6,71.4,74.6,83.9,21,21,24
2023-02-27,KMSY,83.0,71.0,75.3,84.4,24,24,24
2023-02-27,KNEW,81.0,71.0,74.9,82.3,24,24,24
2023-02-28,KASD,84.0,70.0,76.0,86.6,24,24,24
2023-02-28,KBTR,86.0,67.0,76.1,86.5,24,24,24
2023-02-28,KHUM,82.4,70.3,74.8,97.5,21,21,24
2023-02-28,KMSY,84.0,70.0,75.2,87.2,24,24,24
2023-02-28,KNEW,81.0,71.0,74.1,84.5,24,24,24
2023-03-01,KASD,83.0,73.0,77.0,86.6,24,24,24
2023-03-01,KBTR,85.0,71.0,77.6,87.8,24,24,24
2023-03-01,KHUM,82.4,71.6,75.8,87.2,23,23,24
2023-03-01,KMSY,82.0,71.0,76.1,85.4,24,24,24
2023-03-01,KNEW,84.0,73.0,76.8,87.2,24,24,24
2023-03-02,KASD,82.0,71.0,77.0,86.8,24,24,24
2023-03-02,KBTR,87.0,72.0,77.7,89.3,24,24,24
2023-03-02,KHUM,80.6,71.6,75.5,85.3,21,21,24
2023-03-02,KMSY,82.0,72.0,76.3,86.4,24,24,24
2023-03-02,KNEW,82.0,72.0,76.3,85.8,24,24,24
2023-03-03,KASD,80.0,56.0,73.0,81.8,24,24,24
2023-03-03,KBTR,77.0,60.0,71.5,76.6,24,24,24
2023-03-03,KHUM,75.7,61.0,70.9,76.4,22,22,24
2023-03-03,KMSY,77.0,62.0,72.6,77.5,24,24,24
2023-03-03,KNEW,78.0,68.0,74.0,78.5,24,24,24
2023-03-04,KASD,74.0,48.0,60.6,73.6,24,24,24
2023-03-04,KBTR,75.0,51.0,61.6,74.4,24,24,24
2023-03-04,KHUM,75.2,51.8,62.2,74.7,22,22,24
2023-03-04,KMSY,74.0,58.0,64.0,73.4,24,24,24
2023-03-04,KNEW,71.0,59.0,65.8,70.7,24,24,24
2023-03-05,KASD,81.0,46.0,63.0,80.3,24,24,24
2023-03-05,KBTR,82.0,50.0,65.5,80.4,24,24,24
2023-03-05,KHUM,78.8,50.5,65.2,78.7,22,22,24
2023-03-05,KMSY,79.0,58.0,69.5,78.9,24,24,24
2023-03-05,KNEW,78.0,63.0,69.6,77.8,24,24,24
2023-03-06,KASD,84.0,56.0,72.0,88.3,24,24,24
2023-03-06,KBTR,87.0,59.0,73.7,89.8,24,24,24
2023-03-06,KHUM,82.4,67.6,74.2,86.2,23,23,24
2023-03-06,KMSY,84.0,67.0,74.8,88.3,24,24,24
2023-03-06,KNEW,84.0,68.0,75.4,87.8,24,24,24
2023-03-07,KASD,83.0,68.0,74.2,86.4,24,24,24
2023-03-07,KBTR,87.0,72.0,77.0,88.7,24,24,24
2023-03-07,KHUM,80.6,68.5,73.6,83.9,22,22,24
2023-03-07,KMSY,81.0,70.0,74.7,83.8,24,24,24
2023-03-07,KNEW,81.0,71.0,75.4,84.2,24,24,24
2023-03-08,KASD,82.0,63.0,73.2,85.8,24,24,24
2023-03-08,KBTR,86.0,69.0,76.0,87.7,24,24,24
2023-03-08,KHUM,82.4,64.8,73.3,86.2,23,23,24
2023-03-08,KMSY,83.0,67.0,73.8,86.1,24,24,24
2023-03-08,KNEW,78.0,70.0,74.1,78.6,24,24,24
2023-03-09,KASD,83.0,64.0,74.5,84.4,24,24,24
2023-03-09,KBTR,85.0,70.0,76.5,86.0,24,24,24
2023-03-09,KHUM,80.6,62.6,70.5,83.9,22,22,24
2023-03-09,KMSY,83.0,66.0,73.6,85.2,24,24,24
2023-03-09,KNEW,81.0,70.0,74.9,84.2,24,24,24
2023-03-10,KASD,77.0,58.0,68.9,77.2,24,24,24
2023-03-10,KBTR,74.0,63.0,68.5,74.2,24,24,24
2023-03-10,KHUM,78.8,63.3,68.5,79.1,22,22,24
2023-03-10,KMSY,78.0,66.0,70.3,78.2,24,24,24
2023-03-10,KNEW,74.0,67.0,71.0,74.4,24,24,24
2023-03-11,KASD,80.0,58.0,70.2,82.3,24,24,24
2023-03-11,KBTR,84.0,61.0,71.5,85.0,24,24,24
2023-03-11,KHUM,78.8,60.4,70.9,79.4,22,22,24
2023-03-11,KMSY,81.0,62.0,71.6,83.4,24,24,24
2023-03-11,KNEW,80.0,64.0,72.2,82.0,24,24,24
2023-03-12,KASD,82.0,61.0,74.1,84.9,23,23,23
2023-03-12,KBTR,82.0,55.0,71.4,84.9,23,23,23
2023-03-12,KHUM,80.6,66.4,74.8,85.3,20,20,23
2023-03-12,KMSY,83.0,64.0,74.4,85.2,23,23,23
2023-03-12,KNEW,81.0,65.0,75.2,84.2,23,23,23
2023-03-13,KASD,66.0,48.0,56.7,65.1,24,24,24
2023-03-13,KBTR,67.0,50.0,56.7,66.0,24,24,24
2023-03-13,KHUM,64.4,52.0,57.2,63.5,24,24,24
2023-03-13,KMSY,65.0,56.0,60.0,64.0,23,23,24
2023-03-13,KNEW,66.0,55.0,60.2,65.2,24,24,24
2023-03-14,KASD,63.0,42.0,51.1,61.7,24,24,24
2023-03-14,KBTR,61.0,44.0,51.5,59.7,24,24,24
2023-03-14,KHUM,62.6,44.6,52.9,61.4,23,23,24
2023-03-14,KMSY,60.0,49.0,55.2,58.7,24,24,24
2023-03-14,KNEW,62.0,48.0,55.8,60.7,24,24,24
2023-03-15,KASD,63.0,38.0,50.9,62.0,24,24,24
2023-03-15,KBTR,69.0,41.0,54.5,67.9,24,24,24
2023-03-15,KHUM,64.4,44.6,53.9,63.6,24,24,24
2023-03-15,KMSY,64.0,51.0,56.9,62.7,24,24,24
2023-03-15,KNEW,64.0,50.0,56.1,62.5,24,24,24
2023-03-16,KASD,74.0,39.0,59.2,73.9,24,24,24
2023-03-16,KBTR,79.0,43.0,63.4,78.9,24,24,24
2023-03-16,KHUM,73.4,45.0,60.8,73.8,22,22,24
2023-03-16,KMSY,75.0,51.0,64.1,75.0,24,24,24
2023-03-16,KNEW,74.0,52.0,64.2,73.9,24,24,24
2023-03-17,KASD,70.0,47.0,60.8,70.2,24,24,24
2023-03-17,KBTR,70.0,46.0,57.5,70.1,24,24,24
2023-03-17,KHUM,69.8,48.2,61.5,70.2,24,24,24
2023-03-17,KMSY,70.0,51.0,61.6,70.3,24,24,24
2023-03-17,KNEW,73.0,51.0,62.3,73.2,24,24,24
2023-03-18,KASD,56.0,47.0,49.8,54.5,24,24,24
2023-03-18,KBTR,53.0,46.0,48.7,51.4,24,24,24
2023-03-18,KHUM,53.6,46.4,49.9,52.2,22,22,24
2023-03-18,KMSY,56.0,50.0,51.8,54.5,24,24,24
2023-03-18,KNEW,56.0,50.0,52.2,54.6,24,24,24
2023-03-19,KASD,52.0,34.0,44.7,50.3,24,24,24
2023-03-19,KBTR,52.0,35.0,44.8,50.2,24,24,24
2023-03-19,KHUM,51.8,36.3,45.4,50.1,24,24,24
2023-03-19,KMSY,52.0,43.0,47.9,50.3,24,24,24
2023-03-19,KNEW,53.0,44.0,48.5,51.4,24,24,24
2023-03-20,KASD,60.0,28.0,42.4,58.4,24,24,24
2023-03-20,KBTR,60.0,30.0,44.8,58.4,24,24,24
2023-03-20,KHUM,55.4,30.2,42.8,53.9,24,24,24
2023-03-20,KMSY,55.0,39.0,46.3,53.3,24,24,24
2023-03-20,KNEW,55.0,40.0,46.2,53.4,24,24,24
2023-03-21,KASD,69.0,35.0,53.1,68.4,24,24,24
2023-03-21,KBTR,74.0,47.0,60.3,73.6,24,24,24
2023-03-21,KHUM,68.0,39.0,54.6,67.7,22,22,24
2023-03-21,KMSY,68.0,44.0,57.4,67.5,24,24,24
2023-03-21,KNEW,68.0,44.0,57.3,67.4,24,24,24
2023-03-22,KASD,78.0,47.0,64.0,78.1,24,24,24
2023-03-22,KBTR,83.0,55.0,69.0,84.1,24,24,24
2023-03-22,KHUM,75.2,51.0,64.7,75.4,24,24,24
2023-03-22,KMSY,76.0,57.0,66.8,76.2,24,24,24
2023-03-22,KNEW,78.0,57.0,67.1,78.1,24,24,24
2023-03-23,KASD,82.0,54.0,69.0,85.4,24,24,24
2023-03-23,KBTR,85.0,64.0,72.8,87.3,24,24,24
2023-03-23,KHUM,78.8,61.7,71.3,79.4,24,24,24
2023-03-23,KMSY,81.0,62.0,71.0,84.2,24,24,24
2023-03-23,KNEW,83.0,62.0,72.0,86.6,24,24,24
2023-03-24,KASD,80.0,69.0,73.5,83.1,24,24,24
2023-03-24,KBTR,85.0,70.0,76.1,88.4,24,24,24
2023-03-24,KHUM,78.8,69.8,73.7,79.4,23,23,24
2023-03-24,KMSY,79.0,69.0,73.9,79.6,24,24,24
2023-03-24,KNEW,81.0,69.0,75.0,84.2,24,24,24
2023-03-25,KASD,85.0,73.0,78.3,89.0,24,24,24
2023-03-25,KBTR,87.0,70.0,78.0,89.3,24,24,24
2023-03-25,KHUM,84.2,73.4,77.2,90.9,23,23,24
2023-03-25,KMSY,84.0,74.0,77.4,87.8,24,24,24
2023-03-25,KNEW,81.0,72.0,75.7,84.2,24,24,24
2023-03-26,KASD,84.0,75.0,78.8,90.3,24,24,24
2023-03-26,KBTR,87.0,73.0,77.9,91.8,24,24,24
2023-03-26,KHUM,80.6,73.4,76.8,89.3,23,23,24
2023-03-26,KMSY,83.0,74.0,77.8,88.3,24,24,24
2023-03-26,KNEW,83.0,74.0,78.0,89.0,24,24,24
2023-03-27,KASD,82.0,73.0,76.5,87.4,24,24,24
2023-03-27,KBTR,86.0,69.0,76.6,90.1,24,24,24
2023-03-27,KHUM,82.4,73.2,76.3,88.3,23,23,24
2023-03-27,KMSY,81.0,74.0,76.5,84.5,24,24,24
2023-03-27,KNEW,79.0,72.0,75.7,79.5,24,24,24
2023-03-28,KASD,81.0,63.0,71.8,83.1,24,24,24
2023-03-28,KBTR,80.0,62.0,70.3,79.9,24,24,24
2023-03-28,KHUM,77.0,64.6,72.1,77.4,24,24,24
2023-03-28,KMSY,78.0,66.0,73.4,78.4,24,24,24
2023-03-28,KNEW,76.0,66.0,71.7,76.3,24,24,24
2023-03-29,KASD,67.0,50.0,58.2,66.3,24,24,24
2023-03-29,KBTR,66.0,51.0,57.5,65.2,24,24,24
2023-03-29,KHUM,62.8,53.0,59.0,62.2,24,24,24
2023-03-29,KMSY,65.0,57.0,60.5,64.2,24,24,24
2023-03-29,KNEW,65.0,58.0,61.4,64.2,24,24,24
2023-03-30,KASD,78.0,46.0,63.0,77.8,24,24,24
2023-03-30,KBTR,80.0,50.0,65.0,79.9,24,24,24
2023-03-30,KHUM,75.2,51.8,64.9,75.2,24,24,24
2023-03-30,KMSY,78.0,52.0,66.3,77.6,24,24,24
2023-03-30,KNEW,74.0,58.0,66.8,73.9,24,24,24
2023-03-31,KASD,82.0,68.0,74.4,85.8,24,24,24
2023-03-31,KBTR,84.0,66.0,74.9,88.3,24,24,24
2023-03-31,KHUM,78.8,67.0,72.9,79.6,22,22,24
2023-03-31,KMSY,79.0,67.0,73.5,79.6,24,24,24
2023-03-31,KNEW,82.0,68.0,74.9,85.4,24,24,24
2023-04-01,KASD,88.0,62.0,75.9,91.5,24,24,24
2023-04-01,KBTR,88.0,67.0,77.5,84.7,24,24,24
2023-04-01,KHUM,84.2,68.0,75.2,90.9,23,23,24
2023-04-01,KMSY,85.0,67.0,75.6,89.6,24,24,24
2023-04-01,KNEW,81.0,71.0,75.0,85.3,24,24,24
2023-04-02,KASD,81.0,57.0,69.7,79.8,24,24,24
2023-04-02,KBTR,83.0,62.0,72.2,83.0,24,24,24
2023-04-02,KHUM,80.6,62.6,72.1,82.8,23,23,24
2023-04-02,KMSY,82.0,63.0,73.3,80.4,24,24,24
2023-04-02,KNEW,78.0,68.0,73.3,77.8,24,24,24
2023-04-03,KASD,87.0,74.0,79.3,92.7,24,24,24
2023-04-03,KBTR,87.0,74.0,79.2,91.2,24,24,24
2023-04-03,KHUM,84.2,73.4,77.4,90.9,24,24,24
2023-04-03,KMSY,85.0,74.0,78.3,90.4,24,24,24
2023-04-03,KNEW,84.0,74.0,78.5,88.3,24,24,24
2023-04-04,KASD,85.0,71.0,78.8,92.6,24,24,24
2023-04-04,KBTR,89.0,74.0,80.3,94.2,24,24,24
2023-04-04,KHUM,82.4,73.4,77.5,88.3,22,22,24
2023-04-04,KMSY,83.0,74.0,78.5,89.0,24,24,24
2023-04-04,KNEW,87.0,73.0,79.2,92.7,24,24,24
2023-04-05,KASD,84.0,76.0,79.5,91.0,24,24,24
2023-04-05,KBTR,89.0,76.0,81.0,93.5,24,24,24
2023-04-05,KHUM,82.4,75.2,78.3,88.3,22,22,24
2023-04-05,KMSY,83.0,76.0,78.9,89.6,24,24,24
2023-04-05,KNEW,85.0,76.0,79.3,91.8,24,24,24
2023-04-06,KASD,84.0,75.0,78.6,89.0,24,24,24
2023-04-06,KBTR,86.0,68.0,75.5,91.5,24,24,24
2023-04-06,KHUM,82.4,73.4,77.6,87.2,24,24,24
2023-04-06,KMSY,84.0,74.0,78.1,88.3,24,24,24
2023-04-06,KNEW,83.0,74.0,78.0,87.8,24,24,24
2023-04-07,KASD,76.0,66.0,71.2,76.8,24,24,24
2023-04-07,KBTR,72.0,61.0,65.3,72.3,24,24,24
2023-04-07,KHUM,75.2,66.2,70.7,76.0,23,23,24
2023-04-07,KMSY,75.0,68.0,71.2,75.7,24,24,24
2023-04-07,KNEW,75.0,69.0,72.8,75.7,24,24,24
2023-04-08,KASD,77.0,64.0,68.3,77.3,24,24,24
2023-04-08,KBTR,70.0,59.0,63.9,70.1,24,24,24
2023-04-08,KHUM,75.2,64.0,67.9,75.3,23,23,24
2023-04-08,KMSY,74.0,66.0,68.7,74.3,24,24,24
2023-04-08,KNEW,74.0,67.0,69.5,74.3,24,24,24
2023-04-09,KASD,68.0,57.0,60.5,67.7,24,24,24
2023-04-09,KBTR,68.0,59.0,62.2,67.8,24,24,24
2023-04-09,KHUM,66.2,58.6,63.2,66.3,23,23,24
2023-04-09,KMSY,67.0,60.0,62.1,67.2,24,24,24
2023-04-09,KNEW,67.0,60.0,62.1,67.2,24,24,24
2023-04-10,KASD,75.0,58.0,65.4,74.8,24,24,24
2023-04-10,KBTR,73.0,57.0,64.3,72.8,24,24,24
2023-04-10,KHUM,71.6,57.4,63.1,71.5,24,24,24
2023-04-10,KMSY,73.0,60.0,66.2,72.7,24,24,24
2023-04-10,KNEW,73.0,62.0,66.7,72.8,24,24,24
2023-04-11,KASD,75.0,59.0,67.0,74.9,24,24,24
2023-04-11,KBTR,75.0,59.0,65.9,74.9,24,24,24
2023-04-11,KHUM,69.8,59.2,63.8,70.1,24,24,24
2023-04-11,KMSY,70.0,64.0,67.6,69.9,24,24,24
2023-04-11,KNEW,70.0,64.0,67.8,70.1,24,24,24
2023-04-12,KASD,69.0,61.0,65.4,68.9,24,24,24
2023-04-12,KBTR,71.0,62.0,65.8,70.9,24,24,24
2023-04-12,KHUM,71.6,62.8,66.3,71.5,21,21,24
2023-04-12,KMSY,71.0,64.0,67.5,70.8,24,24,24
2023-04-12,KNEW,70.0,64.0,67.6,70.0,24,24,24
2023-04-13,KASD,72.0,57.0,64.2,71.7,24,24,24
2023-04-13,KBTR,73.0,61.0,65.7,72.6,24,24,24
2023-04-13,KHUM,71.6,60.0,64.3,71.4,17,17,24
2023-04-13,KMSY,71.0,61.0,65.6,70.7,24,24,24
2023-04-13,KNEW,71.0,63.0,66.2,70.7,24,24,24
2023-04-14,KASD,80.0,54.0,67.9,79.9,24,24,24
2023-04-14,KBTR,82.0,56.0,70.1,81.7,24,24,24
2023-04-14,KHUM,78.8,53.6,66.6,78.9,23,23,24
2023-04-14,KMSY,79.0,58.0,69.3,79.0,24,24,24
2023-04-14,KNEW,78.0,61.0,69.9,78.1,24,24,24
2023-04-15,KASD,78.0,60.0,67.0,78.7,24,24,24
2023-04-15,KBTR,74.0,64.0,67.9,74.5,24,24,24
2023-04-15,KHUM,75.2,66.2,70.7,75.9,22,22,24
2023-04-15,KMSY,79.0,65.0,69.9,79.7,24,24,24
2023-04-15,KNEW,81.0,65.0,70.4,85.3,24,24,24
2023-04-16,KASD,75.0,51.0,65.6,74.4,24,24,24
2023-04-16,KBTR,72.0,55.0,64.1,71.3,24,24,24
2023-04-16,KHUM,71.6,52.5,65.0,71.2,24,24,24
2023-04-16,KMSY,72.0,58.0,66.1,71.3,24,24,24
2023-04-16,KNEW,72.0,65.0,67.8,71.7,24,24,24
2023-04-17,KASD,77.0,43.0,60.7,76.3,23,23,24
2023-04-17,KBTR,76.0,48.0,62.4,75.3,24,24,24
2023-04-17,KHUM,73.4,47.8,61.5,72.5,23,23,24
2023-04-17,KMSY,74.0,56.0,65.1,73.2,24,24,24
2023-04-17,KNEW,72.0,62.0,66.8,71.4,24,24,24
2023-04-18,KASD,75.0,45.0,65.1,74.4,19,19,24
2023-04-18,KBTR,73.0,48.0,61.9,72.6,24,24,24
2023-04-18,KHUM,71.6,49.5,62.2,71.2,24,24,24
2023-04-18,KMSY,75.0,53.0,64.2,74.3,24,24,24
2023-04-18,KNEW,75.0,57.0,66.8,74.5,24,24,24
2023-04-19,KASD,79.0,51.0,66.1,79.0,24,24,24
2023-04-19,KBTR,84.0,54.0,69.3,83.3,24,24,24
2023-04-19,KHUM,78.8,58.0,66.7,78.9,20,20,24
2023-04-19,KMSY,80.0,62.0,70.7,79.9,24,24,24
2023-04-19,KNEW,78.0,64.0,70.9,78.0,24,24,24
2023-04-20,KASD,82.0,60.0,71.2,83.5,24,24,24
2023-04-20,KBTR,85.0,62.0,73.2,86.4,24,24,24
2023-04-20,KHUM,93.2,61.2,71.4,96.3,21,21,24
2023-04-20,KMSY,82.0,66.0,73.5,83.2,24,24,24
2023-04-20,KNEW,81.0,68.0,73.8,81.8,24,24,24
2023-04-21,KASD,79.0,61.0,69.8,79.3,24,24,24
2023-04-21,KBTR,81.0,66.0,71.7,82.3,24,24,24
2023-04-21,KHUM,77.0,64.4,69.8,77.2,22,22,24
2023-04-21,KMSY,78.0,68.0,71.4,78.2,24,24,24
2023-04-21,KNEW,79.0,68.0,72.0,79.1,24,24,24
2023-04-22,KASD,81.0,56.0,69.0,79.6,24,24,24
2023-04-22,KBTR,80.0,55.0,67.4,79.5,24,24,24
2023-04-22,KHUM,78.8,58.0,67.6,78.3,22,22,24
2023-04-22,KMSY,78.0,65.0,70.2,77.3,24,24,24
2023-04-22,KNEW,76.0,65.0,71.3,75.6,24,24,24
2023-04-23,KASD,76.0,51.0,64.6,75.5,24,24,24
2023-04-23,KBTR,73.0,57.0,63.8,72.5,24,24,24
2023-04-23,KHUM,77.0,55.8,67.0,76.8,24,24,24
2023-04-23,KMSY,75.0,64.0,70.0,74.6,24,24,24
2023-04-23,KNEW,74.0,65.0,70.1,73.7,24,24,24
2023-04-24,KASD,73.0,56.0,62.2,72.7,24,24,24
2023-04-24,KBTR,75.0,54.0,63.2,74.6,24,24,24
2023-04-24,KHUM,73.4,60.0,65.1,73.1,21,21,24
2023-04-24,KMSY,69.0,60.0,64.9,68.6,24,24,24
2023-04-24,KNEW,71.0,60.0,65.7,70.6,24,24,24
2023-04-25,KASD,81.0,51.0,66.4,81.6,24,24,24
2023-04-25,KBTR,81.0,54.0,67.2,81.0,24,24,24
2023-04-25,KHUM,78.8,57.2,66.7,78.9,22,22,24
2023-04-25,KMSY,79.0,63.0,70.3,78.9,24,24,24
2023-04-25,KNEW,77.0,63.0,69.5,77.1,24,24,24
2023-04-26,KASD,81.0,61.0,71.6,83.8,24,24,24
2023-04-26,KBTR,85.0,61.0,72.7,86.8,24,24,24
2023-04-26,KHUM,80.6,62.0,72.4,83.3,24,24,24
2023-04-26,KMSY,82.0,68.0,74.3,84.5,24,24,24
2023-04-26,KNEW,80.0,68.0,73.3,82.6,24,24,24
2023-04-27,KASD,83.0,68.0,74.0,86.1,24,24,24
2023-04-27,KBTR,82.0,64.0,71.6,83.5,24,24,24
2023-04-27,KHUM,84.2,66.2,73.8,83.9,23,23,24
2023-04-27,KMSY,84.0,68.0,74.4,84.1,24,24,24
2023-04-27,KNEW,82.0,70.0,74.5,84.1,24,24,24
2023-04-28,KASD,85.0,62.0,72.7,84.3,24,24,24
2023-04-28,KBTR,83.0,61.0,71.0,82.0,24,24,24
2023-04-28,KHUM,84.2,63.5,73.7,82.8,24,24,24
2023-04-28,KMSY,83.0,66.0,74.0,82.3,24,24,24
2023-04-28,KNEW,79.0,70.0,74.1,79.2,24,24,24
2023-04-29,KASD,78.0,60.0,66.5,78.2,24,24,24
2023-04-29,KBTR,74.0,63.0,66.5,74.0,24,24,24
2023-04-29,KHUM,75.2,62.2,67.3,75.3,23,23,24
2023-04-29,KMSY,77.0,64.0,69.2,77.1,24,24,24
2023-04-29,KNEW,76.0,66.0,71.0,76.3,24,24,24
2023-04-30,KASD,82.0,59.0,70.2,80.9,24,24,24
2023-04-30,KBTR,81.0,56.0,68.8,80.2,24,24,24
2023-04-30,KHUM,77.0,57.2,67.2,76.8,23,23,24
2023-04-30,KMSY,80.0,59.0,68.9,79.7,24,24,24
2023-04-30,KNEW,77.0,64.0,70.0,77.0,24,24,24
2023-05-01,KASD,82.0,60.0,71.2,81.1,24,24,24
2023-05-01,KBTR,80.0,57.0,69.0,79.7,24,24,24
2023-05-01,KHUM,82.4,62.6,71.5,81.7,23,23,24
2023-05-01,KMSY,83.0,63.0,71.3,81.3,24,24,24
2023-05-01,KNEW,80.0,67.0,72.8,79.9,24,24,24
2023-05-02,KASD,82.0,51.0,68.3,81.0,24,24,24
2023-05-02,KBTR,83.0,54.0,69.5,81.4,24,24,24
2023-05-02,KHUM,82.4,58.6,69.7,81.5,22,22,24
2023-05-02,KMSY,81.0,60.0,71.6,79.8,24,24,24
2023-05-02,KNEW,79.0,68.0,74.0,78.8,24,24,24
2023-05-03,KASD,86.0,57.0,71.2,83.9,24,24,24
2023-05-03,KBTR,86.0,59.0,72.1,84.1,24,24,24
2023-05-03,KHUM,84.2,63.3,73.4,83.1,24,24,24
2023-05-03,KMSY,85.0,66.0,75.2,83.0,24,24,24
2023-05-03,KNEW,82.0,71.0,76.2,81.4,24,24,24
2023-05-04,KASD,85.0,55.0,72.0,84.3,24,24,24
2023-05-04,KBTR,87.0,57.0,73.0,84.7,24,24,24
2023-05-04,KHUM,86.0,63.3,73.8,85.0,21,21,24
2023-05-04,KMSY,85.0,66.0,76.6,83.7,24,24,24
2023-05-04,KNEW,83.0,70.0,76.4,84.8,24,24,24
2023-05-05,KASD,83.0,69.0,75.0,89.6,24,24,24
2023-05-05,KBTR,88.0,68.0,77.6,97.8,24,24,24
2023-05-05,KHUM,84.2,72.5,77.8,94.2,24,24,24
2023-05-05,KMSY,86.0,73.0,78.2,92.2,24,24,24
2023-05-05,KNEW,85.0,73.0,77.5,91.0,24,24,24
2023-05-06,KASD,78.0,67.0,71.0,78.9,24,24,24
2023-05-06,KBTR,76.0,67.0,71.3,76.8,24,24,24
2023-05-06,KHUM,77.0,64.4,71.5,77.9,24,24,24
2023-05-06,KMSY,77.0,68.0,72.6,77.9,24,24,24
2023-05-06,KNEW,78.0,69.0,73.6,78.9,24,24,24
2023-05-07,KASD,84.0,64.0,75.0,89.6,24,24,24
2023-05-07,KBTR,87.0,67.0,77.0,92.2,24,24,24
2023-05-07,KHUM,82.4,67.8,75.3,89.5,24,24,24
2023-05-07,KMSY,84.0,68.0,76.2,86.4,24,24,24
2023-05-07,KNEW,84.0,71.0,77.5,88.3,24,24,24
2023-05-08,KASD,85.0,73.0,78.0,91.0,24,24,24
2023-05-08,KBTR,86.0,73.0,78.2,92.2,24,24,24
2023-05-08,KHUM,84.2,73.4,77.4,89.6,22,22,24
2023-05-08,KMSY,84.0,73.0,78.2,88.3,24,24,24
2023-05-08,KNEW,82.0,74.0,77.3,87.9,24,24,24
2023-05-09,KASD,86.0,72.0,77.3,92.6,24,24,24
2023-05-09,KBTR,85.0,72.0,75.7,89.6,24,24,24
2023-05-09,KHUM,84.2,73.4,77.1,89.6,21,21,24
2023-05-09,KMSY,84.2,74.0,77.3,90.3,24,24,24
2023-05-09,KNEW,81.0,73.0,76.2,85.3,24,24,24
2023-05-10,KASD,86.0,75.0,79.2,91.8,24,24,24
2023-05-10,KBTR,85.0,71.0,77.3,89.0,24,24,24
2023-05-10,KHUM,82.4,73.4,77.1,87.2,20,20,24
2023-05-10,KMSY,84.0,75.0,79.0,87.8,24,24,24
2023-05-10,KNEW,85.0,75.0,79.0,88.3,24,24,24
2023-05-11,KASD,87.0,69.0,78.0,97.3,24,24,24
2023-05-11,KBTR,90.0,72.0,79.9,98.3,24,24,24
2023-05-11,KHUM,86.0,75.2,79.2,95.2,22,22,24
2023-05-11,KMSY,87.0,73.0,80.1,97.3,24,24,24
2023-05-11,KNEW,87.0,75.0,80.4,95.2,24,24,24
2023-05-12,KASD,87.0,68.0,78.5,96.3,24,24,24
2023-05-12,KBTR,91.0,74.0,82.0,100.6,24,24,24
2023-05-12,KHUM,86.0,77.5,80.6,95.2,23,23,24
2023-05-12,KMSY,87.0,76.0,81.2,93.9,24,24,24
2023-05-12,KNEW,88.0,76.0,81.5,95.7,24,24,24
2023-05-13,KASD,87.0,70.0,79.2,92.7,24,24,24
2023-05-13,KBTR,91.0,75.0,81.6,95.5,24,24,24
2023-05-13,KHUM,86.0,75.2,79.5,91.9,23,23,24
2023-05-13,KMSY,86.0,75.0,79.8,92.2,24,24,24
2023-05-13,KNEW,87.0,77.0,81.0,91.8,24,24,24
2023-05-14,KASD,91.0,70.0,80.1,95.5,24,24,24
2023-05-14,KBTR,92.0,73.0,81.3,96.7,24,24,24
2023-05-14,KHUM,87.8,71.6,79.5,94.2,24,24,24
2023-05-14,KMSY,89.0,74.0,81.5,97.9,24,24,24
2023-05-14,KNEW,89.0,76.0,82.5,95.7,24,24,24
2023-05-15,KASD,94.0,71.0,78.7,101.5,24,24,24
2023-05-15,KBTR,93.0,72.0,78.7,101.0,24,24,24
2023-05-15,KHUM,91.4,71.6,77.9,98.6,24,24,24
2023-05-15,KMSY,89.0,75.0,80.9,96.0,24,24,24
2023-05-15,KNEW,88.0,79.0,82.2,96.6,24,24,24
2023-05-16,KASD,90.0,68.0,79.8,98.3,24,24,24
2023-05-16,KBTR,91.0,70.0,79.9,96.7,24,24,24
2023-05-16,KHUM,87.8,69.0,78.0,92.7,24,24,24
2023-05-16,KMSY,89.0,72.0,80.5,93.5,24,24,24
2023-05-16,KNEW,89.0,77.0,82.0,95.1,24,24,24
2023-05-17,KASD,88.0,69.0,77.0,95.2,24,24,24
2023-05-17,KBTR,86.0,72.0,77.2,91.5,24,24,24
2023-05-17,KHUM,84.2,71.0,77.2,88.4,24,24,24
2023-05-17,KMSY,86.0,73.0,78.3,89.6,24,24,24
2023-05-17,KNEW,86.0,76.0,79.8,91.5,24,24,24
2023-05-18,KASD,89.0,67.0,78.5,91.4,24,24,24
2023-05-18,KBTR,88.0,70.0,78.4,90.5,24,24,24
2023-05-18,KHUM,87.8,68.0,77.4,92.7,22,22,24
2023-05-18,KMSY,87.0,71.0,78.8,90.5,24,24,24
2023-05-18,KNEW,88.0,74.0,79.9,93.1,24,24,24
2023-05-19,KASD,90.0,69.0,81.0,96.4,24,24,24
2023-05-19,KBTR,92.0,69.0,79.9,94.2,23,23,24
2023-05-19,KHUM,87.8,69.0,78.2,95.9,24,24,24
2023-05-19,KMSY,89.0,72.0,81.1,93.5,24,24,24
2023-05-19,KNEW,90.0,75.0,82.0,96.4,24,24,24
2023-05-20,KASD,92.0,74.0,82.3,99.9,24,24,24
2023-05-20,KBTR,92.0,74.0,81.8,98.0,24,24,24
2023-05-20,KHUM,89.6,72.0,81.3,94.2,24,24,24
2023-05-20,KMSY,92.0,75.0,82.4,97.7,24,24,24
2023-05-20,KNEW,89.0,78.0,83.1,96.9,24,24,24
2023-05-21,KASD,85.0,72.0,77.2,89.6,24,24,24
2023-05-21,KBTR,82.0,70.0,76.0,84.9,24,24,24
2023-05-21,KHUM,82.4,73.0,77.8,86.2,24,24,24
2023-05-21,KMSY,83.0,74.0,78.6,86.6,24,24,24
2023-05-21,KNEW,83.0,75.0,79.2,87.1,24,24,24
2023-05-22,KASD,88.0,68.0,77.0,92.4,24,24,24
2023-05-22,KBTR,87.0,68.0,77.0,89.3,24,24,24
2023-05-22,KHUM,84.2,69.8,77.3,89.6,23,23,24
2023-05-22,KMSY,86.0,75.0,79.4,88.3,24,24,24
2023-05-22,KNEW,85.0,76.0,80.7,89.0,24,24,24
2023-05-23,KASD,89.0,66.0,78.4,91.8,24,24,24
2023-05-23,KBTR,90.0,67.0,78.6,91.4,24,24,24
2023-05-23,KHUM,87.8,69.8,76.3,92.7,24,24,24
2023-05-23,KMSY,88.0,72.0,80.5,89.3,24,24,24
2023-05-23,KNEW,88.0,79.0,83.4,91.7,24,24,24
2023-05-24,KASD,81.0,68.0,74.1,83.8,24,24,24
2023-05-24,KBTR,86.0,69.0,75.6,87.7,24,24,24
2023-05-24,KHUM,84.2,70.3,75.6,88.4,22,22,24
2023-05-24,KMSY,81.0,74.0,77.1,83.1,24,24,24
2023-05-24,KNEW,83.0,75.0,77.6,86.1,24,24,24
2023-05-25,KASD,87.0,67.0,75.6,87.0,24,24,24
2023-05-25,KBTR,88.0,66.0,76.1,87.7,24,24,24
2023-05-25,KHUM,84.2,66.2,74.4,85.0,20,20,24
2023-05-25,KMSY,85.0,73.0,78.7,86.0,24,24,24
2023-05-25,KNEW,85.0,73.0,79.2,86.4,24,24,24
2023-05-26,KASD,87.0,59.0,74.2,86.3,24,24,24
2023-05-26,KBTR,88.0,66.0,77.1,87.0,24,24,24
2023-05-26,KHUM,84.2,66.2,75.3,83.1,24,24,24
2023-05-26,KMSY,87.0,70.0,79.0,85.5,24,24,24
2023-05-26,KNEW,86.0,77.0,80.7,85.2,24,24,24
2023-05-27,KASD,84.0,65.0,73.8,84.3,24,24,24
2023-05-27,KBTR,88.0,65.0,76.3,88.5,24,24,24
2023-05-27,KHUM,82.4,65.7,72.5,84.6,17,17,24
2023-05-27,KMSY,83.0,70.0,77.0,84.1,24,24,24
2023-05-27,KNEW,83.0,72.0,78.2,83.4,24,24,24
2023-05-28,KASD,85.0,62.0,74.6,86.4,24,24,24
2023-05-28,KBTR,89.0,64.0,78.0,89.0,24,24,24
2023-05-28,KHUM,84.2,62.2,73.9,86.5,24,24,24
2023-05-28,KMSY,86.0,66.0,77.0,85.0,24,24,24
2023-05-28,KNEW,86.0,71.0,79.2,87.3,24,24,24
2023-05-29,KASD,87.0,66.0,76.2,90.5,24,24,24
2023-05-29,KBTR,90.0,72.0,80.5,91.4,24,24,24
2023-05-29,KHUM,87.8,69.0,76.8,90.3,24,24,24
2023-05-29,KMSY,88.0,72.0,78.8,88.5,24,24,24
2023-05-29,KNEW,88.0,77.0,81.2,90.4,24,24,24
2023-05-30,KASD,84.0,72.0,77.2,87.8,24,24,24
2023-05-30,KBTR,91.0,71.0,80.6,91.6,24,24,24
2023-05-30,KHUM,82.4,67.6,75.5,85.4,22,22,24
2023-05-30,KMSY,85.0,74.0,78.8,87.3,24,24,24
2023-05-30,KNEW,86.0,77.0,80.3,89.4,24,24,24
2023-05-31,KASD,88.0,67.0,77.2,89.3,23,23,24
2023-05-31,KBTR,91.0,68.0,80.5,91.6,23,23,24
2023-05-31,KHUM,86.0,68.0,76.5,88.4,24,24,24
2023-05-31,KMSY,89.0,70.0,79.9,87.9,23,23,24
2023-05-31,KNEW,89.0,75.0,81.8,90.3,23,23,24
2023-06-01,KASD,86.0,67.0,75.9,88.8,24,24,24
2023-06-01,KBTR,92.0,69.0,80.2,93.7,24,24,24
2023-06-01,KHUM,86.0,67.8,77.5,91.9,23,23,24
2023-06-01,KMSY,88.0,71.0,80.5,88.7,24,24,24
2023-06-01,KNEW,88.0,77.0,81.6,90.1,24,24,24
2023-06-02,KASD,91.0,66.0,78.4,93.0,24,24,24
2023-06-02,KBTR,93.0,69.0,81.7,94.7,24,24,24
2023-06-02,KHUM,87.8,69.3,78.7,91.4,24,24,24
2023-06-02,KMSY,90.0,77.0,82.6,90.9,24,24,24
2023-06-02,KNEW,89.0,78.0,83.2,92.0,24,24,24
2023-06-03,KASD,92.0,68.0,80.1,95.1,24,24,24
2023-06-03,KBTR,94.0,71.0,81.1,97.2,24,24,24
2023-06-03,KHUM,89.6,72.0,78.7,93.5,22,22,24
2023-06-03,KMSY,92.0,74.0,82.4,93.1,24,24,24
2023-06-03,KNEW,92.0,80.0,84.9,95.5,24,24,24
2023-06-04,KASD,93.0,67.0,79.9,95.1,24,24,24
2023-06-04,KBTR,91.0,68.0,76.3,97.7,24,24,24
2023-06-04,KHUM,87.8,69.6,76.3,94.2,24,24,24
2023-06-04,KMSY,93.0,73.0,81.8,94.2,24,24,24
2023-06-04,KNEW,93.0,75.0,83.2,96.4,24,24,24
2023-06-05,KASD,88.0,70.0,78.5,93.1,24,24,24
2023-06-05,KBTR,85.0,68.0,74.4,89.6,24,24,24
2023-06-05,KHUM,84.2,67.3,73.6,90.9,23,23,24
2023-06-05,KMSY,86.0,72.0,79.0,90.1,24,24,24
2023-06-05,KNEW,87.0,75.0,81.1,91.2,24,24,24
2023-06-06,KASD,83.0,69.0,75.3,87.1,23,23,24
2023-06-06,KBTR,88.0,67.0,76.9,91.2,24,24,24
2023-06-06,KHUM,80.6,66.2,73.3,83.9,22,22,24
2023-06-06,KMSY,83.0,72.0,77.4,86.1,24,24,24
2023-06-06,KNEW,82.0,76.0,79.1,86.4,24,24,24
2023-06-07,KASD,89.0,67.0,78.5,92.7,24,24,24
2023-06-07,KBTR,91.0,70.0,79.8,94.8,24,24,24
2023-06-07,KHUM,86.0,67.6,75.3,90.6,22,22,24
2023-06-07,KMSY,90.0,71.0,79.2,90.7,24,24,24
2023-06-07,KNEW,90.0,75.0,81.2,93.2,24,24,24
2023-06-08,KASD,90.0,69.0,76.8,96.0,24,24,24
2023-06-08,KBTR,93.0,72.0,80.9,97.4,24,24,24
2023-06-08,KHUM,89.6,67.5,77.2,100.2,22,22,24
2023-06-08,KMSY,92.0,71.0,79.2,94.3,24,24,24
2023-06-08,KNEW,92.0,77.0,82.6,97.3,24,24,24
2023-06-09,KASD,93.0,67.0,80.5,103.3,24,24,24
2023-06-09,KBTR,96.0,70.0,81.8,100.1,24,24,24
2023-06-09,KHUM,89.6,70.5,78.5,96.4,20,20,24
2023-06-09,KMSY,92.0,71.0,82.1,94.3,24,24,24
2023-06-09,KNEW,92.0,79.0,84.7,94.3,24,24,24
2023-06-10,KASD,92.0,71.0,81.7,100.6,24,24,24
2023-06-10,KBTR,94.0,72.0,81.4,99.6,24,24,24
2023-06-10,KHUM,89.6,71.6,80.7,100.2,24,24,24
2023-06-10,KMSY,91.0,75.0,81.4,97.7,24,24,24
2023-06-10,KNEW,90.0,79.0,84.2,101.6,24,24,24
2023-06-11,KASD,93.0,72.0,83.0,101.0,24,24,24
2023-06-11,KBTR,92.0,72.0,82.8,101.9,24,24,24
2023-06-11,KHUM,89.6,74.0,82.0,96.4,22,22,24
2023-06-11,KMSY,92.0,76.0,83.6,98.0,24,24,24
2023-06-11,KNEW,91.0,78.0,85.2,101.6,24,24,24
2023-06-12,KASD,93.0,73.0,82.9,103.1,24,24,24
2023-06-12,KBTR,93.0,76.0,83.6,104.5,24,24,24
2023-06-12,KHUM,91.4,75.2,82.3,100.5,24,24,24
2023-06-12,KMSY,92.0,77.0,84.4,99.3,24,24,24
2023-06-12,KNEW,93.0,81.0,85.6,104.5,24,24,24
2023-06-13,KASD,94.0,72.0,83.8,105.9,24,24,24
2023-06-13,KBTR,95.0,75.0,84.6,104.7,24,24,24
2023-06-13,KHUM,93.2,75.2,83.9,105.0,24,24,24
2023-06-13,KMSY,94.0,77.0,84.8,104.5,24,24,24
2023-06-13,KNEW,91.0,81.0,86.4,104.5,24,24,24
2023-06-14,KASD,94.0,81.0,87.8,107.1,24,24,24
2023-06-14,KBTR,95.0,81.0,87.2,106.0,24,24,24
2023-06-14,KHUM,91.4,82.0,85.7,102.6,24,24,24
2023-06-14,KMSY,93.0,81.0,86.5,104.5,24,24,24
2023-06-14,KNEW,94.0,83.0,87.8,105.9,24,24,24
2023-06-15,KASD,94.0,84.0,88.3,111.0,24,24,24
2023-06-15,KBTR,94.0,82.0,86.9,111.9,24,24,24
2023-06-15,KHUM,91.4,80.6,84.9,105.1,22,22,24
2023-06-15,KMSY,94.0,81.0,86.0,107.1,24,24,24
2023-06-15,KNEW,92.0,84.0,87.3,107.7,24,24,24
2023-06-16,KASD,93.0,80.0,86.8,110.4,24,24,24
2023-06-16,KBTR,97.0,79.0,86.8,109.9,24,24,24
2023-06-16,KHUM,91.4,78.8,84.1,108.1,23,23,24
2023-06-16,KMSY,93.0,80.0,85.7,109.1,24,24,24
2023-06-16,KNEW,94.0,83.0,87.7,108.7,24,24,24
2023-06-17,KASD,96.0,77.0,86.8,112.9,24,24,24
2023-06-17,KBTR,97.0,79.0,85.8,114.4,24,24,24
2023-06-17,KHUM,93.2,80.0,85.6,117.1,24,24,24
2023-06-17,KMSY,96.0,81.0,87.3,109.9,24,24,24
2023-06-17,KNEW,95.0,82.0,88.3,115.6,24,24,24
2023-06-18,KASD,96.0,76.0,85.3,113.9,24,24,24
2023-06-18,KBTR,96.0,80.0,87.2,112.9,24,24,24
2023-06-18,KHUM,91.4,78.3,85.3,110.9,24,24,24
2023-06-18,KMSY,96.0,80.0,86.6,110.5,24,24,24
2023-06-18,KNEW,94.0,83.0,87.8,113.9,24,24,24
2023-06-19,KASD,96.0,73.0,87.7,113.2,24,24,24
2023-06-19,KBTR,97.0,82.0,88.6,114.4,24,24,24
2023-06-19,KHUM,91.4,75.6,86.1,110.9,24,24,24
2023-06-19,KMSY,96.0,75.0,87.1,109.9,24,24,24
2023-06-19,KNEW,95.0,79.0,88.3,110.5,23,23,24
2023-06-20,KASD,89.0,72.0,78.6,104.4,24,24,24
2023-06-20,KBTR,96.0,74.0,82.6,112.9,24,24,24
2023-06-20,KHUM,93.2,73.4,81.2,107.5,24,23,24
2023-06-20,KMSY,90.0,74.0,80.9,104.7,24,24,24
2023-06-20,KNEW,91.0,80.0,83.1,109.4,24,24,24
2023-06-21,KASD,92.0,71.0,82.3,99.9,24,24,24
2023-06-21,KBTR,93.0,72.0,82.3,102.1,24,24,24
2023-06-21,KHUM,91.4,70.7,79.5,105.2,23,23,24
2023-06-21,KMSY,92.0,73.0,82.4,102.0,24,24,24
2023-06-21,KNEW,91.0,79.0,84.3,100.6,24,24,24
2023-06-22,KASD,93.0,74.0,82.4,100.9,24,24,24
2023-06-22,KBTR,92.0,74.0,82.8,99.9,24,24,24
2023-06-22,KHUM,87.8,74.5,79.1,98.5,23,23,24
2023-06-22,KMSY,94.0,76.0,83.0,99.9,24,24,24
2023-06-22,KNEW,93.0,80.0,85.5,101.0,24,24,24
2023-06-23,KASD,93.0,74.0,83.0,101.0,24,24,24
2023-06-23,KBTR,95.0,74.0,85.0,100.7,24,24,24
2023-06-23,KHUM,86.0,75.2,80.0,99.4,23,23,24
2023-06-23,KMSY,90.0,76.0,83.5,96.9,24,24,24
2023-06-23,KNEW,91.0,81.0,86.0,98.5,24,24,24
2023-06-24,KASD,92.0,73.0,82.9,106.1,24,24,24
2023-06-24,KBTR,95.0,78.0,83.9,108.3,24,24,24
2023-06-24,KHUM,91.4,75.2,82.3,110.9,22,22,24
2023-06-24,KMSY,94.0,79.0,84.0,102.4,24,24,24
2023-06-24,KNEW,94.0,80.0,85.7,108.7,24,24,24
2023-06-25,KASD,96.0,78.0,87.5,111.1,24,24,24
2023-06-25,KBTR,96.0,79.0,87.9,112.9,24,24,24
2023-06-25,KHUM,93.2,77.0,85.1,110.3,24,24,24
2023-06-25,KMSY,97.0,80.0,87.5,111.0,24,24,24
2023-06-25,KNEW,96.0,83.0,88.8,114.4,24,24,24
2023-06-26,KASD,92.0,78.0,84.9,107.7,24,24,24
2023-06-26,KBTR,90.0,74.0,83.9,103.0,24,24,24
2023-06-26,KHUM,89.6,77.0,83.3,108.1,24,24,24
2023-06-26,KMSY,91.0,78.0,83.8,104.5,24,24,24
2023-06-26,KNEW,90.0,84.0,86.8,106.1,24,24,24
2023-06-27,KASD,96.0,78.0,87.3,111.1,24,24,24
2023-06-27,KBTR,96.0,80.0,87.4,111.1,24,24,24
2023-06-27,KHUM,93.2,77.0,85.2,107.8,24,24,24
2023-06-27,KMSY,97.0,79.0,88.0,111.0,24,24,24
2023-06-27,KNEW,96.0,84.0,89.5,116.9,24,24,24
2023-06-28,KASD,100.0,76.0,87.8,117.9,24,24,24
2023-06-28,KBTR,97.0,76.0,87.3,112.6,24,24,24
2023-06-28,KHUM,95.0,80.6,85.6,112.8,21,21,24
2023-06-28,KMSY,98.0,81.0,89.1,109.9,24,24,24
2023-06-28,KNEW,95.0,85.0,90.1,112.3,24,24,24
2023-06-29,KASD,95.0,80.0,86.8,116.9,24,24,24
2023-06-29,KBTR,98.0,80.0,89.1,115.6,24,24,24
2023-06-29,KHUM,95.0,80.6,86.4,112.8,24,24,24
2023-06-29,KMSY,99.0,81.0,89.5,115.6,24,24,24
2023-06-29,KNEW,98.0,87.0,91.1,117.1,24,24,24
2023-06-30,KASD,97.0,78.0,88.1,112.6,24,24,24
2023-06-30,KBTR,99.0,82.0,90.5,112.4,24,24,24
2023-06-30,KHUM,96.8,78.0,86.3,109.8,24,24,24
2023-06-30,KMSY,98.0,82.0,89.4,108.3,24,24,24
2023-06-30,KNEW,98.0,86.0,91.3,113.9,24,24,24
2023-07-01,KASD,96.0,76.0,87.5,112.9,24,24,24
2023-07-01,KBTR,99.0,80.0,89.2,110.9,24,24,24
2023-07-01,KHUM,93.2,77.2,85.4,105.0,23,23,24
2023-07-01,KMSY,96.0,80.0,88.4,109.5,24,24,24
2023-07-01,KNEW,96.0,85.0,90.2,111.7,24,24,24
2023-07-02,KASD,96.0,79.0,88.0,108.3,24,24,24
2023-07-02,KBTR,96.0,82.0,88.6,107.2,24,24,24
2023-07-02,KHUM,93.2,78.4,84.9,107.5,23,23,24
2023-07-02,KMSY,95.0,82.0,88.2,105.7,24,24,24
2023-07-02,KNEW,95.0,83.0,89.5,107.1,24,24,24
2023-07-03,KASD,95.0,77.0,86.7,104.7,24,24,24
2023-07-03,KBTR,96.0,79.0,87.9,104.7,24,24,24
2023-07-03,KHUM,91.4,78.0,84.3,102.6,24,24,24
2023-07-03,KMSY,93.0,80.0,87.1,102.0,24,24,24
2023-07-03,KNEW,94.0,83.0,88.8,105.9,24,24,24
2023-07-04,KASD,94.0,78.0,85.9,106.1,24,24,24
2023-07-04,KBTR,94.0,79.0,86.5,105.9,24,24,24
2023-07-04,KHUM,89.6,68.0,82.7,108.3,24,23,24
2023-07-04,KMSY,91.0,81.0,85.4,103.1,24,24,24
2023-07-04,KNEW,91.0,81.0,87.0,104.5,24,24,24
2023-07-05,KASD,94.0,75.0,84.6,106.0,24,24,24
2023-07-05,KBTR,95.0,77.0,85.4,109.9,24,24,24
2023-07-05,KHUM,91.4,77.4,82.4,107.8,23,23,24
2023-07-05,KMSY,94.0,78.0,85.3,108.7,24,24,24
2023-07-05,KNEW,95.0,82.0,86.7,111.7,24,24,24
2023-07-06,KASD,92.0,75.0,82.3,103.3,24,24,24
2023-07-06,KBTR,94.0,77.0,83.9,105.9,24,24,24
2023-07-06,KHUM,89.6,76.0,82.2,98.2,23,23,24
2023-07-06,KMSY,93.0,78.0,83.9,102.1,24,24,24
2023-07-06,KNEW,93.0,82.0,86.3,103.1,24,24,24
2023-07-07,KASD,90.0,74.0,81.5,103.1,24,24,24
2023-07-07,KBTR,96.0,78.0,85.5,103.8,24,24,24
2023-07-07,KHUM,89.6,77.7,83.7,105.2,22,22,24
2023-07-07,KMSY,89.0,78.0,83.5,96.0,24,24,24
2023-07-07,KNEW,90.0,81.0,85.8,97.3,24,24,24
2023-07-08,KASD,93.0,77.0,84.9,106.0,24,24,24
2023-07-08,KBTR,93.0,79.0,86.5,103.3,24,24,24
2023-07-08,KHUM,89.6,78.8,83.3,102.5,21,21,24
2023-07-08,KMSY,93.0,78.0,84.9,104.5,24,24,24
2023-07-08,KNEW,91.0,78.0,85.8,101.9,24,24,24
2023-07-09,KASD,92.0,77.0,83.9,107.7,24,24,24
2023-07-09,KBTR,92.0,82.0,86.0,104.7,24,24,24
2023-07-09,KHUM,91.4,78.4,83.6,114.4,23,23,24
2023-07-09,KMSY,91.0,80.0,84.7,106.1,24,24,24
2023-07-09,KNEW,91.0,82.0,86.1,107.5,24,24,24
2023-07-10,KASD,92.0,78.0,84.0,112.7,24,24,24
2023-07-10,KBTR,93.0,81.0,85.8,104.5,24,24,24
2023-07-10,KHUM,93.2,78.0,84.0,110.9,24,24,24
2023-07-10,KMSY,94.0,79.0,84.8,107.1,24,24,24
2023-07-10,KNEW,92.0,83.0,87.0,107.7,24,24,24
2023-07-11,KASD,95.0,76.0,83.7,112.9,24,24,24
2023-07-11,KBTR,97.0,79.0,87.3,109.7,24,24,24
2023-07-11,KHUM,95.0,77.0,84.0,110.9,24,24,24
2023-07-11,KMSY,95.0,79.0,84.4,109.9,24,24,24
2023-07-11,KNEW,93.0,81.0,86.0,112.3,24,24,24
2023-07-12,KASD,92.0,77.0,84.2,111.0,24,24,24
2023-07-12,KBTR,96.0,80.0,88.4,109.9,24,24,24
2023-07-12,KHUM,93.2,78.0,85.8,110.3,24,24,24
2023-07-12,KMSY,93.0,81.0,85.8,107.2,24,24,24
2023-07-12,KNEW,92.0,78.0,85.3,106.1,24,24,24
2023-07-13,KASD,95.0,84.0,88.7,110.1,24,24,24
2023-07-13,KBTR,98.0,83.0,89.3,112.6,24,24,24
2023-07-13,KHUM,95.0,80.6,86.1,107.4,23,23,24
2023-07-13,KMSY,95.0,82.0,86.9,107.4,24,24,24
2023-07-13,KNEW,95.0,85.0,89.0,110.4,24,24,24
2023-07-14,KASD,96.0,80.0,87.9,112.9,24,24,24
2023-07-14,KBTR,97.0,81.0,89.0,108.6,24,24,24
2023-07-14,KHUM,93.2,77.7,85.0,110.9,24,24,24
2023-07-14,KMSY,94.0,81.0,86.5,108.6,24,24,24
2023-07-14,KNEW,94.0,84.0,89.1,111.8,24,24,24
2023-07-15,KASD,96.0,82.0,88.9,111.5,24,24,24
2023-07-15,KBTR,98.0,81.0,89.0,109.7,24,24,24
2023-07-15,KHUM,95.0,78.0,86.2,110.3,23,23,24
2023-07-15,KMSY,98.0,80.0,87.8,109.7,24,24,24
2023-07-15,KNEW,96.0,84.0,89.6,111.3,24,24,24
2023-07-16,KASD,95.0,76.0,83.4,115.4,24,24,24
2023-07-16,KBTR,99.0,76.0,85.0,115.6,24,24,24
2023-07-16,KHUM,95.0,74.5,83.3,110.3,23,23,24
2023-07-16,KMSY,97.0,76.0,83.5,109.8,24,24,24
2023-07-16,KNEW,96.0,79.0,85.8,116.3,24,24,24
2023-07-17,KASD,95.0,74.0,84.5,108.5,24,24,24
2023-07-17,KBTR,96.0,74.0,84.0,109.8,24,24,24
2023-07-17,KHUM,89.6,73.4,79.4,105.1,23,23,24
2023-07-17,KMSY,94.0,76.0,84.3,103.4,24,24,24
2023-07-17,KNEW,92.0,79.0,86.3,105.9,24,24,24
2023-07-18,KASD,95.0,76.0,86.2,107.2,24,24,24
2023-07-18,KBTR,96.0,76.0,87.4,111.3,24,24,24
2023-07-18,KHUM,93.2,74.0,84.2,107.5,23,23,24
2023-07-18,KMSY,95.0,79.0,86.7,108.6,24,24,24
2023-07-18,KNEW,95.0,83.0,88.8,113.2,24,24,24
2023-07-19,KASD,96.0,78.0,87.6,108.6,24,24,24
2023-07-19,KBTR,97.0,79.0,88.5,109.8,24,24,24
2023-07-19,KHUM,91.4,76.0,82.5,105.1,14,14,24
2023-07-19,KMSY,96.0,79.0,87.7,111.3,24,24,24
2023-07-19,KNEW,97.0,84.0,89.5,112.9,24,24,24
2023-07-20,KASD,97.0,78.0,88.5,108.4,24,24,24
2023-07-20,KBTR,99.0,81.0,89.0,109.8,21,21,24
2023-07-20,KHUM,96.8,75.2,85.6,109.8,23,23,24
2023-07-20,KMSY,98.0,80.0,88.4,112.5,24,24,24
2023-07-20,KNEW,97.0,85.0,90.6,111.3,24,24,24
2023-07-21,KASD,98.0,80.0,89.5,107.2,24,24,24
2023-07-21,KBTR,98.0,81.0,89.5,111.1,24,24,24
2023-07-21,KHUM,96.8,77.7,86.0,116.1,24,24,24
2023-07-21,KMSY,97.0,80.0,88.0,109.9,24,24,24
2023-07-21,KNEW,95.0,87.0,90.6,111.8,24,24,24
2023-07-22,KASD,96.0,76.0,85.9,114.9,24,24,24
2023-07-22,KBTR,99.0,78.0,85.8,114.0,24,24,24
2023-07-22,KHUM,93.2,74.5,83.5,110.3,22,22,24
2023-07-22,KMSY,95.0,75.0,85.6,107.4,24,24,24
2023-07-22,KNEW,96.0,77.0,87.9,110.4,24,24,24
2023-07-23,KASD,92.0,75.0,82.2,103.2,24,24,24
2023-07-23,KBTR,94.0,77.0,84.0,101.0,24,24,24
2023-07-23,KHUM,91.4,75.2,80.9,110.9,24,24,24
2023-07-23,KMSY,91.0,73.0,82.0,101.7,24,24,24
2023-07-23,KNEW,92.0,80.0,85.2,104.5,24,24,24
2023-07-24,KASD,94.0,73.0,82.8,97.9,24,24,24
2023-07-24,KBTR,97.0,73.0,85.2,98.2,24,24,24
2023-07-24,KHUM,91.4,75.2,82.7,100.5,24,24,24
2023-07-24,KMSY,92.0,77.0,85.1,95.5,24,24,24
2023-07-24,KNEW,94.0,83.0,87.1,96.7,24,24,24
2023-07-25,KASD,94.0,71.0,82.6,101.3,24,24,24
2023-07-25,KBTR,96.0,75.0,85.9,101.9,24,24,24
2023-07-25,KHUM,91.4,73.4,82.3,98.6,24,24,24
2023-07-25,KMSY,93.0,77.0,85.5,98.8,24,24,24
2023-07-25,KNEW,94.0,83.0,88.1,100.3,24,24,24
2023-07-26,KASD,95.0,71.0,83.4,103.6,24,24,24
2023-07-26,KBTR,97.0,74.0,85.8,103.1,24,24,24
2023-07-26,KHUM,93.2,73.4,82.5,99.2,24,24,24
2023-07-26,KMSY,95.0,75.0,85.1,98.3,24,24,24
2023-07-26,KNEW,95.0,83.0,88.3,102.3,24,24,24
2023-07-27,KASD,95.0,75.0,84.6,104.7,24,24,24
2023-07-27,KBTR,99.0,76.0,86.4,105.6,24,24,24
2023-07-27,KHUM,93.2,74.3,83.1,102.8,22,22,24
2023-07-27,KMSY,94.0,77.0,85.1,101.3,24,24,24
2023-07-27,KNEW,96.0,84.0,88.2,104.8,24,24,24
2023-07-28,KASD,96.0,74.0,85.2,109.8,24,24,24
2023-07-28,KBTR,97.0,75.0,86.7,102.3,24,24,24
2023-07-28,KHUM,93.2,73.4,82.8,102.8,23,23,24
2023-07-28,KMSY,93.0,77.0,84.8,102.1,24,24,24
2023-07-28,KNEW,95.0,83.0,88.1,105.8,24,24,24
2023-07-29,KASD,96.0,76.0,86.5,108.6,24,24,24
2023-07-29,KBTR,100.0,76.0,88.2,107.8,24,24,24
2023-07-29,KHUM,93.2,75.2,83.9,102.6,23,23,24
2023-07-29,KMSY,95.0,75.0,86.2,104.6,24,24,24
2023-07-29,KNEW,94.0,84.0,89.2,110.1,24,24,24
2023-07-30,KASD,97.0,78.0,87.0,112.6,24,24,24
2023-07-30,KBTR,100.0,79.0,89.6,112.4,23,23,24
2023-07-30,KHUM,96.8,75.2,85.1,115.3,23,23,24
2023-07-30,KMSY,97.0,79.0,88.2,108.4,24,24,24
2023-07-30,KNEW,96.0,82.0,89.5,109.8,24,24,24
2023-07-31,KASD,101.0,76.0,87.6,119.1,24,24,24
2023-07-31,KBTR,100.0,79.0,86.3,115.1,24,24,24
2023-07-31,KHUM,98.6,80.6,88.7,112.3,21,21,24
2023-07-31,KMSY,100.0,81.0,89.4,111.1,24,24,24
2023-07-31,KNEW,98.0,81.0,89.4,115.6,24,24,24
2023-08-01,KASD,99.0,77.0,87.7,112.4,24,24,24
2023-08-01,KBTR,103.0,78.0,88.1,112.4,24,24,24
2023-08-01,KHUM,96.8,78.8,87.4,108.3,21,21,24
2023-08-01,KMSY,98.0,83.0,90.1,107.1,24,24,24
2023-08-01,KNEW,98.0,86.0,91.2,111.3,24,24,24
2023-08-02,KASD,95.0,78.0,85.5,110.7,24,24,24
2023-08-02,KBTR,99.0,79.0,85.5,113.8,24,24,24
2023-08-02,KHUM,93.2,77.0,84.2,102.8,23,23,24
2023-08-02,KMSY,94.0,80.0,85.8,107.2,24,24,24
2023-08-02,KNEW,96.0,86.0,90.3,111.8,24,24,24
2023-08-03,KASD,96.0,76.0,87.2,105.9,24,24,24
2023-08-03,KBTR,100.0,77.0,88.4,111.1,24,24,24
2023-08-03,KHUM,96.8,75.2,84.7,112.3,24,24,24
2023-08-03,KMSY,97.0,77.0,87.6,109.8,24,24,24
2023-08-03,KNEW,97.0,85.0,90.3,108.5,24,24,24
2023-08-04,KASD,98.0,79.0,89.2,115.6,24,24,24
2023-08-04,KBTR,101.0,82.0,90.5,112.4,24,24,24
2023-08-04,KHUM,96.8,76.5,86.3,115.3,22,22,24
2023-08-04,KMSY,98.0,81.0,88.8,111.1,24,24,24
2023-08-04,KNEW,97.0,86.0,90.8,111.3,24,24,24
2023-08-05,KASD,99.0,81.0,91.0,114.5,24,24,24
2023-08-05,KBTR,100.0,82.0,90.7,113.7,24,24,24
2023-08-05,KHUM,96.8,78.8,86.6,115.3,22,22,24
2023-08-05,KMSY,99.0,82.0,89.7,115.3,24,24,24
2023-08-05,KNEW,97.0,87.0,91.6,116.3,24,24,24
2023-08-06,KASD,99.0,82.0,91.2,112.4,24,24,24
2023-08-06,KBTR,100.0,82.0,90.6,113.7,24,24,24
2023-08-06,KHUM,96.8,78.8,87.4,110.3,23,23,24
2023-08-06,KMSY,100.0,81.0,89.8,115.1,24,24,24
2023-08-06,KNEW,97.0,86.0,91.7,114.2,24,24,24
2023-08-07,KASD,98.0,82.0,91.0,114.5,24,24,24
2023-08-07,KBTR,100.0,83.0,91.0,113.7,24,24,24
2023-08-07,KHUM,96.8,80.0,87.2,113.5,23,23,24
2023-08-07,KMSY,100.0,82.0,89.7,112.6,24,24,24
2023-08-07,KNEW,98.0,86.0,91.5,114.0,24,24,24
2023-08-08,KASD,97.0,80.0,87.9,113.2,24,24,24
2023-08-08,KBTR,99.0,83.0,90.3,113.8,24,24,24
2023-08-08,KHUM,96.8,78.8,87.4,109.8,23,23,24
2023-08-08,KMSY,96.0,82.0,89.0,110.1,24,24,24
2023-08-08,KNEW,96.0,86.0,90.8,116.3,24,24,24
2023-08-09,KASD,98.0,83.0,90.5,112.6,24,24,24
2023-08-09,KBTR,100.0,83.0,89.9,114.0,24,24,24
2023-08-09,KHUM,93.2,80.6,86.3,107.5,23,23,24
2023-08-09,KMSY,98.0,83.0,89.1,112.6,24,24,24
2023-08-09,KNEW,98.0,87.0,91.2,113.2,24,24,24
2023-08-10,KASD,99.0,86.0,91.7,112.5,24,24,24
2023-08-10,KBTR,101.0,85.0,91.5,116.4,24,24,24
2023-08-10,KHUM,96.8,80.6,87.0,112.8,23,23,24
2023-08-10,KMSY,100.0,82.0,89.8,111.1,24,24,24
2023-08-10,KNEW,98.0,86.0,91.4,114.0,24,24,24
2023-08-11,KASD,99.0,85.0,91.4,115.3,24,24,24
2023-08-11,KBTR,102.0,84.0,91.5,115.0,24,24,24
2023-08-11,KHUM,96.8,80.0,86.9,115.3,23,23,24
2023-08-11,KMSY,100.0,81.0,89.8,113.7,24,24,24
2023-08-11,KNEW,99.0,86.0,91.5,120.4,24,24,24
2023-08-12,KASD,100.0,83.0,91.7,115.1,24,24,24
2023-08-12,KBTR,101.0,81.0,90.8,112.4,24,24,24
2023-08-12,KHUM,96.8,79.0,87.7,112.8,24,24,24
2023-08-12,KMSY,99.0,82.0,89.5,114.0,24,24,24
2023-08-12,KNEW,97.0,86.0,91.3,115.9,24,24,24
2023-08-13,KASD,99.0,82.0,91.0,111.5,24,24,24
2023-08-13,KBTR,100.0,82.0,90.3,113.7,24,24,24
2023-08-13,KHUM,96.8,78.8,87.4,115.3,24,24,24
2023-08-13,KMSY,97.0,82.0,89.2,114.5,24,24,24
2023-08-13,KNEW,99.0,87.0,91.2,116.3,24,24,24
2023-08-14,KASD,99.0,79.0,90.5,114.0,24,24,24
2023-08-14,KBTR,101.0,80.0,90.3,112.4,24,24,24
2023-08-14,KHUM,98.6,78.8,87.8,111.4,24,24,24
2023-08-14,KMSY,100.0,81.0,89.3,112.4,24,24,24
2023-08-14,KNEW,97.0,85.0,90.6,112.1,24,24,24
2023-08-15,KASD,99.0,77.0,86.3,120.4,24,24,24
2023-08-15,KBTR,101.0,81.0,89.5,116.6,24,24,24
2023-08-15,KHUM,98.6,79.3,87.1,123.8,23,23,24
2023-08-15,KMSY,100.0,76.0,86.9,115.1,24,24,24
2023-08-15,KNEW,100.0,85.0,89.7,121.8,24,24,24
2023-08-16,KASD,92.0,74.0,82.4,97.6,24,24,24
2023-08-16,KBTR,96.0,74.0,84.9,96.0,24,24,24
2023-08-16,KHUM,91.4,77.0,83.4,98.6,24,24,24
2023-08-16,KMSY,92.0,79.0,85.0,96.3,24,24,24
2023-08-16,KNEW,93.0,81.0,86.2,97.0,24,24,24
2023-08-17,KASD,97.0,70.0,85.0,100.7,24,24,24
2023-08-17,KBTR,99.0,68.0,85.4,101.1,24,24,24
2023-08-17,KHUM,96.8,75.2,84.4,98.3,16,16,24
2023-08-17,KMSY,97.0,72.0,85.0,98.8,24,24,24
2023-08-17,KNEW,96.0,80.0,88.2,100.4,24,24,24
2023-08-18,KASD,100.0,78.0,89.5,108.5,24,24,24
2023-08-18,KBTR,101.0,76.0,89.2,106.4,24,24,24
2023-08-18,KHUM,95.0,75.2,89.0,107.4,13,13,24
2023-08-18,KMSY,99.0,78.0,87.5,105.9,24,24,24
2023-08-18,KNEW,98.0,86.0,90.5,106.1,24,24,24
2023-08-19,KASD,101.0,78.0,90.1,112.4,23,23,24
2023-08-19,KBTR,103.0,80.0,91.3,112.7,24,24,24
2023-08-19,KHUM,96.8,77.0,89.6,112.3,12,12,24
2023-08-19,KMSY,98.0,79.0,87.8,111.5,23,23,24
2023-08-19,KNEW,99.0,84.0,90.4,112.5,24,24,24
2023-08-20,KASD,98.0,79.0,88.4,113.2,24,24,24
2023-08-20,KBTR,104.0,82.0,92.2,116.3,24,24,24
2023-08-20,KHUM,98.6,78.8,89.2,112.3,18,18,24
2023-08-20,KMSY,96.0,83.0,89.4,109.9,24,24,24
2023-08-20,KNEW,99.0,87.0,91.6,111.8,24,24,24
2023-08-21,KASD,97.0,78.0,86.8,109.7,24,24,24
2023-08-21,KBTR,102.0,79.0,88.9,113.7,24,24,24
2023-08-21,KHUM,93.2,80.0,85.5,108.3,24,24,24
2023-08-21,KMSY,93.0,84.0,88.2,108.8,24,24,24
2023-08-21,KNEW,94.0,85.0,89.1,110.7,24,24,24
2023-08-22,KASD,99.0,74.0,87.0,111.0,24,24,24
2023-08-22,KBTR,102.0,77.0,89.4,110.4,24,24,24
2023-08-22,KHUM,93.2,79.3,85.6,107.5,23,23,24
2023-08-22,KMSY,95.0,82.0,88.2,108.6,24,24,24
2023-08-22,KNEW,97.0,86.0,90.5,109.9,24,24,24
2023-08-23,KASD,103.0,77.0,89.2,115.1,24,24,24
2023-08-23,KBTR,105.0,81.0,91.1,116.4,24,24,24
2023-08-23,KHUM,100.4,78.4,88.4,112.1,23,23,24
2023-08-23,KMSY,100.0,80.0,89.7,111.1,24,24,24
2023-08-23,KNEW,100.0,87.0,91.5,115.1,24,24,24
2023-08-24,KASD,100.0,79.0,89.4,115.6,24,24,24
2023-08-24,KBTR,105.0,79.0,87.2,117.6,24,24,24
2023-08-24,KHUM,98.6,80.6,88.1,112.1,24,24,24
2023-08-24,KMSY,99.0,83.0,90.8,112.6,24,24,24
2023-08-24,KNEW,99.0,88.0,92.5,114.2,24,24,24
2023-08-25,KASD,100.0,76.0,87.7,114.0,24,24,24
2023-08-25,KBTR,102.0,79.0,89.7,112.5,24,24,24
2023-08-25,KHUM,96.8,79.0,86.2,107.4,21,21,24
2023-08-25,KMSY,98.0,81.0,89.1,107.4,24,24,24
2023-08-25,KNEW,98.0,86.0,90.5,108.5,24,24,24
2023-08-26,KASD,107.0,77.0,87.4,117.8,24,24,24
2023-08-26,KBTR,103.0,82.0,89.8,115.0,24,24,24
2023-08-26,KHUM,100.4,77.0,87.4,110.3,24,24,24
2023-08-26,KMSY,102.0,79.0,88.3,111.8,24,24,24
2023-08-26,KNEW,98.0,86.0,91.2,118.2,24,24,24
2023-08-27,KASD,107.0,78.0,86.4,115.7,24,24,24
2023-08-27,KBTR,105.0,78.0,91.0,113.8,24,24,24
2023-08-27,KHUM,102.2,79.3,87.5,112.3,23,23,24
2023-08-27,KMSY,104.0,81.0,90.3,111.9,24,24,24
2023-08-27,KNEW,102.0,89.0,92.3,119.3,24,24,24
2023-08-28,KASD,95.0,77.0,82.1,109.9,24,24,24
2023-08-28,KBTR,95.0,75.0,82.2,107.2,24,24,24
2023-08-28,KHUM,91.4,73.4,81.8,105.2,24,24,24
2023-08-28,KMSY,93.0,77.0,83.3,107.2,24,24,24
2023-08-28,KNEW,93.0,82.0,86.9,108.8,24,24,24
2023-08-29,KASD,94.0,75.0,80.3,105.9,24,24,24
2023-08-29,KBTR,95.0,75.0,82.1,104.7,24,24,24
2023-08-29,KHUM,86.0,73.4,78.0,97.2,23,23,24
2023-08-29,KMSY,90.0,80.0,83.2,101.8,24,24,24
2023-08-29,KNEW,94.0,81.0,84.3,108.6,24,24,24
2023-08-30,KASD,96.0,75.0,83.0,102.8,24,24,24
2023-08-30,KBTR,98.0,76.0,85.6,96.6,24,24,24
2023-08-30,KHUM,93.2,74.7,81.9,100.5,24,24,24
2023-08-30,KMSY,93.0,80.0,84.7,97.6,24,24,24
2023-08-30,KNEW,92.0,81.0,86.7,100.8,24,24,24
2023-08-31,KASD,95.0,68.0,81.6,97.6,24,24,24
2023-08-31,KBTR,96.0,72.0,83.0,98.2,22,22,24
2023-08-31,KHUM,93.2,73.6,80.7,99.2,24,24,24
2023-08-31,KMSY,94.0,81.0,86.2,94.8,24,24,24
2023-08-31,KNEW,93.0,82.0,86.9,97.0,24,24,24
2023-09-01,KASD,94.0,75.0,82.5,104.6,24,24,24
2023-09-01,KBTR,98.0,73.0,85.9,102.7,24,24,24
2023-09-01,KHUM,89.6,73.4,81.4,98.2,23,23,24
2023-09-01,KMSY,93.0,78.0,85.3,102.1,24,24,24
2023-09-01,KNEW,92.0,83.0,87.0,104.5,24,24,24
2023-09-02,KASD,88.0,76.0,80.2,101.6,24,24,24
2023-09-02,KBTR,95.0,77.0,84.0,105.8,24,24,24
2023-09-02,KHUM,89.6,77.0,82.3,100.2,24,24,24
2023-09-02,KMSY,87.0,78.0,83.3,99.6,24,24,24
2023-09-02,KNEW,87.0,81.0,83.5,101.4,24,24,24
2023-09-03,KASD,93.0,77.0,83.3,109.5,24,24,24
2023-09-03,KBTR,98.0,77.0,85.1,111.1,24,24,24
2023-09-03,KHUM,89.6,78.0,82.0,105.2,24,24,24
2023-09-03,KMSY,92.0,79.0,84.9,103.1,24,24,24
2023-09-03,KNEW,92.0,81.0,84.5,107.4,24,24,24
2023-09-04,KASD,84.0,76.0,78.7,94.8,24,24,24
2023-09-04,KBTR,96.0,77.0,83.8,109.8,24,24,24
2023-09-04,KHUM,91.4,77.4,81.5,108.1,23,23,24
2023-09-04,KMSY,89.0,76.0,81.8,101.6,24,24,24
2023-09-04,KNEW,87.0,78.0,83.2,100.0,24,24,24
2023-09-05,KASD,92.0,75.0,83.6,100.8,24,24,24
2023-09-05,KBTR,94.0,77.0,83.0,107.2,24,24,24
2023-09-05,KHUM,91.4,76.0,83.7,105.2,24,24,24
2023-09-05,KMSY,92.0,80.0,85.4,100.8,24,24,24
2023-09-05,KNEW,92.0,82.0,86.0,100.8,22,22,24
2023-09-06,KASD,94.0,73.0,83.1,108.6,24,24,24
2023-09-06,KBTR,99.0,74.0,86.3,108.5,24,24,24
2023-09-06,KHUM,93.2,71.6,82.2,102.8,24,24,24
2023-09-06,KMSY,94.0,76.0,84.7,104.6,24,24,24
2023-09-06,KNEW,93.0,82.0,86.8,105.8,24,24,24
2023-09-07,KASD,96.0,75.0,81.6,114.9,24,24,24
2023-09-07,KBTR,99.0,76.0,86.1,112.6,24,24,24
2023-09-07,KHUM,95.0,73.6,82.3,107.4,23,23,24
2023-09-07,KMSY,97.0,76.0,83.8,110.1,24,24,24
2023-09-07,KNEW,94.0,80.0,85.8,107.5,24,24,24
2023-09-08,KASD,91.0,72.0,81.0,103.1,24,24,24
2023-09-08,KBTR,92.0,73.0,77.8,104.5,24,24,24
2023-09-08,KHUM,91.4,72.5,78.6,110.9,23,23,24
2023-09-08,KMSY,90.0,75.0,81.5,98.3,24,24,24
2023-09-08,KNEW,89.0,79.0,85.4,99.6,24,24,24
2023-09-09,KASD,93.0,70.0,80.5,96.7,24,24,24
2023-09-09,KBTR,91.0,71.0,80.5,93.7,24,24,24
2023-09-09,KHUM,89.6,71.4,79.4,98.2,24,24,24
2023-09-09,KMSY,92.0,75.0,82.1,93.1,24,24,24
2023-09-09,KNEW,89.0,81.0,85.3,93.8,24,24,24
2023-09-10,KASD,90.0,68.0,79.5,95.5,24,24,24
2023-09-10,KBTR,91.0,71.0,80.6,93.7,24,24,24
2023-09-10,KHUM,89.6,71.6,79.2,96.4,22,22,24
2023-09-10,KMSY,90.0,76.0,83.0,92.0,24,24,24
2023-09-10,KNEW,91.0,80.0,85.3,95.9,24,24,24
2023-09-11,KASD,93.0,67.0,80.5,98.8,24,24,24
2023-09-11,KBTR,93.0,66.0,80.9,94.8,24,24,24
2023-09-11,KHUM,91.4,71.6,80.9,97.0,22,22,24
2023-09-11,KMSY,92.0,73.0,84.2,95.5,24,24,24
2023-09-11,KNEW,93.0,80.0,85.8,102.0,24,24,24
2023-09-12,KASD,91.0,73.0,81.1,103.1,24,24,24
2023-09-12,KBTR,93.0,70.0,82.2,98.2,24,24,24
2023-09-12,KHUM,93.2,73.4,81.0,100.2,24,24,24
2023-09-12,KMSY,93.0,77.0,83.0,99.2,24,24,24
2023-09-12,KNEW,90.0,82.0,85.5,100.4,24,24,24
2023-09-13,KASD,93.0,73.0,82.8,102.1,24,24,24
2023-09-13,KBTR,94.0,73.0,81.8,100.3,24,24,24
2023-09-13,KHUM,91.4,73.4,80.3,98.6,22,22,24
2023-09-13,KMSY,94.0,76.0,83.3,97.9,24,24,24
2023-09-13,KNEW,92.0,81.0,85.5,99.2,24,24,24
2023-09-14,KASD,89.0,74.0,80.2,100.4,24,24,24
2023-09-14,KBTR,89.0,72.0,79.3,97.0,24,24,24
2023-09-14,KHUM,89.6,71.8,80.3,96.4,24,24,24
2023-09-14,KMSY,89.0,77.0,83.2,99.0,24,24,24
2023-09-14,KNEW,90.0,81.0,85.3,101.8,24,24,24
2023-09-15,KASD,92.0,74.0,80.6,99.8,24,24,24
2023-09-15,KBTR,93.0,74.0,82.1,101.0,24,24,24
2023-09-15,KHUM,89.6,74.7,79.1,97.8,24,24,24
2023-09-15,KMSY,92.0,77.0,83.7,97.8,24,24,24
2023-09-15,KNEW,93.0,80.0,84.7,99.1,24,24,24
2023-09-16,KASD,92.0,74.0,81.9,102.0,23,23,24
2023-09-16,KBTR,93.0,72.0,82.5,97.9,24,24,24
2023-09-16,KHUM,93.2,73.4,82.7,100.9,23,23,24
2023-09-16,KMSY,94.0,76.0,84.8,100.3,24,24,24
2023-09-16,KNEW,92.0,80.0,86.5,101.7,24,24,24
2023-09-17,KASD,92.0,69.0,79.5,92.5,24,24,24
2023-09-17,KBTR,93.0,72.0,81.6,92.4,24,24,24
2023-09-17,KHUM,91.4,73.4,80.1,92.3,21,21,24
2023-09-17,KMSY,91.0,78.0,84.8,90.3,24,24,24
2023-09-17,KNEW,90.0,81.0,86.5,93.9,24,24,24
2023-09-18,KASD,90.0,62.0,76.2,88.9,24,24,24
2023-09-18,KBTR,94.0,64.0,78.3,91.5,24,24,24
2023-09-18,KHUM,91.4,68.0,78.8,90.3,24,24,24
2023-09-18,KMSY,92.0,72.0,83.4,88.9,24,24,24
2023-09-18,KNEW,91.0,79.0,84.5,88.8,24,24,24
2023-09-19,KASD,89.0,63.0,75.9,89.9,24,24,24
2023-09-19,KBTR,93.0,62.0,79.4,91.6,24,24,24
2023-09-19,KHUM,89.6,66.2,77.1,89.5,19,19,24
2023-09-19,KMSY,90.0,70.0,81.2,89.6,24,24,24
2023-09-19,KNEW,90.0,77.0,82.9,90.5,24,24,24
2023-09-20,KASD,89.0,62.0,76.2,93.5,24,24,24
2023-09-20,KBTR,94.0,65.0,79.8,91.8,24,24,24
2023-09-20,KHUM,89.6,66.6,77.4,93.5,23,23,24
2023-09-20,KMSY,89.0,69.0,80.9,94.3,24,24,24
2023-09-20,KNEW,89.0,76.0,82.9,95.7,24,24,24
2023-09-21,KASD,90.0,71.0,79.8,100.4,24,24,24
2023-09-21,KBTR,96.0,70.0,82.5,99.5,24,24,24
2023-09-21,KHUM,93.2,72.7,80.8,99.2,24,24,24
2023-09-21,KMSY,92.0,79.0,84.3,99.6,24,24,24
2023-09-21,KNEW,91.0,79.0,84.3,99.4,24,24,24
2023-09-22,KASD,89.0,72.0,76.3,94.3,12,12,24
2023-09-22,KBTR,92.0,74.0,82.4,97.6,24,24,24
2023-09-22,KHUM,89.6,74.5,80.8,94.8,23,23,24
2023-09-22,KMSY,92.0,80.0,84.4,94.8,24,24,24
2023-09-22,KNEW,90.0,80.0,84.2,98.3,24,24,24
2023-09-23,KASD,,,,,0,0,24
2023-09-23,KBTR,94.0,73.0,83.2,100.0,24,24,24
2023-09-23,KHUM,89.6,75.2,81.2,94.8,22,22,24
2023-09-23,KMSY,91.0,79.0,83.4,95.5,24,24,24
2023-09-23,KNEW,89.0,80.0,84.0,95.1,24,24,24
2023-09-24,KASD,76.0,74.0,75.0,76.8,4,4,24
2023-09-24,KBTR,94.0,74.0,82.5,103.4,24,24,24
2023-09-24,KHUM,87.8,73.4,79.3,97.8,23,23,24
2023-09-24,KMSY,90.0,77.0,81.5,99.4,24,24,24
2023-09-24,KNEW,91.0,78.0,84.2,99.6,24,24,24
2023-09-25,KASD,87.0,72.0,77.8,96.0,24,24,24
2023-09-25,KBTR,90.0,76.0,81.5,94.7,24,24,24
2023-09-25,KHUM,89.6,73.4,77.7,96.4,23,23,24
2023-09-25,KMSY,89.0,74.0,80.2,98.1,24,24,24
2023-09-25,KNEW,91.0,78.0,83.1,100.7,24,24,24
2023-09-26,KASD,91.0,73.0,80.6,97.6,24,24,24
2023-09-26,KBTR,92.0,72.0,80.5,98.8,24,24,24
2023-09-26,KHUM,87.8,73.4,79.2,92.7,23,23,24
2023-09-26,KMSY,90.0,76.0,82.4,94.3,24,24,24
2023-09-26,KNEW,90.0,79.0,84.2,95.4,24,24,24
2023-09-27,KASD,91.0,71.0,80.0,97.3,24,24,24
2023-09-27,KBTR,97.0,72.0,83.0,99.3,24,24,24
2023-09-27,KHUM,91.4,71.6,80.0,98.6,23,23,24
2023-09-27,KMSY,90.0,79.0,83.2,94.7,24,24,24
2023-09-27,KNEW,91.0,80.0,84.4,99.6,24,24,24
2023-09-28,KASD,86.0,71.0,77.5,93.1,24,24,24
2023-09-28,KBTR,93.0,70.0,80.5,96.0,24,24,24
2023-09-28,KHUM,87.8,73.4,78.5,95.9,23,23,24
2023-09-28,KMSY,87.0,77.0,80.5,93.5,24,24,24
2023-09-28,KNEW,87.0,78.0,81.0,95.4,24,24,24
2023-09-29,KASD,88.0,67.0,76.6,93.1,24,24,24
2023-09-29,KBTR,93.0,67.0,78.8,96.0,24,24,24
2023-09-29,KHUM,87.8,71.2,77.5,97.8,24,24,24
2023-09-29,KMSY,87.0,76.0,80.2,90.9,24,24,24
2023-09-29,KNEW,87.0,77.0,81.1,93.1,24,24,24
2023-09-30,KASD,91.0,64.0,76.7,94.4,24,24,24
2023-09-30,KBTR,96.0,66.0,80.5,95.2,24,24,24
2023-09-30,KHUM,89.6,72.5,79.0,95.9,24,24,24
2023-09-30,KMSY,90.0,76.0,81.8,90.0,24,24,24
2023-09-30,KNEW,89.0,77.0,82.9,92.4,24,24,24
2023-10-01,KASD,90.0,66.0,76.2,90.9,24,24,24
2023-10-01,KBTR,94.0,69.0,79.7,92.7,24,24,24
2023-10-01,KHUM,87.8,69.8,78.1,97.8,24,24,24
2023-10-01,KMSY,89.0,77.0,81.5,89.4,24,24,24
2023-10-01,KNEW,88.0,79.0,82.8,92.2,24,24,24
2023-10-02,KASD,87.0,64.0,74.5,89.3,24,24,24
2023-10-02,KBTR,92.0,66.0,78.0,90.3,24,24,24
2023-10-02,KHUM,86.0,70.5,76.3,92.4,23,23,24
2023-10-02,KMSY,87.0,75.0,80.0,89.9,24,24,24
2023-10-02,KNEW,85.0,77.0,81.0,89.5,24,24,24
2023-10-03,KASD,87.0,64.0,75.4,91.5,24,24,24
2023-10-03,KBTR,92.0,66.0,78.0,97.0,24,24,24
2023-10-03,KHUM,87.8,70.7,77.5,94.2,24,24,24
2023-10-03,KMSY,88.0,74.0,80.6,94.8,24,24,24
2023-10-03,KNEW,87.0,77.0,81.2,93.5,24,24,24
2023-10-04,KASD,87.0,63.0,74.8,91.2,24,24,24
2023-10-04,KBTR,92.0,67.0,79.1,92.0,24,24,24
2023-10-04,KHUM,87.8,66.0,76.9,91.4,24,24,24
2023-10-04,KMSY,89.0,70.0,79.6,94.8,24,24,24
2023-10-04,KNEW,88.0,75.0,81.0,93.1,24,24,24
2023-10-05,KASD,88.0,67.0,76.8,94.0,24,24,24
2023-10-05,KBTR,89.0,74.0,78.8,92.4,24,24,24
2023-10-05,KHUM,87.8,70.7,78.3,93.4,24,24,24
2023-10-05,KMSY,88.0,74.0,80.8,93.1,24,24,24
2023-10-05,KNEW,89.0,77.0,81.6,94.3,24,24,24
2023-10-06,KASD,85.0,68.0,75.5,91.7,24,24,24
2023-10-06,KBTR,86.0,72.0,77.5,90.0,24,24,24
2023-10-06,KHUM,86.0,72.7,77.4,92.4,24,24,24
2023-10-06,KMSY,85.0,76.0,79.3,88.9,24,24,24
2023-10-06,KNEW,85.0,76.0,80.0,90.2,24,24,24
2023-10-07,KASD,77.0,56.0,67.3,76.7,24,24,24
2023-10-07,KBTR,81.0,61.0,70.2,79.7,24,24,24
2023-10-07,KHUM,78.8,62.0,70.6,78.5,23,23,24
2023-10-07,KMSY,78.0,68.0,73.8,77.6,24,24,24
2023-10-07,KNEW,80.0,69.0,74.4,79.7,24,24,24
2023-10-08,KASD,74.0,48.0,60.6,73.4,24,24,24
2023-10-08,KBTR,80.0,51.0,64.2,79.3,24,24,24
2023-10-08,KHUM,73.4,55.4,63.3,72.8,23,23,24
2023-10-08,KMSY,73.0,61.0,66.5,72.3,24,24,24
2023-10-08,KNEW,72.0,64.0,68.0,71.4,24,24,24
2023-10-09,KASD,79.0,47.0,62.9,78.6,24,24,24
2023-10-09,KBTR,84.0,48.0,66.6,81.5,24,24,24
2023-10-09,KHUM,80.6,54.0,64.4,79.4,24,24,24
2023-10-09,KMSY,80.0,58.0,68.2,79.6,24,24,24
2023-10-09,KNEW,81.0,61.0,70.5,79.9,24,24,24
2023-10-10,KASD,78.0,53.0,66.3,78.0,24,24,24
2023-10-10,KBTR,81.0,57.0,69.8,80.1,24,24,24
2023-10-10,KHUM,73.4,56.5,65.3,73.4,24,24,24
2023-10-10,KMSY,77.0,60.0,69.2,76.9,24,24,24
2023-10-10,KNEW,77.0,64.0,71.9,77.0,24,24,24
2023-10-11,KASD,69.0,59.0,63.9,69.1,24,24,24
2023-10-11,KBTR,69.0,60.0,63.8,68.9,24,24,24
2023-10-11,KHUM,71.6,59.0,65.3,71.9,24,24,24
2023-10-11,KMSY,73.0,61.0,67.4,73.3,24,24,24
2023-10-11,KNEW,74.0,64.0,69.0,74.3,24,24,24
2023-10-12,KASD,72.0,60.0,66.9,72.2,24,24,24
2023-10-12,KBTR,80.0,60.0,67.9,81.4,24,24,24
2023-10-12,KHUM,69.8,61.0,65.9,70.1,23,23,24
2023-10-12,KMSY,71.0,63.0,67.8,71.2,24,24,24
2023-10-12,KNEW,73.0,64.0,69.0,73.2,24,24,24
2023-10-13,KASD,83.0,66.0,72.5,86.1,24,24,24
2023-10-13,KBTR,86.0,61.0,73.4,87.8,24,24,24
2023-10-13,KHUM,84.2,62.6,71.5,86.5,23,23,24
2023-10-13,KMSY,83.0,69.0,74.0,85.2,24,24,24
2023-10-13,KNEW,78.0,71.0,73.7,78.4,24,24,24
2023-10-14,KASD,81.0,61.0,69.7,80.2,24,24,24
2023-10-14,KBTR,78.0,60.0,70.8,77.6,24,24,24
2023-10-14,KHUM,80.6,60.8,70.2,80.1,23,23,24
2023-10-14,KMSY,79.0,66.0,71.6,78.7,24,24,24
2023-10-14,KNEW,78.0,68.0,73.2,77.9,24,24,24
2023-10-15,KASD,67.0,53.0,59.7,66.5,24,24,24
2023-10-15,KBTR,70.0,54.0,61.9,69.4,24,24,24
2023-10-15,KHUM,69.8,53.6,61.7,69.3,24,24,24
2023-10-15,KMSY,71.0,60.0,64.8,70.5,24,24,24
2023-10-15,KNEW,70.0,63.0,66.6,69.6,24,24,24
2023-10-16,KASD,70.0,48.0,58.0,69.3,24,24,24
2023-10-16,KBTR,70.0,50.0,60.2,69.2,24,24,24
2023-10-16,KHUM,68.0,51.8,59.3,67.1,23,23,24
2023-10-16,KMSY,70.0,58.0,62.7,69.3,24,24,24
2023-10-16,KNEW,70.0,59.0,64.9,69.3,24,24,24
2023-10-17,KASD,72.0,43.0,57.0,71.4,24,24,24
2023-10-17,KBTR,74.0,46.0,59.7,73.4,24,24,24
2023-10-17,KHUM,71.6,48.2,59.1,70.8,24,24,24
2023-10-17,KMSY,72.0,56.0,63.5,71.3,24,24,24
2023-10-17,KNEW,70.0,61.0,65.8,69.5,24,24,24
2023-10-18,KASD,74.0,46.0,60.7,73.6,24,24,24
2023-10-18,KBTR,77.0,48.0,62.2,76.5,24,24,24
2023-10-18,KHUM,73.4,48.2,60.3,73.2,24,24,24
2023-10-18,KMSY,75.0,52.0,64.3,74.7,24,24,24
2023-10-18,KNEW,75.0,61.0,67.2,74.8,24,24,24
2023-10-19,KASD,81.0,51.0,66.8,81.8,24,24,24
2023-10-19,KBTR,83.0,53.0,68.5,84.1,24,24,24
2023-10-19,KHUM,82.4,57.2,68.3,83.4,24,24,24
2023-10-19,KMSY,81.0,61.0,71.2,81.6,24,24,24
2023-10-19,KNEW,82.0,64.0,72.2,83.2,24,24,24
2023-10-20,KASD,85.0,63.0,73.7,86.8,24,24,24
2023-10-20,KBTR,89.0,67.0,75.5,87.9,24,24,24
2023-10-20,KHUM,84.2,59.4,70.8,87.4,20,20,24
2023-10-20,KMSY,86.0,66.0,74.9,87.3,24,24,24
2023-10-20,KNEW,82.0,69.0,75.3,84.5,24,24,24
2023-10-21,KASD,83.0,55.0,69.7,82.1,24,24,24
2023-10-21,KBTR,89.0,56.0,72.5,86.3,24,24,24
2023-10-21,KHUM,86.0,60.4,70.9,84.5,21,21,24
2023-10-21,KMSY,85.0,63.0,74.2,83.6,24,24,24
2023-10-21,KNEW,84.0,68.0,75.5,83.3,24,24,24
2023-10-22,KASD,86.0,58.0,70.0,87.8,24,24,24
2023-10-22,KBTR,87.0,62.0,71.9,88.8,24,24,24
2023-10-22,KHUM,84.2,60.8,69.9,84.6,22,22,24
2023-10-22,KMSY,86.0,65.0,74.2,85.2,24,24,24
2023-10-22,KNEW,79.0,69.0,73.9,79.4,24,24,24
2023-10-23,KASD,85.0,59.0,69.8,86.3,24,24,24
2023-10-23,KBTR,89.0,59.0,72.3,87.1,24,24,24
2023-10-23,KHUM,86.0,61.7,71.8,85.7,23,23,24
2023-10-23,KMSY,86.0,63.0,74.1,85.8,24,24,24
2023-10-23,KNEW,84.0,69.0,75.2,87.7,24,24,24
2023-10-24,KASD,84.0,60.0,72.8,88.3,24,24,24
2023-10-24,KBTR,87.0,66.0,75.4,88.3,24,24,24
2023-10-24,KHUM,84.2,63.0,73.9,86.5,23,23,24
2023-10-24,KMSY,85.0,69.0,76.8,87.2,24,24,24
2023-10-24,KNEW,87.0,73.0,77.7,88.8,24,24,24
2023-10-25,KASD,83.0,61.0,73.0,87.1,24,24,24
2023-10-25,KBTR,88.0,67.0,76.6,89.9,24,24,24
2023-10-25,KHUM,84.2,68.0,76.3,88.4,24,24,24
2023-10-25,KMSY,86.0,69.0,77.2,89.4,24,24,24
2023-10-25,KNEW,85.0,73.0,78.1,89.5,24,24,24
2023-10-26,KASD,83.0,64.0,73.6,87.6,24,24,24
2023-10-26,KBTR,86.0,68.0,76.4,90.0,24,24,24
2023-10-26,KHUM,84.2,69.3,75.8,88.4,23,23,24
2023-10-26,KMSY,84.0,70.0,77.3,88.3,24,24,24
2023-10-26,KNEW,84.0,74.0,77.9,88.9,24,24,24
2023-10-27,KASD,84.0,66.0,74.1,87.2,24,24,24
2023-10-27,KBTR,88.0,70.0,77.0,92.4,24,24,24
2023-10-27,KHUM,84.2,66.2,76.1,88.4,24,24,24
2023-10-27,KMSY,86.0,73.0,77.7,87.8,24,24,24
2023-10-27,KNEW,85.0,74.0,78.4,87.7,24,24,24
2023-10-28,KASD,83.0,63.0,72.3,86.1,24,24,24
2023-10-28,KBTR,87.0,67.0,74.6,88.3,24,24,24
2023-10-28,KHUM,84.2,65.7,72.7,84.0,23,23,24
2023-10-28,KMSY,83.0,70.0,76.5,85.2,24,24,24
2023-10-28,KNEW,84.0,73.0,77.8,86.7,24,24,24
2023-10-29,KASD,85.0,62.0,73.0,87.7,24,24,24
2023-10-29,KBTR,87.0,67.0,76.8,87.9,24,24,24
2023-10-29,KHUM,86.0,64.0,73.5,88.4,24,24,24
2023-10-29,KMSY,86.0,71.0,77.5,88.3,24,24,24
2023-10-29,KNEW,86.0,73.0,78.3,88.3,24,24,24
2023-10-30,KASD,77.0,54.0,64.9,77.1,24,24,24
2023-10-30,KBTR,70.0,49.0,59.6,70.5,24,24,24
2023-10-30,KHUM,77.0,55.0,66.0,77.3,24,24,24
2023-10-30,KMSY,77.0,56.0,67.9,77.8,24,24,24
2023-10-30,KNEW,76.0,58.0,70.5,76.6,24,24,24
2023-10-31,KASD,60.0,47.0,52.4,58.8,24,24,24
2023-10-31,KBTR,58.0,46.0,50.7,56.6,24,24,24
2023-10-31,KHUM,59.0,48.2,52.6,57.7,23,23,24
2023-10-31,KMSY,59.0,51.0,55.3,58.0,24,24,24
2023-10-31,KNEW,62.0,52.0,57.1,61.0,24,24,24
2023-11-01,KASD,60.0,34.0,46.2,58.4,24,24,24
2023-11-01,KBTR,61.0,38.0,47.5,59.3,24,24,24
2023-11-01,KHUM,59.0,39.0,48.9,57.4,23,23,24
2023-11-01,KMSY,60.0,47.0,53.1,58.4,24,24,24
2023-11-01,KNEW,61.0,47.0,54.4,59.5,24,24,24
2023-11-02,KASD,69.0,31.0,48.8,68.4,24,24,24
2023-11-02,KBTR,71.0,35.0,51.6,70.2,24,24,24
2023-11-02,KHUM,69.8,33.8,52.5,69.4,24,24,24
2023-11-02,KMSY,66.0,46.0,56.4,65.5,24,24,24
2023-11-02,KNEW,66.0,50.0,57.8,65.6,24,24,24
2023-11-03,KASD,75.0,38.0,55.6,74.7,24,24,24
2023-11-03,KBTR,77.0,43.0,57.8,76.3,24,24,24
2023-11-03,KHUM,75.2,48.2,59.6,74.9,23,23,24
2023-11-03,KMSY,73.0,48.0,61.0,72.7,24,24,24
2023-11-03,KNEW,72.0,57.0,63.5,71.8,24,24,24
2023-11-04,KASD,78.0,47.0,60.8,77.8,24,24,24
2023-11-04,KBTR,81.0,46.0,61.5,79.9,24,24,24
2023-11-04,KHUM,78.8,51.6,62.6,78.7,21,21,24
2023-11-04,KMSY,76.0,55.0,65.5,75.9,24,24,24
2023-11-04,KNEW,77.0,62.0,67.0,77.1,24,24,24
2023-11-05,KASD,81.0,49.0,62.4,80.6,25,25,25
2023-11-05,KBTR,82.0,49.0,64.4,80.7,25,25,25
2023-11-05,KHUM,82.4,48.4,61.6,81.2,22,22,25
2023-11-05,KMSY,79.0,55.0,66.0,78.7,25,25,25
2023-11-05,KNEW,75.0,62.0,67.7,75.0,25,25,25
2023-11-06,KASD,80.0,49.0,64.5,79.8,24,24,24
2023-11-06,KBTR,81.0,51.0,67.1,80.5,24,24,24
2023-11-06,KHUM,78.8,51.0,64.1,78.7,23,23,24
2023-11-06,KMSY,80.0,56.0,67.5,79.6,24,24,24
2023-11-06,KNEW,76.0,61.0,68.4,76.1,24,24,24
2023-11-07,KASD,82.0,53.0,68.2,82.6,24,24,24
2023-11-07,KBTR,86.0,56.0,70.8,85.8,24,24,24
2023-11-07,KHUM,82.4,57.2,68.4,83.4,23,23,24
2023-11-07,KMSY,83.0,62.0,71.2,83.8,24,24,24
2023-11-07,KNEW,79.0,64.0,71.2,79.3,24,24,24
2023-11-08,KASD,81.0,57.0,69.2,82.5,24,24,24
2023-11-08,KBTR,84.0,60.0,71.6,84.4,24,24,24
2023-11-08,KHUM,82.4,55.4,68.6,83.4,23,23,24
2023-11-08,KMSY,81.0,61.0,71.5,82.5,24,24,24
2023-11-08,KNEW,83.0,66.0,73.2,83.8,24,24,24
2023-11-09,KASD,80.0,59.0,70.8,81.8,24,24,24
2023-11-09,KBTR,84.0,61.0,72.6,84.0,24,24,24
2023-11-09,KHUM,82.4,60.0,70.3,82.9,23,23,24
2023-11-09,KMSY,81.0,66.0,71.9,81.8,24,24,24
2023-11-09,KNEW,82.0,67.0,73.5,83.5,24,24,24
2023-11-10,KASD,77.0,68.0,71.2,77.6,24,24,24
2023-11-10,KBTR,72.0,62.0,67.5,72.4,24,24,24
2023-11-10,KHUM,78.8,66.2,70.7,79.3,22,22,24
2023-11-10,KMSY,75.0,68.0,71.1,75.5,24,24,24
2023-11-10,KNEW,75.0,69.0,71.2,75.5,24,24,24
2023-11-11,KASD,68.0,62.0,64.3,68.2,24,24,24
2023-11-11,KBTR,66.0,61.0,62.8,66.1,24,24,24
2023-11-11,KHUM,69.8,64.4,66.9,70.3,23,23,24
2023-11-11,KMSY,68.0,64.0,65.9,68.5,24,24,24
2023-11-11,KNEW,69.0,65.0,66.6,69.4,24,24,24
2023-11-12,KASD,72.0,61.0,65.8,72.3,24,24,24
2023-11-12,KBTR,74.0,59.0,66.2,74.1,24,24,24
2023-11-12,KHUM,69.8,62.6,66.1,70.1,22,22,24
2023-11-12,KMSY,69.0,63.0,65.8,69.3,24,24,24
2023-11-12,KNEW,70.0,63.0,66.5,70.3,24,24,24
2023-11-13,KASD,64.0,59.0,61.5,64.1,24,24,24
2023-11-13,KBTR,66.0,60.0,61.7,66.1,24,24,24
2023-11-13,KHUM,65.0,62.0,62.8,65.2,23,23,24
2023-11-13,KMSY,66.0,61.0,62.9,66.1,24,24,24
2023-11-13,KNEW,66.0,62.0,63.8,66.1,24,24,24
2023-11-14,KASD,62.0,57.0,59.4,62.1,24,24,24
2023-11-14,KBTR,60.0,58.0,59.0,60.0,24,24,24
2023-11-14,KHUM,64.4,59.0,61.3,64.5,23,23,24
2023-11-14,KMSY,63.0,59.0,61.2,63.2,24,24,24
2023-11-14,KNEW,64.0,60.0,62.2,64.1,24,24,24
2023-11-15,KASD,64.0,58.0,61.2,64.1,24,24,24
2023-11-15,KBTR,62.0,58.0,60.1,62.1,24,24,24
2023-11-15,KHUM,62.8,59.5,61.4,63.0,23,23,24
2023-11-15,KMSY,64.0,60.0,62.0,64.2,24,24,24
2023-11-15,KNEW,65.0,61.0,63.2,65.1,24,24,24
2023-11-16,KASD,70.0,62.0,65.0,70.2,24,24,24
2023-11-16,KBTR,67.0,61.0,63.8,67.2,24,24,24
2023-11-16,KHUM,68.0,62.0,63.8,68.2,22,22,24
2023-11-16,KMSY,67.0,63.0,65.0,67.2,24,24,24
2023-11-16,KNEW,69.0,64.0,66.1,69.1,24,24,24
2023-11-17,KASD,77.0,63.0,68.8,77.3,24,24,24
2023-11-17,KBTR,78.0,60.0,67.5,78.2,24,24,24
2023-11-17,KHUM,77.0,60.8,67.7,77.2,23,23,24
2023-11-17,KMSY,75.0,63.0,68.5,75.3,24,24,24
2023-11-17,KNEW,72.0,66.0,68.4,72.3,24,24,24
2023-11-18,KASD,72.0,52.0,63.9,71.9,24,24,24
2023-11-18,KBTR,75.0,55.0,65.8,74.7,24,24,24
2023-11-18,KHUM,71.6,55.4,64.0,71.5,21,21,24
2023-11-18,KMSY,71.0,60.0,65.4,70.9,24,24,24
2023-11-18,KNEW,72.0,63.0,67.5,72.1,24,24,24
2023-11-19,KASD,71.0,42.0,55.7,70.3,24,24,24
2023-11-19,KBTR,74.0,44.0,58.5,73.2,24,24,24
2023-11-19,KHUM,71.6,48.2,59.4,71.2,22,22,24
2023-11-19,KMSY,70.0,53.0,62.4,69.5,24,24,24
2023-11-19,KNEW,69.0,57.0,63.3,68.6,24,24,24
2023-11-20,KASD,79.0,53.0,68.9,79.5,24,24,24
2023-11-20,KBTR,85.0,54.0,72.6,87.2,24,24,24
2023-11-20,KHUM,80.6,58.3,70.4,83.9,22,22,24
2023-11-20,KMSY,82.0,62.0,72.2,85.3,24,24,24
2023-11-20,KNEW,82.0,64.0,74.1,85.3,24,24,24
2023-11-21,KASD,74.0,56.0,66.0,74.2,24,24,24
2023-11-21,KBTR,70.0,54.0,62.1,70.5,24,24,24
2023-11-21,KHUM,76.0,53.6,65.8,76.7,22,22,24
2023-11-21,KMSY,74.0,57.0,65.1,74.7,24,24,24
2023-11-21,KNEW,77.0,59.0,66.9,77.7,24,24,24
2023-11-22,KASD,62.0,44.0,53.0,61.1,24,24,24
2023-11-22,KBTR,63.0,46.0,53.6,62.1,24,24,24
2023-11-22,KHUM,62.6,50.0,54.7,61.6,20,20,24
2023-11-22,KMSY,61.0,52.0,56.8,60.1,24,24,24
2023-11-22,KNEW,63.0,54.0,58.4,62.2,24,24,24
2023-11-23,KASD,54.0,42.0,49.1,53.4,24,24,24
2023-11-23,KBTR,56.0,45.0,50.8,55.2,24,24,24
2023-11-23,KHUM,55.4,46.4,51.3,54.9,23,23,24
2023-11-23,KMSY,56.0,51.0,53.9,55.4,24,24,24
2023-11-23,KNEW,57.0,53.0,55.3,56.5,24,24,24
2023-11-24,KASD,62.0,47.0,54.5,61.4,24,24,24
2023-11-24,KBTR,64.0,47.0,54.6,63.3,24,24,24
2023-11-24,KHUM,59.0,49.6,54.0,58.6,22,22,24
2023-11-24,KMSY,58.0,54.0,56.2,57.4,24,24,24
2023-11-24,KNEW,61.0,56.0,58.0,60.4,24,24,24
2023-11-25,KASD,68.0,47.0,58.5,67.4,24,24,24
2023-11-25,KBTR,70.0,45.0,58.8,69.5,24,24,24
2023-11-25,KHUM,68.0,51.4,59.5,67.7,23,23,24
2023-11-25,KMSY,66.0,56.0,61.0,65.6,24,24,24
2023-11-25,KNEW,66.0,57.0,61.9,65.7,24,24,24
2023-11-26,KASD,69.0,51.0,62.4,69.0,24,24,24
2023-11-26,KBTR,71.0,50.0,61.7,70.6,24,24,24
2023-11-26,KHUM,69.8,52.7,62.5,70.3,18,18,24
2023-11-26,KMSY,67.0,54.0,63.2,67.5,24,24,24
2023-11-26,KNEW,67.0,57.0,64.0,67.4,24,24,24
2023-11-27,KASD,57.0,40.0,47.0,55.7,24,24,24
2023-11-27,KBTR,59.0,39.0,49.0,57.6,24,24,24
2023-11-27,KHUM,57.2,42.8,49.2,55.9,22,22,24
2023-11-27,KMSY,57.0,46.0,51.2,55.7,24,24,24
2023-11-27,KNEW,58.0,47.0,52.3,56.8,23,23,24
2023-11-28,KASD,62.0,36.0,47.2,60.7,24,24,24
2023-11-28,KBTR,64.0,39.0,50.0,62.7,24,24,24
2023-11-28,KHUM,60.8,37.4,47.5,59.4,22,22,24
2023-11-28,KMSY,59.0,44.0,50.6,57.6,24,24,24
2023-11-28,KNEW,59.0,50.0,53.7,57.8,24,24,24
2023-11-29,KASD,63.0,31.0,45.5,61.7,24,24,24
2023-11-29,KBTR,66.0,37.0,50.0,64.8,24,24,24
2023-11-29,KHUM,62.6,35.0,49.0,61.4,22,22,24
2023-11-29,KMSY,62.0,41.0,51.7,60.8,24,24,24
2023-11-29,KNEW,62.0,50.0,55.4,60.8,24,24,24
2023-11-30,KASD,67.0,38.0,54.8,67.1,24,24,24
2023-11-30,KBTR,66.0,45.0,56.8,65.6,24,24,24
2023-11-30,KHUM,66.2,47.5,58.3,66.4,23,23,24
2023-11-30,KMSY,67.0,50.0,59.2,66.8,24,24,24
2023-11-30,KNEW,67.0,53.0,60.5,66.7,24,24,24
2023-12-01,KASD,75.0,66.0,69.7,75.4,24,24,24
2023-12-01,KBTR,79.0,65.0,71.4,79.5,24,24,24
2023-12-01,KHUM,77.0,67.0,71.4,77.7,23,23,24
2023-12-01,KMSY,77.0,66.0,70.7,77.6,24,24,24
2023-12-01,KNEW,79.0,65.0,70.4,79.4,24,24,24
2023-12-02,KASD,72.0,68.0,70.3,72.7,24,24,24
2023-12-02,KBTR,76.0,66.0,69.8,76.5,24,24,24
2023-12-02,KHUM,78.8,69.4,73.1,79.9,22,22,24
2023-12-02,KMSY,76.0,67.0,70.5,76.6,24,24,24
2023-12-02,KNEW,73.0,66.0,69.1,73.7,24,24,24
2023-12-03,KASD,74.0,58.0,65.6,73.9,24,24,24
2023-12-03,KBTR,73.0,56.0,63.9,72.7,24,24,24
2023-12-03,KHUM,73.4,57.6,65.6,73.2,23,23,24
2023-12-03,KMSY,72.0,60.0,65.8,71.8,24,24,24
2023-12-03,KNEW,67.0,63.0,64.8,67.4,24,24,24
2023-12-04,KASD,69.0,47.0,57.7,68.3,24,24,24
2023-12-04,KBTR,72.0,46.0,57.8,71.1,24,24,24
2023-12-04,KHUM,68.0,48.6,60.2,67.4,23,23,24
2023-12-04,KMSY,67.0,57.0,61.1,66.5,24,24,24
2023-12-04,KNEW,65.0,60.0,62.7,64.7,24,24,24
2023-12-05,KASD,64.0,42.0,51.4,63.2,24,24,24
2023-12-05,KBTR,65.0,42.0,52.4,64.2,24,24,24
2023-12-05,KHUM,66.2,46.4,53.7,65.2,20,20,24
2023-12-05,KMSY,61.0,53.0,56.3,60.1,24,24,24
2023-12-05,KNEW,61.0,54.0,58.5,60.6,24,24,24
2023-12-06,KASD,60.0,38.0,48.8,58.8,24,24,24
2023-12-06,KBTR,62.0,39.0,51.2,60.8,24,24,24
2023-12-06,KHUM,60.8,37.4,50.7,59.6,23,23,24
2023-12-06,KMSY,58.0,45.0,53.5,56.8,24,24,24
2023-12-06,KNEW,61.0,52.0,55.8,60.4,24,24,24
2023-12-07,KASD,64.0,33.0,47.3,63.4,23,23,24
2023-12-07,KBTR,66.0,36.0,49.6,65.0,24,24,24
2023-12-07,KHUM,64.4,36.0,48.7,63.5,20,20,24
2023-12-07,KMSY,62.0,42.0,52.9,61.4,24,24,24
2023-12-07,KNEW,63.0,48.0,56.5,62.6,24,24,24
2023-12-08,KASD,72.0,45.0,61.3,72.2,24,24,24
2023-12-08,KBTR,72.0,47.0,62.2,72.1,24,24,24
2023-12-08,KHUM,71.6,52.0,62.1,72.1,23,23,24
2023-12-08,KMSY,70.0,54.0,63.6,70.3,24,24,24
2023-12-08,KNEW,74.0,58.0,65.2,74.2,24,24,24
2023-12-09,KASD,80.0,64.0,71.4,82.9,24,24,24
2023-12-09,KBTR,83.0,57.0,69.6,86.1,24,24,24
2023-12-09,KHUM,78.8,63.0,69.9,79.3,23,23,24
2023-12-09,KMSY,83.0,64.0,71.0,84.4,24,24,24
2023-12-09,KNEW,82.0,64.0,72.3,83.5,24,24,24
2023-12-10,KASD,70.0,38.0,54.0,70.7,24,24,24
2023-12-10,KBTR,61.0,38.0,53.3,59.8,24,24,24
2023-12-10,KHUM,68.4,44.4,55.6,69.0,23,23,24
2023-12-10,KMSY,69.0,50.0,56.6,69.6,24,24,24
2023-12-10,KNEW,68.0,52.0,58.0,68.4,24,24,24
2023-12-11,KASD,62.0,31.0,43.8,60.6,24,24,24
2023-12-11,KBTR,63.0,33.0,45.7,61.6,24,24,24
2023-12-11,KHUM,57.2,36.5,44.8,55.8,21,21,24
2023-12-11,KMSY,58.0,45.0,50.4,56.4,24,24,24
2023-12-11,KNEW,56.0,48.0,51.5,54.7,24,24,24
2023-12-12,KASD,63.0,34.0,46.2,61.7,24,24,24
2023-12-12,KBTR,66.0,36.0,48.5,64.8,24,24,24
2023-12-12,KHUM,62.6,37.8,49.1,61.5,23,23,24
2023-12-12,KMSY,62.0,42.0,52.2,60.6,24,24,24
2023-12-12,KNEW,61.0,52.0,55.6,59.8,24,24,24
2023-12-13,KASD,66.0,34.0,51.0,64.9,24,24,24
2023-12-13,KBTR,67.0,39.0,52.5,65.7,24,24,24
2023-12-13,KHUM,64.4,43.3,53.1,64.0,23,23,24
2023-12-13,KMSY,64.0,51.0,56.5,63.1,24,24,24
2023-12-13,KNEW,63.0,52.0,56.7,62.2,24,24,24
2023-12-14,KASD,66.0,45.0,56.1,65.0,24,24,24
2023-12-14,KBTR,70.0,49.0,57.5,69.0,24,24,24
2023-12-14,KHUM,64.4,49.6,55.6,63.8,21,21,24
2023-12-14,KMSY,63.0,53.0,58.1,62.0,24,24,24
2023-12-14,KNEW,63.0,54.0,58.3,62.1,24,24,24
2023-12-15,KASD,68.0,50.0,59.1,67.8,24,24,24
2023-12-15,KBTR,70.0,51.0,59.5,69.7,24,24,24
2023-12-15,KHUM,69.8,53.0,59.7,69.7,23,23,24
2023-12-15,KMSY,67.0,54.0,60.2,66.7,24,24,24
2023-12-15,KNEW,65.0,55.0,59.8,64.7,24,24,24
2023-12-16,KASD,67.0,57.0,59.8,67.0,24,24,24
2023-12-16,KBTR,63.0,57.0,58.4,62.7,24,24,24
2023-12-16,KHUM,66.2,57.2,60.9,66.3,22,22,24
2023-12-16,KMSY,64.0,57.0,59.7,64.0,24,24,24
2023-12-16,KNEW,64.0,58.0,60.0,63.9,24,24,24
2023-12-17,KASD,62.0,41.0,54.4,61.1,24,24,24
2023-12-17,KBTR,63.0,45.0,54.2,62.0,24,24,24
2023-12-17,KHUM,60.8,47.0,55.4,60.2,21,21,24
2023-12-17,KMSY,62.0,51.0,56.5,61.2,24,24,24
2023-12-17,KNEW,61.0,54.0,57.4,60.3,24,24,24
2023-12-18,KASD,68.0,36.0,49.8,67.2,24,24,24
2023-12-18,KBTR,70.0,41.0,53.2,69.1,24,24,24
2023-12-18,KHUM,68.0,39.2,54.3,67.1,23,23,24
2023-12-18,KMSY,67.0,47.0,55.9,66.2,24,24,24
2023-12-18,KNEW,62.0,53.0,57.2,61.5,24,24,24
2023-12-19,KASD,59.0,32.0,43.2,57.5,24,24,24
2023-12-19,KBTR,60.0,36.0,46.3,58.5,24,24,24
2023-12-19,KHUM,55.4,39.6,46.6,54.1,20,20,24
2023-12-19,KMSY,55.0,46.0,50.0,53.6,24,24,24
2023-12-19,KNEW,55.0,46.0,50.9,53.7,24,24,24
2023-12-20,KASD,63.0,37.0,49.0,62.4,24,24,24
2023-12-20,KBTR,67.0,41.0,51.3,66.3,24,24,24
2023-12-20,KHUM,64.4,41.0,51.9,64.0,23,23,24
2023-12-20,KMSY,61.0,46.0,53.5,60.5,24,24,24
2023-12-20,KNEW,61.0,49.0,53.9,60.5,24,24,24
2023-12-21,KASD,68.0,42.0,54.8,67.6,24,24,24
2023-12-21,KBTR,68.0,46.0,56.5,67.7,24,24,24
2023-12-21,KHUM,69.8,48.2,57.0,69.7,23,23,24
2023-12-21,KMSY,67.0,50.0,57.5,66.7,24,24,24
2023-12-21,KNEW,64.0,50.0,57.0,63.7,24,24,24
2023-12-22,KASD,71.0,50.0,60.1,70.9,24,24,24
2023-12-22,KBTR,76.0,52.0,62.9,75.9,24,24,24
2023-12-22,KHUM,73.4,55.4,62.3,73.4,21,21,24
2023-12-22,KMSY,72.0,56.0,61.8,71.9,24,24,24
2023-12-22,KNEW,68.0,57.0,61.2,67.8,24,24,24
2023-12-23,KASD,72.0,54.0,62.8,71.8,24,24,24
2023-12-23,KBTR,75.0,60.0,65.6,74.9,24,24,24
2023-12-23,KHUM,73.4,57.0,65.0,73.3,23,23,24
2023-12-23,KMSY,74.0,56.0,64.4,73.8,24,24,24
2023-12-23,KNEW,71.0,61.0,64.7,70.9,24,24,24
2023-12-24,KASD,67.0,62.0,64.8,67.5,24,24,24
2023-12-24,KBTR,65.0,63.0,63.8,65.3,24,24,24
2023-12-24,KHUM,66.4,62.6,64.1,66.8,23,23,24
2023-12-24,KMSY,67.0,64.0,65.0,67.5,24,24,24
2023-12-24,KNEW,68.0,63.0,64.9,68.3,24,24,24
2023-12-25,KASD,67.0,56.0,62.4,67.5,24,24,24
2023-12-25,KBTR,67.0,49.0,58.7,66.7,24,24,24
2023-12-25,KHUM,63.5,54.5,59.5,63.8,23,23,24
2023-12-25,KMSY,66.0,54.0,60.9,66.3,24,24,24
2023-12-25,KNEW,65.0,57.0,60.8,65.3,24,24,24
2023-12-26,KASD,58.0,47.0,51.8,57.3,24,24,24
2023-12-26,KBTR,60.0,43.0,50.9,58.9,24,24,24
2023-12-26,KHUM,57.2,44.6,50.1,56.5,23,23,24
2023-12-26,KMSY,55.0,49.0,51.3,54.2,24,24,24
2023-12-26,KNEW,55.0,51.0,53.1,54.5,24,24,24
2023-12-27,KASD,62.0,47.0,52.1,61.4,24,24,24
2023-12-27,KBTR,64.0,46.0,54.3,63.3,24,24,24
2023-12-27,KHUM,62.6,45.3,52.0,62.2,21,21,24
2023-12-27,KMSY,63.0,50.0,55.0,62.4,24,24,24
2023-12-27,KNEW,60.0,52.0,56.2,59.5,24,24,24
2023-12-28,KASD,54.0,37.0,44.6,52.5,24,24,24
2023-12-28,KBTR,53.0,37.0,45.5,51.4,24,24,24
2023-12-28,KHUM,53.6,40.6,46.3,52.2,22,22,24
2023-12-28,KMSY,54.0,43.0,48.4,52.5,24,24,24
2023-12-28,KNEW,54.0,46.0,50.0,53.0,24,24,24
2023-12-29,KASD,52.0,33.0,42.3,50.7,24,24,24
2023-12-29,KBTR,55.0,34.0,43.7,53.5,24,24,24
2023-12-29,KHUM,53.6,33.4,42.6,52.1,22,22,24
2023-12-29,KMSY,53.0,36.0,44.9,51.5,24,24,24
2023-12-29,KNEW,53.0,45.0,48.3,51.7,24,24,24
2023-12-30,KASD,59.0,33.0,43.8,57.8,24,24,24
2023-12-30,KBTR,61.0,34.0,45.8,59.7,24,24,24
2023-12-30,KHUM,60.8,34.7,46.4,59.5,22,22,24
2023-12-30,KMSY,60.0,39.0,48.1,58.8,24,24,24
2023-12-30,KNEW,56.0,46.0,50.4,54.9,24,24,24
2023-12-31,KASD,65.0,32.0,46.9,64.1,24,24,24
2023-12-31,KBTR,70.0,32.0,50.1,69.1,24,24,24
2023-12-31,KHUM,69.8,32.0,49.4,69.2,23,23,24
2023-12-31,KMSY,68.0,37.0,52.5,67.2,24,24,24
2023-12-31,KNEW,62.0,41.0,53.1,61.2,24,24,24
2024-01-01,KASD,65.0,37.0,49.8,64.6,24,24,24
2024-01-01,KBTR,64.0,42.0,52.1,63.4,24,24,24
2024-01-01,KHUM,62.6,46.6,55.8,62.4,23,23,24
2024-01-01,KMSY,63.0,49.0,55.1,62.6,24,24,24
2024-01-01,KNEW,60.0,50.0,55.4,59.6,24,24,24
2024-01-02,KASD,58.0,32.0,43.8,56.7,24,24,24
2024-01-02,KBTR,60.0,34.0,45.0,58.6,24,24,24
2024-01-02,KHUM,57.2,39.2,47.9,56.2,22,22,24
2024-01-02,KMSY,54.0,41.0,48.4,52.6,24,24,24
2024-01-02,KNEW,54.0,42.0,48.6,52.8,24,24,24
2024-01-03,KASD,60.0,37.0,48.5,59.4,24,24,24
2024-01-03,KBTR,62.0,39.0,49.5,61.2,24,24,24
2024-01-03,KHUM,60.8,43.5,51.7,60.4,23,23,24
2024-01-03,KMSY,58.0,48.0,52.2,57.3,24,24,24
2024-01-03,KNEW,58.0,49.0,53.0,57.4,24,24,24
2024-01-04,KASD,61.0,33.0,44.0,59.8,24,24,24
2024-01-04,KBTR,62.0,35.0,46.5,60.9,24,24,24
2024-01-04,KHUM,59.0,37.4,47.7,57.8,23,23,24
2024-01-04,KMSY,57.0,44.0,49.3,55.8,24,24,24
2024-01-04,KNEW,57.0,47.0,51.2,55.9,24,24,24
2024-01-05,KASD,64.0,34.0,53.8,63.8,24,24,24
2024-01-05,KBTR,60.0,37.0,50.3,60.0,24,24,24
2024-01-05,KHUM,62.6,44.2,55.8,62.9,23,23,24
2024-01-05,KMSY,64.0,43.0,56.9,63.7,24,24,24
2024-01-05,KNEW,64.0,49.0,57.9,64.2,24,24,24
2024-01-06,KASD,61.0,43.0,50.2,61.0,24,24,24
2024-01-06,KBTR,54.0,40.0,46.8,53.1,24,24,24
2024-01-06,KHUM,57.2,42.8,49.1,56.5,22,22,24
2024-01-06,KMSY,57.0,46.0,50.1,56.2,24,24,24
2024-01-06,KNEW,55.0,48.0,50.9,54.2,24,24,24
2024-01-07,KASD,58.0,39.0,48.2,56.9,24,24,24
2024-01-07,KBTR,61.0,37.0,48.2,59.9,24,24,24
2024-01-07,KHUM,57.2,39.2,47.3,56.3,20,20,24
2024-01-07,KMSY,55.0,42.0,49.6,54.1,24,24,24
2024-01-07,KNEW,54.0,49.0,51.9,53.2,24,24,24
2024-01-08,KASD,69.0,48.0,64.6,69.6,10,10,24
2024-01-08,KBTR,74.0,48.0,63.8,74.5,11,11,24
2024-01-08,KHUM,69.0,50.0,61.3,69.5,23,23,24
2024-01-08,KMSY,72.0,52.0,63.8,72.6,20,20,24
2024-01-08,KNEW,74.0,54.0,63.0,74.6,23,23,24
2024-01-09,KASD,71.0,41.0,53.9,71.7,17,17,24
2024-01-09,KBTR,58.0,41.0,50.5,57.5,17,17,24
2024-01-09,KHUM,69.6,39.7,51.3,70.2,22,22,24
2024-01-09,KMSY,73.0,44.0,53.0,73.6,24,24,24
2024-01-09,KNEW,75.0,51.0,54.9,75.6,24,24,24
2024-01-10,KASD,57.0,34.0,46.0,55.6,24,24,24
2024-01-10,KBTR,61.0,34.0,48.1,59.6,24,24,24
2024-01-10,KHUM,57.2,33.8,45.5,55.9,21,21,24
2024-01-10,KMSY,58.0,38.0,49.3,56.5,24,24,24
2024-01-10,KNEW,58.0,44.0,50.9,56.6,24,24,24
2024-01-11,KASD,68.0,45.0,59.2,68.0,24,24,24
2024-01-11,KBTR,76.0,47.0,63.0,75.9,24,24,24
2024-01-11,KHUM,71.6,46.8,61.4,71.8,22,22,24
2024-01-11,KMSY,70.0,51.0,61.6,70.1,24,24,24
2024-01-11,KNEW,69.0,51.0,62.2,69.0,24,24,24
2024-01-12,KASD,75.0,44.0,64.6,75.3,24,24,24
2024-01-12,KBTR,75.0,42.0,63.5,74.8,24,24,24
2024-01-12,KHUM,71.6,43.7,63.7,72.2,23,23,24
2024-01-12,KMSY,75.0,46.0,64.8,74.9,24,24,24
2024-01-12,KNEW,75.0,48.0,64.6,75.5,24,24,24
2024-01-13,KASD,54.0,31.0,42.2,52.4,24,24,24
2024-01-13,KBTR,58.0,31.0,45.8,56.4,24,24,24
2024-01-13,KHUM,53.6,32.0,43.0,52.1,22,22,24
2024-01-13,KMSY,54.0,41.0,46.8,52.3,24,24,24
2024-01-13,KNEW,54.0,43.0,47.5,52.5,24,24,24
2024-01-14,KASD,65.0,32.0,48.1,63.9,24,24,24
2024-01-14,KBTR,70.0,33.0,51.2,69.2,24,24,24
2024-01-14,KHUM,66.2,36.5,49.7,65.4,22,22,24
2024-01-14,KMSY,67.0,39.0,52.5,66.1,24,24,24
2024-01-14,KNEW,66.0,44.0,54.2,65.1,24,24,24
2024-01-15,KASD,65.0,34.0,49.7,64.7,24,24,24
2024-01-15,KBTR,51.0,26.0,39.4,49.7,24,24,24
2024-01-15,KHUM,66.2,35.6,54.2,66.2,21,21,24
2024-01-15,KMSY,60.0,36.0,50.9,59.5,24,24,24
2024-01-15,KNEW,65.0,39.0,54.2,64.7,24,24,24
2024-01-16,KASD,34.0,23.0,28.5,32.0,24,24,24
2024-01-16,KBTR,33.0,20.0,25.9,30.7,24,24,24
2024-01-16,KHUM,34.3,26.0,29.6,33.0,22,22,24
2024-01-16,KMSY,35.0,25.0,30.5,33.7,24,23,24
2024-01-16,KNEW,38.0,28.0,32.7,36.8,24,24,24
2024-01-17,KASD,45.0,18.0,29.7,42.8,24,24,24
2024-01-17,KBTR,46.0,18.0,31.2,43.8,24,24,24
2024-01-17,KHUM,44.6,21.2,31.9,42.5,21,21,24
2024-01-17,KMSY,40.0,26.0,32.9,37.8,24,24,24
2024-01-17,KNEW,42.0,27.0,33.7,39.8,24,24,24
2024-01-18,KASD,64.0,30.0,51.5,64.4,24,24,24
2024-01-18,KBTR,65.0,37.0,52.6,65.2,24,24,24
2024-01-18,KHUM,66.2,33.3,54.8,66.3,22,22,24
2024-01-18,KMSY,65.0,34.0,56.3,64.9,24,24,24
2024-01-18,KNEW,66.0,43.0,56.7,65.9,24,24,24
2024-01-19,KASD,63.0,36.0,51.5,63.4,24,24,24
2024-01-19,KBTR,59.0,36.0,49.7,58.9,24,24,24
2024-01-19,KHUM,62.2,39.0,53.2,62.5,23,23,24
2024-01-19,KMSY,63.0,40.0,51.5,61.6,24,24,24
2024-01-19,KNEW,56.0,41.0,51.5,55.9,24,24,24
2024-01-20,KASD,47.0,29.0,36.0,44.9,24,24,24
2024-01-20,KBTR,48.0,29.0,36.8,45.8,24,24,24
2024-01-20,KHUM,44.6,32.0,36.7,42.5,22,22,24
2024-01-20,KMSY,45.0,32.0,38.1,42.9,24,24,24
2024-01-20,KNEW,47.0,33.0,39.5,45.0,24,24,24
2024-01-21,KASD,47.0,27.0,37.9,44.8,24,24,24
2024-01-21,KBTR,49.0,27.0,38.5,46.9,24,24,24
2024-01-21,KHUM,44.6,30.2,38.4,43.5,23,23,24
2024-01-21,KMSY,44.0,32.0,38.8,42.6,24,24,24
2024-01-21,KNEW,46.0,32.0,39.2,44.5,24,24,24
2024-01-22,KASD,63.0,36.0,53.0,62.7,24,24,24
2024-01-22,KBTR,64.0,42.0,53.7,63.5,23,23,24
2024-01-22,KHUM,64.4,46.0,56.1,64.2,21,21,24
2024-01-22,KMSY,58.0,44.0,52.2,57.9,24,24,24
2024-01-22,KNEW,58.0,44.0,52.0,57.9,24,24,24
2024-01-23,KASD,68.0,62.0,65.8,68.2,24,24,24
2024-01-23,KBTR,69.0,60.0,64.2,69.1,24,24,24
2024-01-23,KHUM,69.8,58.0,64.6,70.2,22,22,24
2024-01-23,KMSY,67.0,58.0,62.6,67.2,24,24,24
2024-01-23,KNEW,64.0,56.0,60.4,64.2,24,24,24
2024-01-24,KASD,75.0,67.0,69.2,75.7,24,24,24
2024-01-24,KBTR,71.0,65.0,66.4,71.5,24,24,24
2024-01-24,KHUM,69.8,66.2,67.9,70.5,21,21,24
2024-01-24,KMSY,75.0,65.0,68.5,75.7,24,24,24
2024-01-24,KNEW,79.0,59.0,67.0,79.7,24,24,24
2024-01-25,KASD,71.0,64.0,66.0,71.7,24,24,24
2024-01-25,KBTR,69.0,63.0,64.7,69.5,24,24,24
2024-01-25,KHUM,71.6,62.6,66.3,72.2,23,23,24
2024-01-25,KMSY,73.0,61.0,65.6,73.8,24,24,24
2024-01-25,KNEW,74.0,56.0,65.4,74.7,24,24,24
2024-01-26,KASD,66.0,63.0,64.3,66.3,24,24,24
2024-01-26,KBTR,68.0,62.0,64.6,68.3,24,24,24
2024-01-26,KHUM,66.2,62.0,63.8,66.4,23,23,24
2024-01-26,KMSY,66.0,59.0,62.6,66.5,24,24,24
2024-01-26,KNEW,66.0,56.0,60.7,66.3,24,24,24
2024-01-27,KASD,71.0,51.0,62.6,71.0,24,24,24
2024-01-27,KBTR,66.0,54.0,61.7,66.2,24,24,24
2024-01-27,KHUM,68.0,54.5,62.2,68.0,19,19,24
2024-01-27,KMSY,69.0,55.0,62.1,69.2,24,24,24
2024-01-27,KNEW,64.0,54.0,59.2,64.2,24,24,24
2024-01-28,KASD,59.0,41.0,51.6,58.3,24,24,24
2024-01-28,KBTR,54.0,40.0,49.0,53.4,24,24,24
2024-01-28,KHUM,55.4,43.7,51.5,54.8,23,23,24
2024-01-28,KMSY,57.0,45.0,52.3,56.3,24,24,24
2024-01-28,KNEW,56.0,48.0,53.0,55.3,24,24,24
2024-01-29,KASD,65.0,36.0,48.3,64.0,24,24,24
2024-01-29,KBTR,67.0,37.0,50.2,65.8,24,24,24
2024-01-29,KHUM,64.4,39.2,50.6,63.3,23,23,24
2024-01-29,KMSY,63.0,42.0,51.3,61.9,24,24,24
2024-01-29,KNEW,58.0,47.0,52.4,57.2,24,24,24
2024-01-30,KASD,69.0,36.0,54.2,68.3,24,24,24
2024-01-30,KBTR,75.0,40.0,57.2,74.3,24,24,24
2024-01-30,KHUM,69.8,39.2,53.1,69.2,23,23,24
2024-01-30,KMSY,70.0,43.0,56.9,69.3,24,24,24
2024-01-30,KNEW,66.0,46.0,57.3,65.4,24,24,24
2024-01-31,KASD,72.0,43.0,55.7,71.1,22,22,24
2024-01-31,KBTR,74.0,48.0,59.6,73.1,24,24,24
2024-01-31,KHUM,69.8,45.0,57.2,68.9,22,22,24
2024-01-31,KMSY,71.0,50.0,59.3,70.1,24,24,24
2024-01-31,KNEW,64.0,55.0,58.7,63.3,24,24,24
2024-02-01,KASD,66.0,38.0,52.5,65.2,24,24,24
2024-02-01,KBTR,68.0,44.0,55.9,67.1,24,24,24
2024-02-01,KHUM,66.2,44.2,54.2,65.5,21,21,24
2024-02-01,KMSY,66.0,48.0,57.3,65.3,24,24,24
2024-02-01,KNEW,66.0,52.0,58.2,65.4,24,24,24
2024-02-02,KASD,71.0,43.0,56.2,70.2,24,24,24
2024-02-02,KBTR,75.0,42.0,58.9,74.3,24,24,24
2024-02-02,KHUM,69.8,47.0,57.3,69.5,22,22,24
2024-02-02,KMSY,71.0,47.0,59.5,70.5,24,24,24
2024-02-02,KNEW,68.0,51.0,59.8,67.5,24,24,24
2024-02-03,KASD,62.0,41.0,55.5,62.2,24,24,24
2024-02-03,KBTR,61.0,51.0,57.0,60.9,24,24,24
2024-02-03,KHUM,62.6,49.6,58.3,62.9,23,23,24
2024-02-03,KMSY,62.0,52.0,59.0,62.3,24,24,24
2024-02-03,KNEW,64.0,56.0,59.8,64.1,24,24,24
2024-02-04,KASD,68.0,52.0,60.1,67.6,24,24,24
2024-02-04,KBTR,69.0,53.0,59.1,68.7,24,24,24
2024-02-04,KHUM,66.2,50.0,57.7,66.2,22,22,24
2024-02-04,KMSY,70.0,54.0,61.0,69.6,24,24,24
2024-02-04,KNEW,65.0,56.0,59.7,64.7,24,24,24
2024-02-05,KASD,59.0,45.0,50.9,58.3,24,24,24
2024-02-05,KBTR,68.0,50.0,57.2,67.2,24,24,24
2024-02-05,KHUM,59.0,46.2,52.4,58.2,21,21,24
2024-02-05,KMSY,60.0,50.0,54.7,59.3,24,24,24
2024-02-05,KNEW,59.0,50.0,55.2,58.4,24,24,24
2024-02-06,KASD,73.0,43.0,54.6,72.3,24,24,24
2024-02-06,KBTR,72.0,47.0,57.1,71.0,24,24,24
2024-02-06,KHUM,69.8,45.5,55.4,69.1,20,20,24
2024-02-06,KMSY,69.0,50.0,57.0,68.2,24,24,24
2024-02-06,KNEW,63.0,52.0,57.6,62.6,24,24,24
2024-02-07,KASD,68.0,38.0,55.0,67.3,24,24,24
2024-02-07,KBTR,71.0,42.0,57.1,70.3,24,24,24
2024-02-07,KHUM,68.0,44.6,57.1,67.4,23,23,24
2024-02-07,KMSY,69.0,49.0,59.4,68.5,24,24,24
2024-02-07,KNEW,68.0,53.0,60.5,67.5,24,24,24
2024-02-08,KASD,69.0,59.0,64.3,68.8,24,24,24
2024-02-08,KBTR,76.0,56.0,65.5,75.8,24,24,24
2024-02-08,KHUM,71.6,57.2,62.9,71.5,19,19,24
2024-02-08,KMSY,71.0,59.0,64.4,70.9,24,24,24
2024-02-08,KNEW,70.0,60.0,64.3,69.8,24,24,24
2024-02-09,KASD,77.0,59.0,67.8,77.2,24,24,24
2024-02-09,KBTR,81.0,62.0,70.0,81.4,24,24,24
2024-02-09,KHUM,75.2,57.2,67.4,75.5,18,18,24
2024-02-09,KMSY,77.0,60.0,68.0,77.2,24,24,24
2024-02-09,KNEW,79.0,61.0,69.3,79.0,24,24,24
2024-02-10,KASD,78.0,60.0,69.3,78.3,24,24,24
2024-02-10,KBTR,79.0,65.0,71.5,79.1,24,24,24
2024-02-10,KHUM,75.2,60.0,68.2,75.5,23,23,24
2024-02-10,KMSY,77.0,64.0,69.8,77.4,24,24,24
2024-02-10,KNEW,80.0,65.0,71.6,81.8,24,24,24
2024-02-11,KASD,76.0,68.0,71.7,76.6,24,24,24
2024-02-11,KBTR,80.0,68.0,74.3,81.8,24,24,24
2024-02-11,KHUM,73.4,68.0,70.9,74.3,23,23,24
2024-02-11,KMSY,77.0,69.0,72.1,77.6,24,24,24
2024-02-11,KNEW,77.0,70.0,72.8,77.6,24,24,24
2024-02-12,KASD,71.0,48.0,60.5,71.7,24,24,24
2024-02-12,KBTR,68.0,49.0,56.5,68.4,24,24,24
2024-02-12,KHUM,71.8,47.3,60.2,72.5,23,23,24
2024-02-12,KMSY,73.0,49.0,60.7,73.7,24,24,24
2024-02-12,KNEW,73.0,50.0,61.6,73.6,24,24,24
2024-02-13,KASD,62.0,44.0,51.3,60.8,24,24,24
2024-02-13,KBTR,63.0,44.0,52.4,61.9,24,24,24
2024-02-13,KHUM,57.2,44.6,50.1,56.1,22,22,24
2024-02-13,KMSY,61.0,47.0,52.0,59.9,24,24,24
2024-02-13,KNEW,59.0,49.0,53.8,58.2,24,24,24
2024-02-14,KASD,65.0,37.0,51.2,63.9,24,24,24
2024-02-14,KBTR,69.0,39.0,54.5,68.0,24,24,24
2024-02-14,KHUM,64.4,40.6,52.6,63.5,19,19,24
2024-02-14,KMSY,64.0,45.0,55.2,63.2,24,24,24
2024-02-14,KNEW,64.0,49.0,57.6,63.1,24,24,24
2024-02-15,KASD,67.0,48.0,57.0,66.3,24,24,24
2024-02-15,KBTR,72.0,47.0,60.0,71.5,24,24,24
2024-02-15,KHUM,69.8,51.4,60.6,69.3,22,22,24
2024-02-15,KMSY,67.0,54.0,60.5,66.6,24,24,24
2024-02-15,KNEW,65.0,56.0,60.5,64.5,24,24,24
2024-02-16,KASD,63.0,54.0,58.8,63.1,24,24,24
2024-02-16,KBTR,67.0,58.0,62.4,66.6,24,24,24
2024-02-16,KHUM,64.4,56.0,60.5,64.8,20,20,24
2024-02-16,KMSY,64.0,57.0,60.9,64.2,24,24,24
2024-02-16,KNEW,66.0,59.0,62.0,66.0,24,24,24
2024-02-17,KASD,61.0,43.0,50.2,61.1,24,24,24
2024-02-17,KBTR,62.0,41.0,47.8,62.1,24,24,24
2024-02-17,KHUM,61.0,43.0,51.3,61.2,22,22,24
2024-02-17,KMSY,61.0,45.0,51.2,61.2,24,24,24
2024-02-17,KNEW,62.0,46.0,52.7,62.1,24,24,24
2024-02-18,KASD,58.0,36.0,45.1,56.2,24,24,24
2024-02-18,KBTR,59.0,35.0,45.4,57.2,24,24,24
2024-02-18,KHUM,55.4,37.4,45.0,53.8,23,23,24
2024-02-18,KMSY,56.0,41.0,47.2,54.4,24,24,24
2024-02-18,KNEW,57.0,42.0,49.8,55.5,24,24,24
2024-02-19,KASD,61.0,30.0,45.5,59.5,24,24,24
2024-02-19,KBTR,63.0,32.0,48.5,61.6,24,24,24
2024-02-19,KHUM,60.8,35.6,47.4,59.5,23,23,24
2024-02-19,KMSY,62.0,43.0,51.7,60.7,24,24,24
2024-02-19,KNEW,61.0,47.0,53.3,59.8,24,24,24
2024-02-20,KASD,69.0,36.0,53.5,68.3,24,24,24
2024-02-20,KBTR,74.0,39.0,57.5,73.5,24,24,24
2024-02-20,KHUM,69.8,38.5,54.6,69.4,23,23,24
2024-02-20,KMSY,71.0,43.0,57.1,70.5,24,24,24
2024-02-20,KNEW,66.0,46.0,57.7,65.6,24,24,24
2024-02-21,KASD,74.0,45.0,58.8,73.6,24,24,24
2024-02-21,KBTR,77.0,47.0,63.2,76.8,24,24,24
2024-02-21,KHUM,69.8,43.0,57.4,69.7,22,22,24
2024-02-21,KMSY,72.0,49.0,60.3,71.8,24,24,24
2024-02-21,KNEW,74.0,51.0,62.6,73.6,24,24,24
2024-02-22,KASD,76.0,53.0,65.3,75.9,24,24,24
2024-02-22,KBTR,79.0,58.0,68.5,78.9,24,24,24
2024-02-22,KHUM,71.6,50.7,64.5,71.8,23,23,24
2024-02-22,KMSY,75.0,53.0,65.5,75.0,24,24,24
2024-02-22,KNEW,75.0,56.0,66.4,75.0,24,24,24
2024-02-23,KASD,78.0,50.0,67.2,77.4,24,24,24
2024-02-23,KBTR,77.0,57.0,68.7,76.4,24,24,24
2024-02-23,KHUM,77.0,55.8,67.6,76.6,23,23,24
2024-02-23,KMSY,76.0,58.0,68.2,75.5,24,24,24
2024-02-23,KNEW,70.0,62.0,65.3,69.8,24,24,24
2024-02-24,KASD,78.0,43.0,58.4,77.2,24,24,24
2024-02-24,KBTR,78.0,46.0,61.9,77.1,24,24,24
2024-02-24,KHUM,75.2,46.4,61.2,74.3,23,23,24
2024-02-24,KMSY,76.0,48.0,63.0,75.2,24,24,24
2024-02-24,KNEW,71.0,59.0,63.9,70.5,24,24,24
2024-02-25,KASD,74.0,38.0,58.2,73.4,24,24,24
2024-02-25,KBTR,79.0,42.0,61.7,78.4,24,24,24
2024-02-25,KHUM,73.4,42.8,58.8,72.9,23,23,24
2024-02-25,KMSY,75.0,49.0,62.2,74.3,24,24,24
2024-02-25,KNEW,76.0,52.0,64.5,75.3,24,24,24
2024-02-26,KASD,79.0,48.0,65.2,78.9,24,24,24
2024-02-26,KBTR,80.0,51.0,67.7,80.9,24,24,24
2024-02-26,KHUM,75.2,52.0,65.6,75.3,22,22,24
2024-02-26,KMSY,80.0,54.0,67.5,79.9,24,24,24
2024-02-26,KNEW,79.0,57.0,68.6,79.0,24,24,24
2024-02-27,KASD,80.0,66.0,71.8,81.4,24,24,24
2024-02-27,KBTR,84.0,69.0,74.9,84.3,24,24,24
2024-02-27,KHUM,77.0,66.2,71.0,77.1,23,23,24
2024-02-27,KMSY,79.0,66.0,71.8,79.3,24,24,24
2024-02-27,KNEW,78.0,68.0,72.8,78.3,24,24,24
2024-02-28,KASD,79.0,58.0,69.7,79.3,24,24,24
2024-02-28,KBTR,78.0,54.0,68.8,78.4,24,24,24
2024-02-28,KHUM,78.8,59.4,70.0,79.0,23,23,24
2024-02-28,KMSY,80.0,59.0,69.4,82.1,24,24,24
2024-02-28,KNEW,78.0,61.0,69.8,78.2,24,24,24
2024-02-29,KASD,59.0,49.0,55.6,57.5,24,24,24
2024-02-29,KBTR,59.0,54.0,55.8,57.5,24,24,24
2024-02-29,KHUM,60.8,52.0,57.6,59.9,22,22,24
2024-02-29,KMSY,59.0,52.0,57.5,57.8,24,24,24
2024-02-29,KNEW,61.0,54.0,58.3,59.8,24,24,24
2024-03-01,KASD,64.0,48.0,57.5,64.2,24,24,24
2024-03-01,KBTR,60.0,46.0,53.0,59.7,24,24,24
2024-03-01,KHUM,66.2,51.0,58.0,66.6,22,22,24
2024-03-01,KMSY,61.0,53.0,57.8,61.2,24,24,24
2024-03-01,KNEW,66.0,53.0,60.4,66.3,24,24,24
2024-03-02,KASD,70.0,55.0,62.4,70.1,24,24,24
2024-03-02,KBTR,75.0,55.0,63.9,75.1,24,24,24
2024-03-02,KHUM,69.8,57.6,62.4,70.0,23,23,24
2024-03-02,KMSY,66.0,58.0,61.5,66.2,24,24,24
2024-03-02,KNEW,65.0,58.0,62.4,65.2,24,24,24
2024-03-03,KASD,78.0,63.0,69.2,78.2,24,24,24
2024-03-03,KBTR,80.0,65.0,71.1,81.8,24,24,24
2024-03-03,KHUM,77.0,62.0,69.2,77.7,23,23,24
2024-03-03,KMSY,79.0,63.0,70.1,79.5,24,24,24
2024-03-03,KNEW,77.0,64.0,69.2,77.3,24,24,24
2024-03-04,KASD,72.0,64.0,68.4,72.5,24,24,24
2024-03-04,KBTR,75.0,67.0,69.8,75.5,24,24,24
2024-03-04,KHUM,77.0,66.2,70.7,77.7,23,23,24
2024-03-04,KMSY,74.0,66.0,69.4,74.6,24,24,24
2024-03-04,KNEW,71.0,66.0,68.3,71.5,24,24,24
2024-03-05,KASD,72.0,59.0,66.8,72.3,24,24,24
2024-03-05,KBTR,72.0,63.0,66.9,72.2,24,24,24
2024-03-05,KHUM,71.6,61.0,67.2,72.1,20,20,24
2024-03-05,KMSY,72.0,61.0,66.8,72.4,24,24,24
2024-03-05,KNEW,73.0,61.0,67.8,73.3,24,24,24
2024-03-06,KASD,82.0,58.0,67.5,81.4,24,24,24
2024-03-06,KBTR,84.0,57.0,69.1,83.1,24,24,24
2024-03-06,KHUM,78.8,59.0,69.0,78.9,19,19,24
2024-03-06,KMSY,78.0,59.0,67.9,78.1,24,24,24
2024-03-06,KNEW,73.0,63.0,67.5,73.2,24,24,24
2024-03-07,KASD,79.0,56.0,67.1,79.0,24,24,24
2024-03-07,KBTR,83.0,61.0,70.9,81.9,24,24,24
2024-03-07,KHUM,77.0,57.0,67.8,77.1,23,23,24
2024-03-07,KMSY,79.0,60.0,69.6,79.0,24,24,24
2024-03-07,KNEW,80.0,65.0,71.0,80.0,23,23,24
2024-03-08,KASD,78.0,64.0,70.7,78.6,24,24,24
2024-03-08,KBTR,82.0,64.0,71.9,86.3,24,24,24
2024-03-08,KHUM,78.8,67.6,73.3,79.8,23,23,24
2024-03-08,KMSY,77.0,66.0,72.2,77.7,24,24,24
2024-03-08,KNEW,79.0,67.0,73.5,79.7,24,24,24
2024-03-09,KASD,69.0,56.0,63.8,68.8,24,24,24
2024-03-09,KBTR,68.0,57.0,63.3,67.8,24,24,24
2024-03-09,KHUM,67.6,56.7,63.6,68.1,22,22,24
2024-03-09,KMSY,68.0,58.0,64.5,67.9,24,24,24
2024-03-09,KNEW,69.0,59.0,65.8,68.9,24,24,24
2024-03-10,KASD,70.0,46.0,57.1,69.0,23,23,23
2024-03-10,KBTR,70.0,47.0,58.8,69.1,23,23,23
2024-03-10,KHUM,64.4,48.2,56.5,64.7,20,20,23
2024-03-10,KMSY,67.0,54.0,60.1,66.2,23,23,23
2024-03-10,KNEW,67.0,55.0,61.0,66.3,23,23,23
2024-03-11,KASD,68.0,45.0,55.3,67.0,24,24,24
2024-03-11,KBTR,72.0,52.0,60.0,70.9,24,24,24
2024-03-11,KHUM,69.8,48.2,57.7,69.2,24,24,24
2024-03-11,KMSY,67.0,56.0,61.1,66.3,24,24,24
2024-03-11,KNEW,67.0,57.0,61.8,66.4,24,24,24
2024-03-12,KASD,73.0,42.0,58.7,72.5,24,24,24
2024-03-12,KBTR,77.0,48.0,63.0,76.8,24,24,24
2024-03-12,KHUM,73.4,48.2,61.4,73.3,24,24,24
2024-03-12,KMSY,73.0,50.0,62.8,72.8,24,24,24
2024-03-12,KNEW,72.0,55.0,63.5,71.8,24,24,24
2024-03-13,KASD,75.0,54.0,64.8,74.9,24,24,24
2024-03-13,KBTR,82.0,61.0,70.9,83.8,24,24,24
2024-03-13,KHUM,75.2,59.0,68.0,75.4,24,24,24
2024-03-13,KMSY,77.0,61.0,68.1,77.1,24,24,24
2024-03-13,KNEW,77.0,61.0,69.0,77.0,24,24,24
2024-03-14,KASD,82.0,60.0,72.4,86.8,24,24,24
2024-03-14,KBTR,87.0,66.0,78.8,91.2,17,17,24
2024-03-14,KHUM,80.6,69.0,74.6,85.3,23,23,24
2024-03-14,KMSY,82.0,66.0,74.6,87.4,24,24,24
2024-03-14,KNEW,84.0,67.0,75.9,89.6,24,24,24
2024-03-15,KASD,82.0,63.0,71.5,86.3,22,22,24
2024-03-15,KBTR,81.0,64.0,73.2,85.3,24,24,24
2024-03-15,KHUM,80.6,65.0,73.0,84.6,22,22,24
2024-03-15,KMSY,81.0,65.0,73.3,86.8,24,24,24
2024-03-15,KNEW,80.0,66.0,73.4,83.8,24,24,24
2024-03-16,KASD,78.0,61.0,68.1,78.3,24,24,24
2024-03-16,KBTR,81.0,62.0,71.0,82.0,24,24,24
2024-03-16,KHUM,78.8,62.2,69.1,79.2,24,24,24
2024-03-16,KMSY,79.0,64.0,70.2,79.0,24,24,24
2024-03-16,KNEW,78.0,66.0,70.4,78.1,24,24,24
2024-03-17,KASD,69.0,61.0,64.5,69.1,24,24,24
2024-03-17,KBTR,75.0,64.0,67.8,75.1,24,24,24
2024-03-17,KHUM,69.8,63.7,66.3,70.5,23,23,24
2024-03-17,KMSY,69.0,64.0,67.2,69.6,24,24,24
2024-03-17,KNEW,71.0,66.0,68.4,71.5,24,24,24
2024-03-18,KASD,70.0,49.0,61.2,68.9,24,24,24
2024-03-18,KBTR,69.0,50.0,61.8,68.1,24,24,24
2024-03-18,KHUM,68.0,51.4,62.1,67.0,23,23,24
2024-03-18,KMSY,69.0,53.0,62.8,67.9,24,24,24
2024-03-18,KNEW,69.0,54.0,63.8,68.1,24,24,24
2024-03-19,KASD,62.0,36.0,49.2,60.7,24,24,24
2024-03-19,KBTR,64.0,38.0,51.3,62.7,24,24,24
2024-03-19,KHUM,60.8,42.8,51.4,59.4,24,24,24
2024-03-19,KMSY,59.0,44.0,52.4,57.2,24,24,24
2024-03-19,KNEW,59.0,47.0,53.7,57.6,24,24,24
2024-03-20,KASD,68.0,40.0,54.9,67.0,24,24,24
2024-03-20,KBTR,72.0,43.0,57.9,71.2,24,24,24
2024-03-20,KHUM,66.2,42.8,55.2,65.2,24,24,24
2024-03-20,KMSY,69.0,47.0,58.3,68.3,24,24,24
2024-03-20,KNEW,68.0,54.0,60.9,67.3,24,24,24
2024-03-21,KASD,68.0,46.0,57.0,67.3,22,22,24
2024-03-21,KBTR,66.0,49.0,56.9,65.4,22,22,24
2024-03-21,KHUM,64.4,48.0,56.9,64.2,22,22,24
2024-03-21,KMSY,67.0,52.0,59.3,66.2,22,22,24
2024-03-21,KNEW,67.0,55.0,61.9,66.4,24,24,24
2024-03-22,KASD,77.0,56.0,64.7,76.8,24,24,24
2024-03-22,KBTR,74.0,55.0,63.6,73.9,24,24,24
2024-03-22,KHUM,77.0,59.4,66.4,77.0,24,24,24
2024-03-22,KMSY,77.0,59.0,67.6,77.0,24,24,24
2024-03-22,KNEW,76.0,63.0,68.2,76.1,24,24,24
2024-03-23,KASD,77.0,56.0,65.3,76.6,24,24,24
2024-03-23,KBTR,76.0,56.0,64.5,75.5,24,24,24
2024-03-23,KHUM,73.4,55.4,63.7,73.2,24,24,24
2024-03-23,KMSY,75.0,59.0,65.8,74.6,24,24,24
2024-03-23,KNEW,73.0,61.0,66.8,72.9,24,24,24
2024-03-24,KASD,68.0,46.0,59.9,67.8,24,24,24
2024-03-24,KBTR,71.0,48.0,60.0,70.6,24,24,24
2024-03-24,KHUM,71.6,51.8,62.3,71.5,22,22,24
2024-03-24,KMSY,71.0,57.0,64.7,70.9,24,24,24
2024-03-24,KNEW,72.0,58.0,65.2,71.8,24,24,24
2024-03-25,KASD,75.0,66.0,71.3,75.3,24,24,24
2024-03-25,KBTR,77.0,64.0,72.1,77.4,24,24,24
2024-03-25,KHUM,75.2,67.5,71.5,75.8,22,22,24
2024-03-25,KMSY,77.0,67.0,72.4,77.4,24,24,24
2024-03-25,KNEW,76.0,68.0,72.8,76.4,24,24,24
2024-03-26,KASD,77.0,56.0,65.8,76.7,24,24,24
2024-03-26,KBTR,76.0,57.0,64.6,75.7,24,24,24
2024-03-26,KHUM,75.2,57.2,66.1,74.9,22,22,24
2024-03-26,KMSY,74.0,60.0,66.7,73.9,24,24,24
2024-03-26,KNEW,75.0,60.0,68.0,75.6,24,24,24
2024-03-27,KASD,73.0,51.0,61.3,72.3,24,24,24
2024-03-27,KBTR,70.0,52.0,59.4,69.3,24,24,24
2024-03-27,KHUM,69.8,54.3,61.5,69.3,22,22,24
2024-03-27,KMSY,69.0,61.0,64.0,68.5,24,24,24
2024-03-27,KNEW,72.0,62.0,66.1,71.7,24,24,24
2024-03-28,KASD,75.0,45.0,59.1,74.0,24,24,24
2024-03-28,KBTR,75.0,46.0,59.0,74.2,24,24,24
2024-03-28,KHUM,71.6,48.2,58.9,70.7,24,24,24
2024-03-28,KMSY,72.0,54.0,61.5,71.1,24,24,24
2024-03-28,KNEW,70.0,56.0,63.1,69.3,24,24,24
2024-03-29,KASD,74.0,42.0,58.8,73.3,24,24,24
2024-03-29,KBTR,77.0,46.0,61.9,76.4,24,24,24
2024-03-29,KHUM,73.4,48.2,60.9,72.8,24,24,24
2024-03-29,KMSY,74.0,51.0,63.8,73.3,24,24,24
2024-03-29,KNEW,75.0,54.0,66.3,74.4,24,24,24
2024-03-30,KASD,78.0,50.0,65.7,78.0,24,24,24
2024-03-30,KBTR,80.0,54.0,67.9,80.0,24,24,24
2024-03-30,KHUM,78.8,55.2,66.8,78.9,23,23,24
2024-03-30,KMSY,78.0,59.0,68.5,78.1,24,24,24
2024-03-30,KNEW,79.0,62.0,70.2,79.1,24,24,24
2024-03-31,KASD,79.0,64.0,72.0,79.3,24,24,24
2024-03-31,KBTR,81.0,66.0,73.8,82.5,24,24,24
2024-03-31,KHUM,78.8,66.2,72.4,79.2,23,23,24
2024-03-31,KMSY,79.0,67.0,72.9,79.4,24,24,24
2024-03-31,KNEW,80.0,69.0,74.2,82.6,24,24,24
2024-04-01,KASD,81.0,70.0,75.1,83.8,24,24,24
2024-04-01,KBTR,83.0,71.0,76.3,85.6,24,24,24
2024-04-01,KHUM,78.8,66.2,74.1,79.4,23,23,24
2024-04-01,KMSY,80.0,70.0,75.0,83.1,24,24,24
2024-04-01,KNEW,82.0,72.0,76.6,85.3,24,24,24
2024-04-02,KASD,82.0,70.0,75.9,86.8,24,24,24
2024-04-02,KBTR,85.0,66.0,74.9,87.7,24,24,24
2024-04-02,KHUM,78.8,71.6,74.9,79.6,22,22,24
2024-04-02,KMSY,82.0,71.0,76.2,86.8,24,24,24
2024-04-02,KNEW,82.0,74.0,77.6,87.4,24,24,24
2024-04-03,KASD,75.0,57.0,65.7,74.2,24,24,24
2024-04-03,KBTR,74.0,54.0,64.3,73.3,24,24,24
2024-04-03,KHUM,73.4,57.2,65.7,72.6,19,19,24
2024-04-03,KMSY,73.0,59.0,65.5,73.5,24,24,24
2024-04-03,KNEW,74.0,61.0,67.9,74.5,24,24,24
2024-04-04,KASD,77.0,42.0,60.5,76.2,24,24,24
2024-04-04,KBTR,77.0,44.0,63.2,76.2,24,24,24
2024-04-04,KHUM,73.4,46.4,63.6,72.6,19,19,24
2024-04-04,KMSY,76.0,57.0,66.3,75.2,23,23,24
2024-04-04,KNEW,75.0,61.0,67.8,74.4,24,24,24
2024-04-05,KASD,81.0,50.0,65.5,79.6,24,24,24
2024-04-05,KBTR,83.0,55.0,68.0,81.0,24,24,24
2024-04-05,KHUM,82.4,57.2,69.0,82.1,24,24,24
2024-04-05,KMSY,82.0,59.0,69.5,81.0,24,24,24
2024-04-05,KNEW,79.0,64.0,70.9,78.6,24,24,24
2024-04-06,KASD,75.0,50.0,63.6,74.5,24,24,24
2024-04-06,KBTR,81.0,54.0,67.2,80.6,24,24,24
2024-04-06,KHUM,78.8,57.0,67.8,79.1,23,23,24
2024-04-06,KMSY,79.0,60.0,69.4,78.8,24,24,24
2024-04-06,KNEW,76.0,65.0,70.5,75.8,24,24,24
2024-04-07,KASD,79.0,60.0,70.5,79.2,24,24,24
2024-04-07,KBTR,80.0,64.0,72.9,82.1,24,24,24
2024-04-07,KHUM,78.8,63.0,72.1,79.2,24,24,24
2024-04-07,KMSY,79.0,66.0,72.9,79.2,24,24,24
2024-04-07,KNEW,80.0,67.0,74.0,81.8,24,24,24
2024-04-08,KASD,74.0,69.0,71.2,74.3,24,24,24
2024-04-08,KBTR,77.0,69.0,71.7,77.4,24,24,24
2024-04-08,KHUM,77.0,71.6,73.7,77.7,24,24,24
2024-04-08,KMSY,76.0,70.0,72.6,76.4,24,24,24
2024-04-08,KNEW,76.0,72.0,73.5,76.2,24,24,24
2024-04-09,KASD,76.0,72.0,73.8,76.4,24,24,24
2024-04-09,KBTR,81.0,70.0,75.2,83.4,24,24,24
2024-04-09,KHUM,80.6,72.0,76.0,85.3,24,24,24
2024-04-09,KMSY,81.0,71.0,75.2,84.5,24,24,24
2024-04-09,KNEW,81.0,72.0,75.6,83.8,24,24,24
2024-04-10,KASD,74.0,66.0,70.7,74.5,22,22,24
2024-04-10,KBTR,74.0,63.0,69.5,74.3,24,24,24
2024-04-10,KHUM,77.0,64.4,72.1,77.8,21,21,24
2024-04-10,KMSY,73.0,65.0,70.0,73.8,24,24,24
2024-04-10,KNEW,76.0,66.0,71.5,76.7,24,24,24
2024-04-11,KASD,74.0,58.0,65.2,73.4,24,24,24
2024-04-11,KBTR,77.0,60.0,66.2,76.5,24,24,24
2024-04-11,KHUM,75.2,56.0,64.4,74.7,24,24,24
2024-04-11,KMSY,74.0,61.0,65.6,73.7,24,24,24
2024-04-11,KNEW,74.0,64.0,68.5,73.9,24,24,24
2024-04-12,KASD,80.0,50.0,64.8,79.4,24,24,24
2024-04-12,KBTR,81.0,49.0,65.7,79.4,24,24,24
2024-04-12,KHUM,77.0,50.0,64.5,76.3,24,24,24
2024-04-12,KMSY,77.0,61.0,68.0,76.3,24,24,24
2024-04-12,KNEW,75.0,65.0,70.4,74.7,24,24,24
2024-04-13,KASD,81.0,49.0,65.7,79.8,24,24,24
2024-04-13,KBTR,83.0,50.0,68.0,81.2,24,24,24
2024-04-13,KHUM,78.8,53.6,65.6,78.6,24,24,24
2024-04-13,KMSY,80.0,56.0,68.7,79.8,24,24,24
2024-04-13,KNEW,81.0,60.0,71.0,80.7,24,24,24
2024-04-14,KASD,80.0,52.0,67.5,79.9,24,24,24
2024-04-14,KBTR,84.0,56.0,70.5,83.5,24,24,24
2024-04-14,KHUM,78.8,57.2,68.4,79.0,24,24,24
2024-04-14,KMSY,79.0,60.0,70.5,79.0,24,24,24
2024-04-14,KNEW,83.0,64.0,72.9,82.3,24,24,24
2024-04-15,KASD,82.0,56.0,70.8,83.2,24,24,24
2024-04-15,KBTR,84.0,60.0,72.9,85.4,24,24,24
2024-04-15,KHUM,80.6,60.8,71.8,82.8,24,24,24
2024-04-15,KMSY,81.0,65.0,73.2,83.1,24,24,24
2024-04-15,KNEW,84.0,66.0,75.0,85.4,24,24,24
2024-04-16,KASD,81.0,67.0,74.7,83.4,24,24,24
2024-04-16,KBTR,86.0,71.0,76.9,88.3,24,24,24
2024-04-16,KHUM,80.6,70.0,75.1,83.9,23,23,24
2024-04-16,KMSY,81.0,70.0,75.3,83.4,24,24,24
2024-04-16,KNEW,84.0,72.0,76.6,87.2,24,24,24
2024-04-17,KASD,81.0,71.0,75.8,83.8,24,24,24
2024-04-17,KBTR,81.0,72.0,75.8,84.1,24,24,24
2024-04-17,KHUM,80.6,71.6,75.8,83.9,24,24,24
2024-04-17,KMSY,81.0,72.0,75.8,84.5,24,24,24
2024-04-17,KNEW,83.0,74.0,77.2,86.5,24,24,24
2024-04-18,KASD,81.0,70.0,76.0,84.5,24,24,24
2024-04-18,KBTR,82.0,70.0,76.8,85.8,24,24,24
2024-04-18,KHUM,80.6,69.8,75.4,84.6,23,23,24
2024-04-18,KMSY,81.0,73.0,76.6,84.9,24,24,24
2024-04-18,KNEW,83.0,74.0,78.4,87.1,24,24,24
2024-04-19,KASD,86.0,68.0,77.1,88.8,23,23,24
2024-04-19,KBTR,88.0,72.0,78.7,91.7,24,24,24
2024-04-19,KHUM,84.2,69.8,76.2,88.4,23,23,24
2024-04-19,KMSY,85.0,71.0,77.3,89.5,23,23,24
2024-04-19,KNEW,85.0,73.0,78.8,90.2,24,24,24
2024-04-20,KASD,87.0,68.0,77.4,89.4,24,24,24
2024-04-20,KBTR,88.0,65.0,75.7,92.4,24,24,24
2024-04-20,KHUM,82.4,71.0,76.0,87.2,24,24,24
2024-04-20,KMSY,84.0,72.0,77.8,89.6,24,24,24
2024-04-20,KNEW,85.0,74.0,79.2,89.5,24,24,24
2024-04-21,KASD,72.0,57.0,63.5,71.6,24,24,24
2024-04-21,KBTR,72.0,56.0,62.2,71.4,24,24,24
2024-04-21,KHUM,73.8,58.5,64.5,74.4,24,24,24
2024-04-21,KMSY,72.0,60.0,65.6,71.6,24,24,24
2024-04-21,KNEW,74.0,62.0,67.5,73.7,24,24,24
2024-04-22,KASD,74.0,46.0,59.4,73.1,24,24,24
2024-04-22,KBTR,73.0,47.0,60.0,72.1,24,24,24
2024-04-22,KHUM,69.8,51.8,59.3,68.8,22,22,24
2024-04-22,KMSY,70.0,57.0,62.9,69.1,24,24,24
2024-04-22,KNEW,71.0,58.0,64.1,70.2,24,24,24
2024-04-23,KASD,76.0,43.0,62.0,75.6,24,24,24
2024-04-23,KBTR,79.0,47.0,64.8,78.6,24,24,24
2024-04-23,KHUM,75.2,46.4,62.6,74.9,24,24,24
2024-04-23,KMSY,76.0,50.0,65.2,75.7,24,24,24
2024-04-23,KNEW,78.0,57.0,69.0,77.6,24,24,24
2024-04-24,KASD,81.0,51.0,67.7,80.9,24,24,24
2024-04-24,KBTR,84.0,57.0,71.2,84.6,24,24,24
2024-04-24,KHUM,80.6,57.2,69.0,82.3,23,23,24
2024-04-24,KMSY,82.0,59.0,71.3,82.2,24,24,24
2024-04-24,KNEW,82.0,66.0,73.7,81.6,24,24,24
2024-04-25,KASD,83.0,58.0,70.8,83.5,24,24,24
2024-04-25,KBTR,86.0,62.0,74.7,86.5,24,24,24
2024-04-25,KHUM,80.6,60.8,71.4,82.3,24,24,24
2024-04-25,KMSY,82.0,66.0,73.8,84.1,24,24,24
2024-04-25,KNEW,84.0,68.0,75.9,84.3,24,24,24
2024-04-26,KASD,83.0,61.0,73.2,84.8,24,24,24
2024-04-26,KBTR,87.0,66.0,77.2,88.8,24,24,24
2024-04-26,KHUM,82.4,70.0,75.9,88.3,24,24,24
2024-04-26,KMSY,84.0,69.0,76.4,87.7,24,24,24
2024-04-26,KNEW,84.0,71.0,77.5,86.7,24,24,24
2024-04-27,KASD,83.0,71.0,76.6,86.1,24,24,24
2024-04-27,KBTR,87.0,71.0,78.0,88.8,24,24,24
2024-04-27,KHUM,82.4,71.6,77.0,87.2,23,23,24
2024-04-27,KMSY,83.0,73.0,77.6,87.1,24,24,24
2024-04-27,KNEW,83.0,75.0,78.3,86.1,24,24,24
2024-04-28,KASD,81.0,73.0,75.6,84.1,24,24,24
2024-04-28,KBTR,87.0,71.0,77.8,88.9,24,24,24
2024-04-28,KHUM,82.4,71.6,76.4,88.3,23,23,24
2024-04-28,KMSY,83.0,73.0,77.3,87.6,24,24,24
2024-04-28,KNEW,83.0,74.0,77.9,86.5,24,24,24
2024-04-29,KASD,77.0,65.0,71.0,77.7,24,24,24
2024-04-29,KBTR,75.0,62.0,68.6,75.4,24,24,24
2024-04-29,KHUM,78.8,62.8,70.1,79.7,22,22,24
2024-04-29,KMSY,79.0,65.0,71.8,79.7,24,24,24
2024-04-29,KNEW,80.0,69.0,74.1,83.1,24,24,24
2024-04-30,KASD,88.0,60.0,72.8,87.7,23,23,24
2024-04-30,KBTR,87.0,60.0,72.7,87.4,24,24,24
2024-04-30,KHUM,84.2,60.8,73.5,89.6,23,23,24
2024-04-30,KMSY,85.0,64.0,73.9,84.6,24,24,24
2024-04-30,KNEW,83.0,69.0,76.7,85.6,24,24,24
2024-05-01,KASD,86.0,60.0,74.7,88.3,24,24,24
2024-05-01,KBTR,91.0,63.0,78.0,92.0,24,24,24
2024-05-01,KHUM,84.2,64.4,75.3,90.9,24,24,24
2024-05-01,KMSY,86.0,68.0,77.5,90.7,24,24,24
2024-05-01,KNEW,89.0,73.0,80.4,92.1,24,24,24
2024-05-02,KASD,85.0,67.0,76.9,88.9,24,24,24
2024-05-02,KBTR,82.0,73.0,77.3,86.8,24,24,24
2024-05-02,KHUM,82.4,73.6,77.5,86.2,23,23,24
2024-05-02,KMSY,83.0,75.0,78.5,88.2,24,24,24
2024-05-02,KNEW,86.0,77.0,80.5,90.7,24,24,24
2024-05-03,KASD,79.0,67.0,74.3,79.3,24,24,24
2024-05-03,KBTR,81.0,69.0,73.9,83.8,24,24,24
2024-05-03,KHUM,76.0,68.0,72.4,76.8,23,23,24
2024-05-03,KMSY,79.0,71.0,74.5,79.3,24,24,24
2024-05-03,KNEW,79.0,74.0,76.8,79.7,24,24,24
2024-05-04,KASD,86.0,65.0,76.4,90.7,24,24,24
2024-05-04,KBTR,89.0,66.0,75.6,93.9,24,24,24
2024-05-04,KHUM,82.4,67.3,74.6,88.3,23,23,24
2024-05-04,KMSY,86.0,71.0,78.1,90.9,24,24,24
2024-05-04,KNEW,87.0,74.0,80.3,91.9,24,24,24
2024-05-05,KASD,86.0,66.0,77.6,89.6,24,24,24
2024-05-05,KBTR,88.0,71.0,78.7,93.9,24,24,24
2024-05-05,KHUM,84.2,70.5,76.9,90.9,24,24,24
2024-05-05,KMSY,85.0,73.0,78.9,88.9,24,24,24
2024-05-05,KNEW,87.0,75.0,81.1,90.7,24,24,24
2024-05-06,KASD,88.0,73.0,80.3,93.9,24,24,24
2024-05-06,KBTR,90.0,70.0,80.0,95.5,24,24,24
2024-05-06,KHUM,86.0,71.6,78.2,93.4,22,22,24
2024-05-06,KMSY,86.0,75.0,80.7,92.2,24,24,24
2024-05-06,KNEW,90.0,77.0,82.7,97.0,24,24,24
2024-05-07,KASD,87.0,78.0,82.1,94.4,24,24,24
2024-05-07,KBTR,89.0,78.0,82.5,96.0,24,24,24
2024-05-07,KHUM,84.2,78.0,80.7,96.1,24,24,24
2024-05-07,KMSY,87.0,78.0,81.8,97.5,24,24,24
2024-05-07,KNEW,89.0,79.0,83.4,97.0,24,24,24
2024-05-08,KASD,89.0,80.0,83.5,98.1,24,24,24
2024-05-08,KBTR,91.0,79.0,84.8,100.7,24,24,24
2024-05-08,KHUM,86.0,78.6,81.4,95.2,24,24,24
2024-05-08,KMSY,87.0,79.0,82.5,98.7,24,24,24
2024-05-08,KNEW,91.0,80.0,84.2,100.7,24,24,24
2024-05-09,KASD,90.0,79.0,84.3,101.8,24,24,24
2024-05-09,KBTR,91.0,80.0,85.2,101.9,24,24,24
2024-05-09,KHUM,87.8,78.8,82.1,102.4,24,24,24
2024-05-09,KMSY,89.0,78.0,83.2,104.6,24,24,24
2024-05-09,KNEW,92.0,80.0,85.2,104.5,24,24,24
2024-05-10,KASD,90.0,73.0,80.3,95.1,24,24,24
2024-05-10,KBTR,91.0,75.0,82.6,93.7,24,24,24
2024-05-10,KHUM,89.6,75.4,82.0,108.1,24,24,24
2024-05-10,KMSY,88.0,79.0,83.0,94.8,24,24,24
2024-05-10,KNEW,91.0,79.0,83.5,100.7,24,24,24
2024-05-11,KASD,84.0,66.0,73.5,83.1,24,24,24
2024-05-11,KBTR,86.0,69.0,76.7,84.7,23,23,24
2024-05-11,KHUM,82.4,67.5,74.7,82.5,24,24,24
2024-05-11,KMSY,83.0,72.0,77.0,82.3,24,24,24
2024-05-11,KNEW,83.0,73.0,77.9,82.7,24,24,24
2024-05-12,KASD,83.0,67.0,74.1,84.4,24,24,24
2024-05-12,KBTR,81.0,68.0,73.2,82.8,24,24,24
2024-05-12,KHUM,82.4,68.7,76.5,84.6,24,24,24
2024-05-12,KMSY,82.0,73.0,77.6,83.5,24,24,24
2024-05-12,KNEW,84.0,76.0,79.6,85.8,24,24,24
2024-05-13,KASD,80.0,68.0,74.3,86.5,24,24,24
2024-05-13,KBTR,80.0,68.0,74.8,83.5,24,24,24
2024-05-13,KHUM,82.4,68.0,77.1,95.0,23,23,24
2024-05-13,KMSY,84.0,69.0,76.0,92.9,24,24,24
2024-05-13,KNEW,85.0,72.0,77.8,93.5,24,24,24
2024-05-14,KASD,86.0,71.0,77.6,89.4,24,24,24
2024-05-14,KBTR,87.0,69.0,76.8,90.5,24,24,24
2024-05-14,KHUM,84.2,70.0,77.0,89.6,24,24,24
2024-05-14,KMSY,86.0,71.0,78.0,90.0,24,24,24
2024-05-14,KNEW,85.0,72.0,79.4,90.2,24,24,24
2024-05-15,KASD,90.0,69.0,78.2,88.9,24,24,24
2024-05-15,KBTR,89.0,65.0,77.1,89.0,24,24,24
2024-05-15,KHUM,89.6,69.0,78.7,91.2,24,24,24
2024-05-15,KMSY,89.0,72.0,79.9,88.8,24,24,24
2024-05-15,KNEW,86.0,76.0,81.6,88.8,24,24,24
2024-05-16,KASD,89.0,64.0,76.4,93.5,24,24,24
2024-05-16,KBTR,91.0,66.0,77.1,95.9,24,24,24
2024-05-16,KHUM,87.8,67.6,76.8,90.3,24,24,24
2024-05-16,KMSY,88.0,71.0,79.1,91.7,24,24,24
2024-05-16,KNEW,89.0,74.0,81.1,92.1,24,24,24
2024-05-17,KASD,86.0,67.0,79.3,97.2,24,24,24
2024-05-17,KBTR,77.0,68.0,74.4,77.8,24,24,24
2024-05-17,KHUM,84.2,70.0,78.6,98.5,23,23,24
2024-05-17,KMSY,87.0,72.0,80.1,100.0,24,24,24
2024-05-17,KNEW,88.0,73.0,82.0,101.6,21,21,24
2024-05-18,KASD,83.0,71.0,76.7,86.5,24,24,24
2024-05-18,KBTR,88.0,71.0,78.9,91.7,24,24,24
2024-05-18,KHUM,82.4,68.0,74.9,85.4,24,24,24
2024-05-18,KMSY,83.0,70.0,76.5,88.2,24,24,24
2024-05-18,KNEW,84.0,72.0,78.3,88.3,24,24,24
2024-05-19,KASD,91.0,68.0,80.1,96.7,24,24,24
2024-05-19,KBTR,95.0,71.0,82.6,98.6,24,24,24
2024-05-19,KHUM,89.6,66.2,78.8,95.9,24,24,24
2024-05-19,KMSY,91.0,71.0,81.0,94.4,24,24,24
2024-05-19,KNEW,88.0,75.0,81.5,94.8,24,24,24
2024-05-20,KASD,88.0,70.0,79.2,91.2,24,24,24
2024-05-20,KBTR,91.0,76.0,83.6,93.7,24,24,24
2024-05-20,KHUM,87.8,69.8,78.9,92.7,24,24,24
2024-05-20,KMSY,88.0,74.0,81.6,93.9,24,24,24
2024-05-20,KNEW,89.0,76.0,82.8,94.3,24,24,24
2024-05-21,KASD,87.0,69.0,78.3,90.7,24,24,24
2024-05-21,KBTR,91.0,72.0,81.9,95.1,24,24,24
2024-05-21,KHUM,84.2,68.0,77.4,90.9,24,24,24
2024-05-21,KMSY,87.0,74.0,80.7,91.7,24,24,24
2024-05-21,KNEW,88.0,77.0,81.9,93.1,24,24,24
2024-05-22,KASD,86.0,69.0,78.4,91.5,24,24,24
2024-05-22,KBTR,90.0,73.0,81.9,99.4,24,24,24
2024-05-22,KHUM,84.2,71.6,78.4,94.2,24,24,24
2024-05-22,KMSY,86.0,75.0,80.7,93.1,24,24,24
2024-05-22,KNEW,88.0,76.0,81.7,93.9,24,24,24
2024-05-23,KASD,89.0,72.0,80.6,98.1,24,24,24
2024-05-23,KBTR,92.0,76.0,84.0,99.8,24,24,24
2024-05-23,KHUM,87.8,75.2,80.7,99.4,24,24,24
2024-05-23,KMSY,89.0,76.0,82.0,99.2,24,24,24
2024-05-23,KNEW,88.0,78.0,82.9,96.7,24,24,24
2024-05-24,KASD,90.0,75.0,83.8,98.3,24,24,24
2024-05-24,KBTR,92.0,79.0,84.9,99.8,24,24,24
2024-05-24,KHUM,87.8,78.8,82.1,105.1,22,22,24
2024-05-24,KMSY,89.0,79.0,83.5,99.2,24,24,24
2024-05-24,KNEW,91.0,79.0,84.5,99.6,24,24,24
2024-05-25,KASD,91.0,78.0,84.1,100.7,24,24,24
2024-05-25,KBTR,94.0,79.0,85.7,103.4,24,24,24
2024-05-25,KHUM,87.8,78.8,82.7,97.8,24,24,24
2024-05-25,KMSY,90.0,78.0,83.8,101.8,24,24,24
2024-05-25,KNEW,92.0,81.0,85.2,99.8,24,24,24
2024-05-26,KASD,91.0,79.0,84.7,99.6,24,24,24
2024-05-26,KBTR,92.0,79.0,84.9,100.8,24,24,24
2024-05-26,KHUM,87.8,79.0,82.9,102.4,23,23,24
2024-05-26,KMSY,90.0,79.0,83.6,99.4,24,24,24
2024-05-26,KNEW,91.0,79.0,84.8,100.7,24,24,24
2024-05-27,KASD,93.0,82.0,86.5,107.2,24,24,24
2024-05-27,KBTR,97.0,82.0,88.1,109.8,24,24,24
2024-05-27,KHUM,89.6,78.0,83.4,105.1,24,24,24
2024-05-27,KMSY,92.0,80.0,85.0,112.3,24,24,24
2024-05-27,KNEW,92.0,83.0,86.5,109.0,24,24,24
2024-05-28,KASD,95.0,74.0,84.1,100.7,24,24,24
2024-05-28,KBTR,95.0,69.0,82.4,101.3,24,24,24
2024-05-28,KHUM,91.4,69.4,79.1,108.3,24,24,24
2024-05-28,KMSY,96.0,72.0,83.3,106.0,24,24,24
2024-05-28,KNEW,95.0,79.0,86.1,105.8,24,24,24
2024-05-29,KASD,92.0,68.0,78.2,99.6,24,24,24
2024-05-29,KBTR,93.0,68.0,77.2,96.3,24,24,24
2024-05-29,KHUM,87.8,69.0,79.1,97.8,24,24,24
2024-05-29,KMSY,90.0,72.0,81.7,100.5,24,24,24
2024-05-29,KNEW,93.0,76.0,82.5,100.7,24,24,24
2024-05-30,KASD,86.0,70.0,76.3,92.2,24,24,24
2024-05-30,KBTR,90.0,70.0,79.8,94.4,24,24,24
2024-05-30,KHUM,89.6,75.2,81.0,97.8,24,24,24
2024-05-30,KMSY,86.0,72.0,80.8,94.5,24,24,24
2024-05-30,KNEW,86.0,78.0,81.6,96.0,24,24,24
2024-05-31,KASD,86.0,73.0,78.5,91.7,24,24,24
2024-05-31,KBTR,85.0,70.0,74.5,91.7,24,24,24
2024-05-31,KHUM,84.2,67.6,75.5,92.8,24,24,24
2024-05-31,KMSY,85.0,72.0,78.4,92.6,24,24,24
2024-05-31,KNEW,87.0,74.0,80.2,93.5,24,24,24
2024-06-01,KASD,90.0,73.0,79.5,100.5,24,24,24
2024-06-01,KBTR,91.0,73.0,78.9,100.7,24,24,24
2024-06-01,KHUM,89.6,73.4,79.7,100.2,24,24,24
2024-06-01,KMSY,90.0,75.0,79.8,104.5,24,24,24
2024-06-01,KNEW,91.0,73.0,80.5,106.0,24,24,24
2024-06-02,KASD,85.0,73.0,76.4,92.6,24,24,24
2024-06-02,KBTR,85.0,73.0,77.9,90.9,24,24,24
2024-06-02,KHUM,82.4,73.4,77.2,91.2,24,24,24
2024-06-02,KMSY,85.0,74.0,79.7,91.1,24,24,24
2024-06-02,KNEW,85.0,77.0,80.0,92.0,24,24,24
2024-06-03,KASD,89.0,74.0,81.8,97.0,24,24,24
2024-06-03,KBTR,90.0,70.0,81.6,100.5,24,24,24
2024-06-03,KHUM,87.8,73.4,80.7,99.4,24,24,24
2024-06-03,KMSY,89.0,77.0,83.1,100.4,24,24,24
2024-06-03,KNEW,91.0,79.0,84.1,98.5,24,24,24
2024-06-04,KASD,90.0,69.0,78.9,100.5,24,24,24
2024-06-04,KBTR,93.0,69.0,78.3,102.1,24,24,24
2024-06-04,KHUM,87.8,70.0,79.1,102.4,24,24,24
2024-06-04,KMSY,89.0,71.0,81.0,99.2,24,24,24
2024-06-04,KNEW,92.0,74.0,82.4,102.0,24,24,24
2024-06-05,KASD,91.0,69.0,80.4,100.7,24,24,24
2024-06-05,KBTR,88.0,69.0,78.5,96.4,24,24,24
2024-06-05,KHUM,87.8,77.0,82.2,105.1,24,24,24
2024-06-05,KMSY,90.0,75.0,82.9,104.5,24,24,24
2024-06-05,KNEW,91.0,77.0,84.2,101.9,24,24,24
2024-06-06,KASD,86.0,75.0,79.5,94.0,24,24,24
2024-06-06,KBTR,92.0,77.0,84.6,99.8,24,24,24
2024-06-06,KHUM,87.8,76.3,80.5,96.1,23,23,24
2024-06-06,KMSY,86.0,78.0,80.9,93.5,24,24,24
2024-06-06,KNEW,85.0,78.0,81.5,95.5,24,24,24
2024-06-07,KASD,95.0,71.0,83.4,102.5,24,24,24
2024-06-07,KBTR,96.0,75.0,85.8,104.8,24,24,24
2024-06-07,KHUM,93.2,73.4,83.3,105.2,24,24,24
2024-06-07,KMSY,94.0,76.0,86.0,102.1,24,24,24
2024-06-07,KNEW,92.0,79.0,86.2,103.2,24,24,24
2024-06-08,KASD,93.0,67.0,81.2,101.0,24,24,24
2024-06-08,KBTR,97.0,71.0,85.2,102.3,24,24,24
2024-06-08,KHUM,91.4,76.6,83.5,100.5,23,23,24
2024-06-08,KMSY,94.0,80.0,87.2,101.0,24,24,24
2024-06-08,KNEW,94.0,82.0,87.0,103.3,24,24,24
2024-06-09,KASD,92.0,72.0,83.0,99.8,24,24,24
2024-06-09,KBTR,94.0,77.0,86.5,100.3,24,24,24
2024-06-09,KHUM,89.6,75.2,83.0,100.2,23,23,24
2024-06-09,KMSY,93.0,77.0,85.0,105.8,24,24,24
2024-06-09,KNEW,93.0,82.0,86.8,105.8,24,24,24
2024-06-10,KASD,94.0,74.0,84.5,103.4,24,24,24
2024-06-10,KBTR,96.0,78.0,86.1,102.8,24,24,24
2024-06-10,KHUM,89.6,73.4,80.3,100.2,24,24,24
2024-06-10,KMSY,93.0,77.0,84.1,101.0,24,24,24
2024-06-10,KNEW,92.0,82.0,86.4,100.4,24,24,24
2024-06-11,KASD,93.0,75.0,83.7,97.4,24,24,24
2024-06-11,KBTR,93.0,76.0,84.2,98.2,24,24,24
2024-06-11,KHUM,91.4,73.4,80.2,102.6,23,23,24
2024-06-11,KMSY,92.0,80.0,85.9,98.5,24,24,24
2024-06-11,KNEW,92.0,82.0,86.6,97.9,24,24,24
2024-06-12,KASD,93.0,71.0,81.3,98.2,24,24,24
2024-06-12,KBTR,92.0,73.0,82.0,98.8,24,24,24
2024-06-12,KHUM,87.8,75.2,80.2,102.4,23,23,24
2024-06-12,KMSY,92.0,79.0,84.8,98.8,24,24,24
2024-06-12,KNEW,92.0,80.0,85.7,97.9,24,24,24
2024-06-13,KASD,93.0,72.0,83.2,101.0,24,24,24
2024-06-13,KBTR,93.0,72.0,82.1,96.3,24,24,24
2024-06-13,KHUM,91.4,74.5,82.4,100.5,24,24,24
2024-06-13,KMSY,93.0,78.0,86.1,102.1,24,24,24
2024-06-13,KNEW,92.0,82.0,87.3,101.8,24,24,24
2024-06-14,KASD,94.0,75.0,84.9,101.3,24,24,24
2024-06-14,KBTR,97.0,72.0,84.6,103.1,24,24,24
2024-06-14,KHUM,91.4,75.2,83.7,102.4,24,24,24
2024-06-14,KMSY,96.0,79.0,87.2,101.0,24,24,24
2024-06-14,KNEW,95.0,83.0,88.7,103.6,24,24,24
2024-06-15,KASD,96.0,74.0,84.2,102.5,24,24,24
2024-06-15,KBTR,97.0,76.0,86.1,102.8,24,24,24
2024-06-15,KHUM,93.2,74.7,83.9,100.9,24,24,24
2024-06-15,KMSY,96.0,80.0,88.2,103.8,24,24,24
2024-06-15,KNEW,95.0,84.0,89.2,105.8,24,24,24
2024-06-16,KASD,88.0,74.0,80.5,100.2,24,24,24
2024-06-16,KBTR,90.0,75.0,80.5,101.8,24,24,24
2024-06-16,KHUM,87.8,78.0,81.5,105.1,24,24,24
2024-06-16,KMSY,91.0,76.0,83.2,103.1,24,24,24
2024-06-16,KNEW,90.0,80.0,84.7,101.8,24,24,24
2024-06-17,KASD,83.0,75.0,78.3,92.0,24,24,24
2024-06-17,KBTR,90.0,77.0,79.8,103.1,24,24,24
2024-06-17,KHUM,87.8,75.2,78.6,99.9,23,23,24
2024-06-17,KMSY,86.0,74.0,79.4,98.4,24,24,24
2024-06-17,KNEW,88.0,77.0,82.0,101.6,24,24,24
2024-06-18,KASD,85.0,76.0,79.8,92.0,24,24,24
2024-06-18,KBTR,84.0,76.0,79.7,92.9,24,24,24
2024-06-18,KHUM,84.2,74.5,80.1,97.5,22,22,24
2024-06-18,KMSY,86.0,77.0,82.4,97.8,24,24,24
2024-06-18,KNEW,86.0,80.0,83.7,95.5,24,24,24
2024-06-19,KASD,87.0,77.0,81.5,96.4,24,24,24
2024-06-19,KBTR,93.0,77.0,83.0,103.3,24,24,24
2024-06-19,KHUM,87.8,78.8,82.9,102.4,24,24,24
2024-06-19,KMSY,89.0,81.0,84.2,99.2,24,24,24
2024-06-19,KNEW,86.0,82.0,84.4,97.2,24,24,24
2024-06-20,KASD,90.0,76.0,82.7,97.3,24,24,24
2024-06-20,KBTR,92.0,77.0,83.4,101.9,24,24,24
2024-06-20,KHUM,86.0,75.2,80.8,98.5,23,23,24
2024-06-20,KMSY,88.0,81.0,84.1,95.0,24,24,24
2024-06-20,KNEW,87.0,81.0,84.2,95.0,24,24,24
2024-06-21,KASD,90.0,75.0,82.5,99.2,24,24,24
2024-06-21,KBTR,96.0,75.0,84.7,104.8,24,24,24
2024-06-21,KHUM,91.4,75.2,82.3,102.6,24,24,24
2024-06-21,KMSY,91.0,81.0,85.4,100.7,24,24,24
2024-06-21,KNEW,90.0,82.0,85.8,101.7,24,24,24
2024-06-22,KASD,93.0,72.0,82.4,98.8,24,24,24
2024-06-22,KBTR,94.0,74.0,84.9,101.3,24,24,24
2024-06-22,KHUM,89.6,71.6,80.7,96.4,23,23,24
2024-06-22,KMSY,91.0,77.0,84.9,101.9,24,24,24
2024-06-22,KNEW,91.0,82.0,85.9,100.7,24,24,24
2024-06-23,KASD,94.0,73.0,84.0,105.8,24,24,24
2024-06-23,KBTR,96.0,75.0,86.4,108.4,24,24,24
2024-06-23,KHUM,89.6,75.2,82.7,105.2,24,24,24
2024-06-23,KMSY,93.0,78.0,85.3,107.4,24,24,24
2024-06-23,KNEW,92.0,80.0,86.5,105.9,24,24,24
2024-06-24,KASD,95.0,77.0,84.1,108.8,24,24,24
2024-06-24,KBTR,98.0,78.0,86.5,107.4,22,22,24
2024-06-24,KHUM,91.4,76.3,84.1,105.2,24,24,24
2024-06-24,KMSY,94.0,79.0,85.6,108.8,24,24,24
2024-06-24,KNEW,95.0,84.0,87.6,111.5,24,24,24
2024-06-25,KASD,93.0,75.0,83.9,108.8,24,24,24
2024-06-25,KBTR,93.0,77.0,84.8,105.8,24,24,24
2024-06-25,KHUM,89.6,77.4,83.4,108.1,23,23,24
2024-06-25,KMSY,92.0,79.0,85.8,106.1,24,24,24
2024-06-25,KNEW,92.0,83.0,87.9,107.7,24,24,24
2024-06-26,KASD,93.0,78.0,85.9,106.0,24,24,24
2024-06-26,KBTR,95.0,78.0,85.0,107.1,24,24,24
2024-06-26,KHUM,91.4,77.0,83.9,111.8,22,22,24
2024-06-26,KMSY,93.0,80.0,86.1,108.8,24,24,24
2024-06-26,KNEW,91.0,84.0,87.2,106.0,24,24,24
2024-06-27,KASD,92.0,79.0,85.1,107.4,24,24,24
2024-06-27,KBTR,93.0,77.0,84.1,103.3,24,24,24
2024-06-27,KHUM,91.4,75.0,82.0,105.2,22,22,24
2024-06-27,KMSY,93.0,77.0,84.1,107.2,24,24,24
2024-06-27,KNEW,92.0,77.0,85.1,105.9,24,24,24
2024-06-28,KASD,91.0,78.0,84.0,106.0,24,24,24
2024-06-28,KBTR,92.0,78.0,83.4,104.5,24,24,24
2024-06-28,KHUM,85.0,78.8,80.9,97.8,20,20,24
2024-06-28,KMSY,88.0,79.0,82.7,104.4,24,24,24
2024-06-28,KNEW,89.0,80.0,84.6,103.1,24,24,24
2024-06-29,KASD,93.0,82.0,87.6,107.2,24,24,24
2024-06-29,KBTR,97.0,82.0,88.0,112.1,24,24,24
2024-06-29,KHUM,91.4,80.6,85.3,107.8,23,23,24
2024-06-29,KMSY,93.0,82.0,87.0,110.4,24,24,24
2024-06-29,KNEW,94.0,84.0,87.5,111.8,24,24,24
2024-06-30,KASD,94.0,79.0,84.5,110.4,24,24,24
2024-06-30,KBTR,96.0,81.0,87.9,109.8,24,24,24
2024-06-30,KHUM,93.2,78.0,84.6,105.1,21,21,24
2024-06-30,KMSY,94.0,82.0,87.2,111.8,24,24,24
2024-06-30,KNEW,94.0,85.0,88.2,110.1,24,24,24
2024-07-01,KASD,98.0,77.0,85.8,119.6,24,24,24
2024-07-01,KBTR,98.0,79.0,85.0,112.5,24,24,24
2024-07-01,KHUM,95.0,78.8,85.4,113.5,21,21,24
2024-07-01,KMSY,96.0,82.0,88.0,116.3,24,24,24
2024-07-01,KNEW,94.0,85.0,88.2,115.4,24,24,24
2024-07-02,KASD,98.0,78.0,88.2,114.0,24,24,24
2024-07-02,KBTR,101.0,78.0,87.8,116.4,24,24,24
2024-07-02,KHUM,93.2,78.0,85.8,118.3,23,23,24
2024-07-02,KMSY,97.0,81.0,89.2,111.0,24,24,24
2024-07-02,KNEW,97.0,86.0,91.3,113.2,24,24,24
2024-07-03,KASD,93.0,81.0,86.7,110.4,24,24,24
2024-07-03,KBTR,98.0,81.0,87.7,114.0,24,24,24
2024-07-03,KHUM,91.4,79.3,82.8,111.4,23,23,24
2024-07-03,KMSY,89.0,82.0,84.5,107.8,24,24,24
2024-07-03,KNEW,90.0,83.0,86.7,107.7,24,24,24
2024-07-04,KASD,91.0,80.0,84.3,107.8,23,23,24
2024-07-04,KBTR,90.0,80.0,85.0,106.1,23,23,24
2024-07-04,KHUM,91.4,78.8,83.0,110.9,22,22,24
2024-07-04,KMSY,91.0,81.0,84.8,107.5,23,23,24
2024-07-04,KNEW,91.0,83.0,86.1,107.5,24,24,24
2024-07-05,KASD,94.0,79.0,84.4,108.6,24,24,24
2024-07-05,KBTR,94.0,79.0,85.1,107.5,23,23,24
2024-07-05,KHUM,89.6,78.0,82.7,105.2,24,24,24
2024-07-05,KMSY,93.0,76.0,83.5,110.4,24,24,24
2024-07-05,KNEW,95.0,80.0,85.7,114.9,24,24,24
2024-07-06,KASD,92.0,78.0,83.5,109.0,24,24,24
2024-07-06,KBTR,96.0,76.0,84.0,108.4,24,24,24
2024-07-06,KHUM,89.6,76.0,82.3,102.5,24,24,24
2024-07-06,KMSY,89.0,77.0,84.1,104.6,24,24,24
2024-07-06,KNEW,92.0,81.0,86.5,107.5,24,24,24
2024-07-07,KASD,94.0,76.0,84.7,105.9,24,24,24
2024-07-07,KBTR,94.0,78.0,85.8,108.6,24,24,24
2024-07-07,KHUM,91.4,78.0,85.0,114.4,24,24,24
2024-07-07,KMSY,93.0,81.0,86.9,108.8,24,24,24
2024-07-07,KNEW,95.0,84.0,88.7,108.5,24,24,24
2024-07-08,KASD,93.0,76.0,84.6,107.4,24,24,24
2024-07-08,KBTR,94.0,80.0,87.1,105.8,24,24,24
2024-07-08,KHUM,91.4,81.7,85.5,111.4,23,23,24
2024-07-08,KMSY,92.0,82.0,86.9,104.6,21,21,24
2024-07-08,KNEW,94.0,82.0,87.9,104.6,24,24,24
2024-07-09,KASD,90.0,82.0,85.3,104.5,12,12,24
2024-07-09,KBTR,93.0,82.0,85.8,102.1,17,17,24
2024-07-09,KHUM,89.6,79.3,84.4,108.1,22,22,24
2024-07-09,KMSY,91.0,77.0,83.9,106.0,23,23,24
2024-07-09,KNEW,89.0,80.6,85.2,104.6,13,13,24
2024-07-10,KASD,88.0,78.0,83.5,97.2,12,12,24
2024-07-10,KBTR,95.0,81.0,87.7,104.7,12,12,24
2024-07-10,KHUM,84.2,75.2,80.2,101.3,24,24,24
2024-07-10,KMSY,88.0,79.0,81.6,97.8,23,23,24
2024-07-10,KNEW,86.0,81.0,83.3,96.0,11,11,24
2024-07-11,KASD,89.0,75.0,82.0,100.4,24,24,24
2024-07-11,KBTR,95.0,76.0,83.2,103.6,20,20,24
2024-07-11,KHUM,89.6,75.2,80.3,98.2,22,22,24
2024-07-11,KMSY,88.0,78.0,81.6,100.2,24,24,24
2024-07-11,KNEW,90.0,80.0,84.3,104.5,24,24,24
2024-07-12,KASD,92.0,76.0,83.4,105.9,24,24,24
2024-07-12,KBTR,94.0,75.0,84.3,103.3,24,24,24
2024-07-12,KHUM,91.4,75.2,82.2,108.1,24,24,24
2024-07-12,KMSY,92.0,77.0,83.5,104.5,24,24,24
2024-07-12,KNEW,92.0,81.0,86.2,105.9,24,24,24
2024-07-13,KASD,94.0,77.0,85.6,110.4,24,24,24
2024-07-13,KBTR,96.0,80.0,86.9,107.1,24,24,24
2024-07-13,KHUM,93.2,77.0,84.2,102.6,24,24,24
2024-07-13,KMSY,96.0,79.0,86.2,107.2,24,24,24
2024-07-13,KNEW,96.0,85.0,89.2,111.3,24,24,24
2024-07-14,KASD,96.0,78.0,85.9,111.8,24,24,24
2024-07-14,KBTR,94.0,78.0,85.7,104.6,24,24,24
2024-07-14,KHUM,93.2,77.5,82.9,107.8,21,21,24
2024-07-14,KMSY,95.0,78.0,85.8,105.8,24,24,24
2024-07-14,KNEW,95.0,85.0,88.5,109.0,24,24,24
2024-07-15,KASD,94.0,75.0,84.1,105.9,24,24,24
2024-07-15,KBTR,96.0,79.0,85.3,105.8,24,24,24
2024-07-15,KHUM,89.6,77.0,82.3,108.1,23,23,24
2024-07-15,KMSY,90.0,79.0,84.0,101.8,24,24,24
2024-07-15,KNEW,91.0,82.0,87.2,106.1,24,24,24
2024-07-16,KASD,94.0,77.0,84.2,105.8,24,24,24
2024-07-16,KBTR,93.0,77.0,86.0,105.8,24,24,24
2024-07-16,KHUM,91.4,77.0,82.5,105.1,23,23,24
2024-07-16,KMSY,92.0,78.0,84.1,104.5,24,24,24
2024-07-16,KNEW,94.0,83.0,86.7,111.8,24,24,24
2024-07-17,KASD,89.0,77.0,79.9,103.1,23,23,24
2024-07-17,KBTR,92.0,75.0,80.8,105.9,24,24,24
2024-07-17,KHUM,87.8,73.4,79.0,105.1,23,23,24
2024-07-17,KMSY,91.0,76.0,81.1,106.0,24,24,24
2024-07-17,KNEW,95.0,80.0,84.4,111.5,24,24,24
2024-07-18,KASD,91.0,73.0,78.3,103.1,24,24,24
2024-07-18,KBTR,90.0,73.0,78.3,101.8,24,24,24
2024-07-18,KHUM,87.8,73.4,77.6,108.3,24,24,24
2024-07-18,KMSY,89.0,74.0,79.5,101.6,24,24,24
2024-07-18,KNEW,91.0,77.0,82.4,104.5,24,24,24
2024-07-19,KASD,86.0,73.0,77.2,98.4,24,24,24
2024-07-19,KBTR,86.0,75.0,78.2,95.0,24,24,24
2024-07-19,KHUM,84.2,73.4,78.2,98.5,21,21,24
2024-07-19,KMSY,87.0,76.0,80.4,97.5,24,24,24
2024-07-19,KNEW,88.0,78.0,82.0,100.2,24,24,24
2024-07-20,KASD,88.0,76.0,82.0,100.2,24,24,24
2024-07-20,KBTR,94.0,76.0,82.9,103.4,24,24,24
2024-07-20,KHUM,89.6,74.5,80.7,105.2,24,24,24
2024-07-20,KMSY,88.0,77.0,81.2,103.0,24,24,24
2024-07-20,KNEW,89.0,79.0,82.9,99.2,24,24,24
2024-07-21,KASD,87.0,74.0,79.2,101.4,24,24,24
2024-07-21,KBTR,89.0,77.0,80.9,99.2,24,24,24
2024-07-21,KHUM,87.8,74.5,79.3,105.1,18,18,24
2024-07-21,KMSY,87.0,76.0,79.5,101.4,24,24,24
2024-07-21,KNEW,88.0,77.0,81.5,104.5,24,24,24
2024-07-22,KASD,91.0,75.0,81.8,99.6,24,24,24
2024-07-22,KBTR,91.0,75.0,80.5,101.9,24,24,24
2024-07-22,KHUM,89.6,73.8,79.2,105.2,13,13,24
2024-07-22,KMSY,88.0,76.0,81.4,99.0,24,24,24
2024-07-22,KNEW,90.0,79.0,84.2,103.1,24,24,24
2024-07-23,KASD,89.0,77.0,81.2,103.1,24,24,24
2024-07-23,KBTR,87.0,77.0,81.0,98.7,24,24,24
2024-07-23,KHUM,87.8,75.2,79.1,99.9,23,23,24
2024-07-23,KMSY,89.0,75.0,80.5,104.6,24,24,24
2024-07-23,KNEW,91.0,79.0,83.5,103.1,24,24,24
2024-07-24,KASD,94.0,76.0,81.7,105.8,24,24,24
2024-07-24,KBTR,91.0,76.0,79.0,103.1,24,24,24
2024-07-24,KHUM,91.4,76.0,80.5,114.4,21,21,24
2024-07-24,KMSY,90.0,78.0,81.3,106.1,24,24,24
2024-07-24,KNEW,92.0,79.0,84.0,107.5,24,24,24
2024-07-25,KASD,93.0,75.0,82.8,104.5,24,24,24
2024-07-25,KBTR,92.0,75.0,81.2,104.5,24,24,24
2024-07-25,KHUM,89.6,75.2,80.8,105.2,21,21,24
2024-07-25,KMSY,92.0,77.0,83.2,107.4,24,24,24
2024-07-25,KNEW,93.0,80.0,84.4,106.1,24,24,24
2024-07-26,KASD,92.0,77.0,80.2,102.0,24,24,24
2024-07-26,KBTR,90.0,75.0,77.8,104.5,24,24,24
2024-07-26,KHUM,87.8,75.2,79.4,105.1,24,24,24
2024-07-26,KMSY,88.0,77.0,81.6,98.4,24,24,24
2024-07-26,KNEW,90.0,81.0,83.5,100.5,24,24,24
2024-07-27,KASD,91.0,75.0,82.2,104.5,24,24,24
2024-07-27,KBTR,91.0,76.0,81.7,103.1,24,24,24
2024-07-27,KHUM,89.6,75.2,79.8,102.5,23,23,24
2024-07-27,KMSY,88.0,77.0,81.7,101.6,24,24,24
2024-07-27,KNEW,88.0,80.0,83.3,103.0,24,24,24
2024-07-28,KASD,94.0,77.0,85.5,108.6,24,24,24
2024-07-28,KBTR,95.0,77.0,85.9,109.9,24,24,24
2024-07-28,KHUM,89.6,75.2,82.6,108.1,23,23,24
2024-07-28,KMSY,92.0,79.0,84.5,107.5,24,24,24
2024-07-28,KNEW,93.0,82.0,87.1,112.1,24,24,24
2024-07-29,KASD,94.0,79.0,87.0,110.4,24,24,24
2024-07-29,KBTR,94.0,79.0,87.5,107.2,24,24,24
2024-07-29,KHUM,91.4,77.0,83.3,108.1,23,23,24
2024-07-29,KMSY,92.0,79.0,85.1,106.1,24,24,24
2024-07-29,KNEW,94.0,83.0,87.9,113.5,24,24,24
2024-07-30,KASD,96.0,79.0,87.8,114.5,24,24,24
2024-07-30,KBTR,96.0,80.0,88.1,111.3,24,24,24
2024-07-30,KHUM,100.4,75.2,84.7,127.2,23,23,24
2024-07-30,KMSY,95.0,78.0,85.9,109.9,24,24,24
2024-07-30,KNEW,96.0,84.0,88.6,110.7,24,24,24
2024-07-31,KASD,96.0,80.0,86.8,110.1,24,24,24
2024-07-31,KBTR,96.0,82.0,87.8,107.1,24,24,24
2024-07-31,KHUM,93.2,78.3,84.4,110.9,23,23,24
2024-07-31,KMSY,95.0,80.0,86.5,110.7,24,24,24
2024-07-31,KNEW,96.0,86.0,89.6,111.8,24,24,24
2024-08-01,KASD,96.0,79.0,87.2,111.5,24,24,24
2024-08-01,KBTR,97.0,80.0,88.2,109.7,24,24,24
2024-08-01,KHUM,95.0,78.6,85.5,109.9,23,23,24
2024-08-01,KMSY,95.0,79.0,86.9,107.5,24,24,24
2024-08-01,KNEW,96.0,86.0,90.1,111.3,24,24,24
2024-08-02,KASD,98.0,80.0,88.2,114.2,24,24,24
2024-08-02,KBTR,96.0,82.0,88.7,111.5,24,24,24
2024-08-02,KHUM,96.8,78.8,84.9,117.1,20,20,24
2024-08-02,KMSY,96.0,81.0,87.7,111.3,24,24,24
2024-08-02,KNEW,95.0,87.0,90.6,115.4,24,24,24
2024-08-03,KASD,97.0,78.0,83.8,112.6,24,24,24
2024-08-03,KBTR,97.0,81.0,86.7,115.9,24,24,24
2024-08-03,KHUM,93.2,78.3,83.7,107.8,18,18,24
2024-08-03,KMSY,95.0,78.0,84.8,110.7,24,24,24
2024-08-03,KNEW,92.0,86.0,88.6,112.5,24,24,24
2024-08-04,KASD,96.0,76.0,85.5,108.8,24,24,24
2024-08-04,KBTR,99.0,78.0,87.7,108.4,24,24,24
2024-08-04,KHUM,102.2,75.2,83.2,114.5,22,22,24
2024-08-04,KMSY,95.0,76.0,85.6,111.5,24,24,24
2024-08-04,KNEW,95.0,83.0,88.5,113.2,24,24,24
2024-08-05,KASD,97.0,77.0,87.2,111.1,24,24,24
2024-08-05,KBTR,99.0,79.0,89.2,111.0,24,24,24
2024-08-05,KHUM,95.0,79.0,84.6,109.9,21,21,24
2024-08-05,KMSY,97.0,80.0,88.4,109.7,24,24,24
2024-08-05,KNEW,94.0,86.0,90.3,111.8,24,24,24
2024-08-06,KASD,101.0,79.0,88.9,115.0,24,24,24
2024-08-06,KBTR,98.0,81.0,89.0,109.9,24,24,24
2024-08-06,KHUM,96.8,77.0,85.8,109.8,22,22,24
2024-08-06,KMSY,98.0,79.0,88.3,112.5,24,24,24
2024-08-06,KNEW,96.0,88.0,91.8,114.9,24,24,24
2024-08-07,KASD,98.0,76.0,87.2,108.5,24,24,24
2024-08-07,KBTR,97.0,79.0,87.5,104.8,24,24,24
2024-08-07,KHUM,96.8,80.6,86.3,107.8,20,20,24
2024-08-07,KMSY,97.0,78.0,87.5,105.0,24,24,24
2024-08-07,KNEW,96.0,88.0,92.1,108.6,24,24,24
2024-08-08,KASD,98.0,76.0,85.8,111.1,24,24,24
2024-08-08,KBTR,96.0,79.0,86.5,111.3,24,24,24
2024-08-08,KHUM,96.8,80.4,86.7,107.4,21,21,24
2024-08-08,KMSY,97.0,78.0,87.7,112.9,24,24,24
2024-08-08,KNEW,96.0,87.0,90.7,116.3,24,23,24
2024-08-09,KASD,96.0,72.0,83.8,107.1,24,24,24
2024-08-09,KBTR,96.0,74.0,85.1,102.5,24,24,24
2024-08-09,KHUM,91.4,75.2,82.3,100.5,20,20,24
2024-08-09,KMSY,94.0,79.0,87.9,104.5,24,24,24
2024-08-09,KNEW,93.0,83.0,88.7,107.2,24,24,24
2024-08-10,KASD,96.0,73.0,84.3,104.8,24,24,24
2024-08-10,KBTR,95.0,76.0,85.3,102.5,24,24,24
2024-08-10,KHUM,93.2,75.2,84.7,99.2,20,20,24
2024-08-10,KMSY,95.0,82.0,88.5,103.6,24,24,24
2024-08-10,KNEW,93.0,83.0,88.4,102.0,24,24,24
2024-08-11,KASD,96.0,73.0,84.4,104.7,24,24,24
2024-08-11,KBTR,97.0,73.0,84.6,103.6,24,24,24
2024-08-11,KHUM,95.0,75.2,84.5,105.1,23,23,24
2024-08-11,KMSY,96.0,83.0,89.3,104.6,24,24,24
2024-08-11,KNEW,95.0,84.0,89.1,104.5,24,24,24
2024-08-12,KASD,97.0,75.0,86.1,107.2,24,24,24
2024-08-12,KBTR,97.0,75.0,86.2,105.0,24,24,24
2024-08-12,KHUM,91.4,77.0,82.0,110.9,22,22,24
2024-08-12,KMSY,95.0,79.0,85.5,108.6,24,24,24
2024-08-12,KNEW,96.0,84.0,89.5,107.4,24,24,24
2024-08-13,KASD,97.0,76.0,87.0,109.8,24,24,24
2024-08-13,KBTR,96.0,78.0,85.3,107.1,24,24,24
2024-08-13,KHUM,95.0,75.2,84.3,114.4,20,20,24
2024-08-13,KMSY,97.0,79.0,87.4,107.1,24,24,24
2024-08-13,KNEW,98.0,86.0,90.4,109.0,24,24,24
2024-08-14,KASD,97.0,76.0,87.0,111.5,24,24,24
2024-08-14,KBTR,98.0,80.0,88.9,112.5,24,24,24
2024-08-14,KHUM,96.8,78.6,86.7,111.4,24,24,24
2024-08-14,KMSY,97.0,80.0,88.2,114.2,24,24,24
2024-08-14,KNEW,97.0,81.0,89.4,110.7,24,24,24
2024-08-15,KASD,95.0,76.0,82.3,113.2,24,24,24
2024-08-15,KBTR,98.0,76.0,85.7,112.5,24,24,24
2024-08-15,KHUM,93.2,75.6,83.5,113.5,22,22,24
2024-08-15,KMSY,94.0,77.0,85.0,112.1,24,24,24
2024-08-15,KNEW,95.0,84.0,88.2,113.2,24,24,24
2024-08-16,KASD,94.0,75.0,84.0,108.8,24,24,24
2024-08-16,KBTR,97.0,75.0,86.3,109.7,24,24,24
2024-08-16,KHUM,87.8,75.0,80.0,102.4,14,14,24
2024-08-16,KMSY,93.0,77.0,84.6,108.8,24,24,24
2024-08-16,KNEW,94.0,84.0,88.2,111.8,24,24,24
2024-08-17,KASD,95.0,75.0,84.0,113.5,24,24,24
2024-08-17,KBTR,100.0,79.0,87.7,111.1,24,24,24
2024-08-17,KHUM,95.0,74.0,84.6,109.9,23,23,24
2024-08-17,KMSY,97.0,76.0,86.2,109.7,24,24,24
2024-08-17,KNEW,96.0,83.0,88.0,111.5,24,24,24
2024-08-18,KASD,98.0,74.0,85.8,114.9,24,24,24
2024-08-18,KBTR,99.0,77.0,87.9,115.3,24,24,24
2024-08-18,KHUM,95.0,75.2,84.9,108.0,24,24,24
2024-08-18,KMSY,98.0,76.0,86.2,112.5,24,24,24
2024-08-18,KNEW,95.0,81.0,89.4,112.1,24,24,24
2024-08-19,KASD,95.0,77.0,85.5,105.8,24,24,24
2024-08-19,KBTR,93.0,78.0,84.1,103.3,23,23,24
2024-08-19,KHUM,91.4,78.8,85.0,101.9,24,24,24
2024-08-19,KMSY,93.0,79.0,86.0,102.2,24,24,24
2024-08-19,KNEW,91.0,85.0,88.2,113.3,24,24,24
2024-08-20,KASD,94.0,72.0,82.5,97.6,24,24,24
2024-08-20,KBTR,95.0,75.0,84.5,98.3,24,24,24
2024-08-20,KHUM,91.4,75.2,82.6,97.0,23,23,24
2024-08-20,KMSY,94.0,81.0,87.0,97.1,24,24,24
2024-08-20,KNEW,92.0,83.0,88.0,99.6,24,24,24
2024-08-21,KASD,93.0,68.0,81.4,96.7,24,24,24
2024-08-21,KBTR,95.0,71.0,82.6,98.3,24,24,24
2024-08-21,KHUM,91.4,73.4,82.4,97.8,23,23,24
2024-08-21,KMSY,93.0,81.0,86.6,96.0,24,24,24
2024-08-21,KNEW,94.0,83.0,87.5,97.1,24,24,24
2024-08-22,KASD,95.0,71.0,81.7,99.0,24,24,24
2024-08-22,KBTR,96.0,72.0,84.4,101.0,24,24,24
2024-08-22,KHUM,91.4,71.6,82.4,97.0,24,24,24
2024-08-22,KMSY,95.0,74.0,84.9,98.1,24,24,24
2024-08-22,KNEW,94.0,81.0,87.3,99.4,24,24,24
2024-08-23,KASD,92.0,73.0,81.5,99.8,24,24,24
2024-08-23,KBTR,95.0,74.0,84.0,100.0,24,24,24
2024-08-23,KHUM,91.4,73.8,81.2,100.5,24,24,24
2024-08-23,KMSY,91.0,74.0,84.2,98.5,24,24,24
2024-08-23,KNEW,91.0,83.0,86.6,100.7,24,24,24
2024-08-24,KASD,92.0,68.0,80.2,99.4,24,24,24
2024-08-24,KBTR,95.0,72.0,82.8,96.4,24,24,24
2024-08-24,KHUM,91.4,71.6,81.1,102.6,23,23,24
2024-08-24,KMSY,92.0,76.0,84.5,98.8,24,24,24
2024-08-24,KNEW,91.0,81.0,85.9,100.7,24,24,24
2024-08-25,KASD,91.0,74.0,81.4,100.5,24,24,24
2024-08-25,KBTR,95.0,74.0,81.9,100.7,24,24,24
2024-08-25,KHUM,89.6,75.2,81.1,98.5,23,23,24
2024-08-25,KMSY,87.0,80.0,82.5,96.4,24,24,24
2024-08-25,KNEW,91.0,81.0,85.5,100.7,24,24,24
2024-08-26,KASD,95.0,73.0,82.8,103.6,24,24,24
2024-08-26,KBTR,96.0,75.0,84.6,103.8,24,24,24
2024-08-26,KHUM,89.6,77.0,82.0,102.4,24,24,24
2024-08-26,KMSY,93.0,77.0,85.3,101.8,24,24,24
2024-08-26,KNEW,94.0,83.0,87.6,101.3,24,24,24
2024-08-27,KASD,97.0,74.0,84.2,107.2,24,24,24
2024-08-27,KBTR,98.0,75.0,86.5,105.3,24,24,24
2024-08-27,KHUM,93.2,73.4,84.6,102.8,18,18,24
2024-08-27,KMSY,94.0,77.0,86.2,102.3,24,24,24
2024-08-27,KNEW,96.0,84.0,88.3,108.4,24,24,24
2024-08-28,KASD,91.0,78.0,83.6,104.5,24,24,24
2024-08-28,KBTR,96.0,78.0,83.9,104.8,24,24,24
2024-08-28,KHUM,89.6,77.0,81.0,102.4,22,22,24
2024-08-28,KMSY,90.0,80.0,83.9,103.0,24,24,24
2024-08-28,KNEW,89.0,83.0,85.8,103.1,24,24,24
2024-08-29,KASD,86.0,76.0,80.5,99.6,24,24,24
2024-08-29,KBTR,90.0,76.0,80.0,101.8,24,24,24
2024-08-29,KHUM,89.6,77.0,79.9,105.1,24,24,24
2024-08-29,KMSY,89.0,77.0,80.6,103.1,24,24,24
2024-08-29,KNEW,87.0,79.0,82.5,102.8,24,24,24
2024-08-30,KASD,84.0,76.0,79.3,93.8,24,24,24
2024-08-30,KBTR,88.0,75.0,81.2,97.5,24,24,24
2024-08-30,KHUM,86.0,73.4,78.9,99.4,24,24,24
2024-08-30,KMSY,85.0,75.0,80.2,93.5,24,24,24
2024-08-30,KNEW,84.0,75.0,81.8,97.3,24,24,24
2024-08-31,KASD,84.0,75.0,79.2,92.0,24,24,24
2024-08-31,KBTR,85.0,77.0,79.7,95.5,23,23,24
2024-08-31,KHUM,82.4,75.2,79.1,89.5,23,23,24
2024-08-31,KMSY,86.0,76.0,81.3,95.0,24,24,24
2024-08-31,KNEW,85.0,77.0,81.5,94.1,24,24,24
2024-09-01,KASD,90.0,75.0,81.0,99.0,24,24,24
2024-09-01,KBTR,93.0,77.0,83.0,103.3,24,24,24
2024-09-01,KHUM,87.8,76.3,79.9,95.9,24,24,24
2024-09-01,KMSY,89.0,77.0,82.7,97.0,24,24,24
2024-09-01,KNEW,88.0,77.0,83.0,97.5,24,24,24
2024-09-02,KASD,95.0,73.0,83.5,107.2,24,24,24
2024-09-02,KBTR,97.0,75.0,85.2,105.0,24,24,24
2024-09-02,KHUM,91.4,75.2,82.4,100.5,24,24,24
2024-09-02,KMSY,94.0,78.0,85.3,103.4,24,24,24
2024-09-02,KNEW,95.0,80.0,87.1,107.1,24,24,24
2024-09-03,KASD,95.0,74.0,84.4,108.5,24,24,24
2024-09-03,KBTR,97.0,76.0,86.1,107.1,24,24,24
2024-09-03,KHUM,93.2,75.2,84.1,105.0,24,24,24
2024-09-03,KMSY,94.0,78.0,86.5,106.0,24,24,24
2024-09-03,KNEW,94.0,83.0,87.8,107.2,24,24,24
2024-09-04,KASD,84.0,78.0,80.0,92.0,24,24,24
2024-09-04,KBTR,86.0,77.0,81.5,96.0,24,24,24
2024-09-04,KHUM,86.0,78.4,80.2,104.8,24,24,24
2024-09-04,KMSY,84.0,79.0,81.5,95.9,24,24,24
2024-09-04,KNEW,84.0,80.0,82.4,95.9,24,24,24
2024-09-05,KASD,79.0,77.0,77.6,80.0,24,24,24
2024-09-05,KBTR,79.0,77.0,78.3,79.9,24,24,24
2024-09-05,KHUM,78.8,75.2,78.2,79.9,24,24,24
2024-09-05,KMSY,82.0,77.0,79.2,93.4,24,24,24
2024-09-05,KNEW,83.0,79.0,80.8,94.1,24,24,24
2024-09-06,KASD,80.0,74.0,77.2,86.5,24,24,24
2024-09-06,KBTR,85.0,74.0,77.8,92.9,24,24,24
2024-09-06,KHUM,78.8,73.4,76.5,79.9,24,24,24
2024-09-06,KMSY,79.0,75.0,77.5,83.5,24,24,24
2024-09-06,KNEW,80.0,77.0,79.2,86.5,24,24,24
2024-09-07,KASD,82.0,73.0,76.4,87.4,24,24,24
2024-09-07,KBTR,86.0,73.0,77.8,90.7,24,24,24
2024-09-07,KHUM,78.8,73.4,75.1,79.4,24,24,24
2024-09-07,KMSY,79.0,74.0,76.8,79.7,24,24,24
2024-09-07,KNEW,81.0,76.0,78.4,85.3,24,24,24
2024-09-08,KASD,89.0,68.0,77.8,92.8,24,24,24
2024-09-08,KBTR,89.0,68.0,78.4,89.9,24,24,24
2024-09-08,KHUM,84.2,71.6,77.0,89.6,23,23,24
2024-09-08,KMSY,86.0,74.0,79.8,89.4,24,24,24
2024-09-08,KNEW,87.0,75.0,80.6,91.9,24,24,24
2024-09-09,KASD,79.0,69.0,75.4,79.9,24,24,24
2024-09-09,KBTR,90.0,68.0,79.5,93.9,24,24,24
2024-09-09,KHUM,82.4,71.6,77.0,89.5,24,24,24
2024-09-09,KMSY,80.0,76.0,78.7,85.7,24,24,24
2024-09-09,KNEW,81.0,77.0,79.6,88.3,24,24,24
2024-09-10,KASD,79.0,75.0,76.8,79.9,24,24,24
2024-09-10,KBTR,83.0,77.0,78.8,89.6,24,24,24
2024-09-10,KHUM,78.8,75.2,77.3,79.9,24,24,24
2024-09-10,KMSY,80.0,76.0,77.7,85.7,24,24,24
2024-09-10,KNEW,81.0,77.0,78.9,87.4,24,24,24
2024-09-11,KASD,80.0,73.0,74.8,84.9,24,24,24
2024-09-11,KBTR,77.0,75.0,76.2,77.8,24,24,24
2024-09-11,KHUM,78.3,73.4,76.5,79.2,12,12,24
2024-09-11,KMSY,78.0,74.0,76.8,79.0,24,24,24
2024-09-11,KNEW,80.0,77.0,78.2,84.5,24,24,24
2024-09-12,KASD,84.0,74.0,77.9,89.6,24,24,24
2024-09-12,KBTR,85.0,73.0,77.7,90.9,24,24,24
2024-09-12,KHUM,84.2,73.0,77.0,92.4,23,23,24
2024-09-12,KMSY,85.0,73.0,77.4,92.6,24,24,24
2024-09-12,KNEW,85.0,75.0,78.9,92.6,24,24,24
2024-09-13,KASD,88.0,73.0,79.3,92.7,24,24,24
2024-09-13,KBTR,90.0,74.0,80.2,93.9,24,24,24
2024-09-13,KHUM,87.8,69.8,81.8,96.1,14,14,24
2024-09-13,KMSY,87.0,74.0,79.4,92.7,24,24,24
2024-09-13,KNEW,86.0,75.0,80.7,92.6,24,24,24
2024-09-14,KASD,89.0,71.0,79.7,96.0,24,24,24
2024-09-14,KBTR,90.0,72.0,80.4,100.5,24,24,24
2024-09-14,KHUM,89.6,71.6,83.2,98.2,14,14,24
2024-09-14,KMSY,90.0,74.0,80.3,97.3,24,24,24
2024-09-14,KNEW,87.0,77.0,82.0,97.5,24,24,24
2024-09-15,KASD,87.0,73.0,78.4,94.4,23,23,24
2024-09-15,KBTR,87.0,74.0,79.5,92.7,24,24,24
2024-09-15,KHUM,86.0,75.2,80.6,99.4,13,13,24
2024-09-15,KMSY,85.0,75.0,79.2,91.7,24,24,24
2024-09-15,KNEW,85.0,79.0,81.0,90.9,24,24,24
2024-09-16,KASD,91.0,72.0,80.7,97.3,24,24,24
2024-09-16,KBTR,92.0,71.0,81.0,98.8,24,24,24
2024-09-16,KHUM,87.8,73.4,82.8,105.1,13,13,24
2024-09-16,KMSY,88.0,73.0,80.1,94.8,24,24,24
2024-09-16,KNEW,90.0,78.0,82.5,97.3,24,24,24
2024-09-17,KASD,85.0,74.0,77.9,92.9,24,24,24
2024-09-17,KBTR,91.0,74.0,79.3,100.7,24,24,24
2024-09-17,KHUM,91.4,73.4,82.0,99.9,18,18,24
2024-09-17,KMSY,86.0,76.0,80.5,94.0,24,24,24
2024-09-17,KNEW,86.0,79.0,81.8,97.2,24,24,24
2024-09-18,KASD,88.0,72.0,80.3,99.0,24,24,24
2024-09-18,KBTR,93.0,73.0,82.2,102.1,24,24,24
2024-09-18,KHUM,89.6,71.6,81.2,97.8,23,23,24
2024-09-18,KMSY,91.0,76.0,82.0,99.6,24,24,24
2024-09-18,KNEW,91.0,79.0,84.0,101.9,24,24,24
2024-09-19,KASD,92.0,74.0,81.1,102.0,14,14,24
2024-09-19,KBTR,95.0,76.0,84.5,103.6,24,24,24
2024-09-19,KHUM,91.4,75.2,82.9,105.1,24,24,24
2024-09-19,KMSY,93.0,77.0,84.0,101.0,24,24,24
2024-09-19,KNEW,91.0,81.0,85.2,103.1,24,24,24
2024-09-20,KASD,84.0,74.0,77.5,92.0,4,4,24
2024-09-20,KBTR,95.0,75.0,83.9,99.1,23,23,24
2024-09-20,KHUM,91.4,75.2,82.1,100.5,24,24,24
2024-09-20,KMSY,92.0,77.0,84.3,103.1,23,23,24
2024-09-20,KNEW,92.0,81.0,85.4,104.5,24,24,24
2024-09-21,KASD,93.0,72.0,80.7,99.1,24,24,24
2024-09-21,KBTR,94.0,73.0,82.7,99.1,24,24,24
2024-09-21,KHUM,91.4,73.2,81.0,100.5,24,24,24
2024-09-21,KMSY,91.0,77.0,83.3,98.5,24,24,24
2024-09-21,KNEW,93.0,81.0,85.5,99.2,24,24,24
2024-09-22,KASD,91.0,71.0,80.2,99.4,24,24,24
2024-09-22,KBTR,94.0,72.0,82.1,100.3,24,24,24
2024-09-22,KHUM,91.4,73.0,81.2,98.6,24,24,24
2024-09-22,KMSY,87.0,76.0,81.2,97.5,24,24,24
2024-09-22,KNEW,91.0,80.0,85.0,100.7,24,24,24
2024-09-23,KASD,92.0,70.0,80.4,99.4,24,24,24
2024-09-23,KBTR,94.0,73.0,82.8,100.0,24,24,24
2024-09-23,KHUM,87.8,73.4,80.8,96.1,19,19,24
2024-09-23,KMSY,89.0,74.0,81.7,98.1,24,24,24
2024-09-23,KNEW,91.0,80.0,84.5,101.8,24,24,24
2024-09-24,KASD,91.0,71.0,80.2,98.3,24,24,24
2024-09-24,KBTR,92.0,73.0,82.4,97.9,24,24,24
2024-09-24,KHUM,89.6,73.4,84.5,102.5,13,13,24
2024-09-24,KMSY,90.0,75.0,82.0,98.3,24,24,24
2024-09-24,KNEW,91.0,80.0,84.7,98.5,24,24,24
2024-09-25,KASD,90.0,72.0,79.7,98.1,24,24,24
2024-09-25,KBTR,92.0,75.0,82.7,98.8,24,24,24
2024-09-25,KHUM,91.4,71.6,82.9,98.6,14,14,24
2024-09-25,KMSY,91.0,75.0,82.0,96.4,24,24,24
2024-09-25,KNEW,90.0,80.0,84.4,99.4,24,24,24
2024-09-26,KASD,87.0,70.0,77.1,88.3,24,24,24
2024-09-26,KBTR,88.0,71.0,77.8,88.4,24,24,24
2024-09-26,KHUM,86.0,73.4,80.3,89.4,14,14,24
2024-09-26,KMSY,86.0,75.0,79.3,86.7,24,24,24
2024-09-26,KNEW,88.0,76.0,81.3,90.5,24,24,24
2024-09-27,KASD,85.0,65.0,74.1,84.6,24,24,24
2024-09-27,KBTR,87.0,65.0,75.7,85.8,24,24,24
2024-09-27,KHUM,84.2,64.4,77.4,85.0,14,14,24
2024-09-27,KMSY,85.0,66.0,75.9,84.6,24,24,24
2024-09-27,KNEW,85.0,74.0,79.3,85.9,24,24,24
2024-09-28,KASD,88.0,66.0,77.3,88.9,24,24,24
2024-09-28,KBTR,91.0,68.0,78.2,92.0,24,24,24
2024-09-28,KHUM,87.8,68.0,81.4,87.8,14,14,24
2024-09-28,KMSY,90.0,69.0,78.5,90.5,24,24,24
2024-09-28,KNEW,89.0,74.0,81.2,93.5,24,24,24
2024-09-29,KASD,88.0,66.0,77.3,90.4,24,24,24
2024-09-29,KBTR,90.0,66.0,77.8,92.0,24,24,24
2024-09-29,KHUM,89.6,66.2,80.6,88.9,12,12,24
2024-09-29,KMSY,89.0,67.0,78.8,90.4,24,24,24
2024-09-29,KNEW,88.0,76.0,81.8,91.0,24,24,24
2024-09-30,KASD,88.0,68.0,77.3,91.0,24,24,24
2024-09-30,KBTR,90.0,68.0,78.1,92.6,24,24,24
2024-09-30,KHUM,84.2,71.6,80.0,87.4,13,13,24
2024-09-30,KMSY,86.0,73.0,78.9,90.0,24,24,24
2024-09-30,KNEW,84.0,79.0,82.2,88.9,24,24,24
2024-10-01,KASD,89.0,66.0,77.5,93.5,24,24,24
2024-10-01,KBTR,91.0,68.0,79.5,94.4,24,24,24
2024-10-01,KHUM,89.6,66.2,81.9,94.8,14,14,24
2024-10-01,KMSY,87.0,71.0,80.5,91.2,24,24,24
2024-10-01,KNEW,88.0,79.0,83.1,93.9,24,24,24
2024-10-02,KASD,89.0,68.0,77.2,91.7,24,24,24
2024-10-02,KBTR,92.0,69.0,80.1,93.6,24,24,24
2024-10-02,KHUM,87.8,69.8,81.1,90.3,11,11,24
2024-10-02,KMSY,87.0,76.0,80.8,89.3,24,24,24
2024-10-02,KNEW,88.0,77.0,81.7,92.4,24,24,24
2024-10-03,KASD,88.0,67.0,77.5,91.7,24,24,24
2024-10-03,KBTR,92.0,67.0,78.7,96.3,24,24,24
2024-10-03,KHUM,84.2,69.8,77.3,90.9,14,14,24
2024-10-03,KMSY,85.0,73.0,79.2,90.9,24,24,24
2024-10-03,KNEW,87.0,78.0,81.2,92.7,24,24,24
2024-10-04,KASD,81.0,75.0,76.6,86.3,24,24,24
2024-10-04,KBTR,84.0,76.0,78.3,91.1,24,24,24
2024-10-04,KHUM,77.0,73.4,75.2,77.9,14,14,24
2024-10-04,KMSY,80.0,75.0,77.1,86.5,24,24,24
2024-10-04,KNEW,82.0,77.0,78.6,89.3,24,24,24
2024-10-05,KASD,88.0,71.0,77.9,92.4,23,23,24
2024-10-05,KBTR,91.0,74.0,79.8,93.7,23,23,24
2024-10-05,KHUM,82.4,73.4,78.0,88.3,12,12,24
2024-10-05,KMSY,85.0,74.0,79.0,88.3,23,23,24
2024-10-05,KNEW,85.0,76.0,80.4,90.2,24,24,24
2024-10-06,KASD,89.0,71.0,78.4,96.0,24,24,24
2024-10-06,KBTR,91.0,71.0,80.2,95.1,24,24,24
2024-10-06,KHUM,86.0,73.4,81.0,92.4,13,13,24
2024-10-06,KMSY,88.0,76.0,81.1,94.8,24,24,24
2024-10-06,KNEW,87.0,78.0,81.8,94.4,24,24,24
2024-10-07,KASD,90.0,69.0,78.3,91.4,24,24,24
2024-10-07,KBTR,93.0,70.0,80.4,92.4,24,24,24
2024-10-07,KHUM,87.8,71.6,80.9,91.4,13,13,24
2024-10-07,KMSY,89.0,75.0,81.6,89.9,24,24,24
2024-10-07,KNEW,88.0,77.0,82.0,93.1,24,24,24
2024-10-08,KASD,84.0,61.0,71.1,83.5,24,24,24
2024-10-08,KBTR,86.0,63.0,73.7,83.4,24,24,24
2024-10-08,KHUM,82.4,64.4,75.0,81.8,12,12,24
2024-10-08,KMSY,82.0,72.0,77.0,81.6,24,24,24
2024-10-08,KNEW,84.0,72.0,78.2,83.7,24,24,24
2024-10-09,KASD,88.0,59.0,71.8,89.9,24,24,24
2024-10-09,KBTR,89.0,59.0,73.9,87.4,24,24,24
2024-10-09,KHUM,84.2,60.8,73.0,86.5,10,10,24
2024-10-09,KMSY,86.0,70.0,76.6,88.3,24,24,24
2024-10-09,KNEW,84.0,70.0,77.7,90.3,24,24,24
2024-10-10,KASD,87.0,62.0,72.9,85.8,24,24,24
2024-10-10,KBTR,90.0,63.0,74.9,88.3,24,24,24
2024-10-10,KHUM,84.2,64.4,75.0,85.7,10,10,24
2024-10-10,KMSY,86.0,72.0,77.5,84.7,24,24,24
2024-10-10,KNEW,83.0,74.0,78.8,84.8,24,24,24
2024-10-11,KASD,86.0,56.0,69.3,84.1,24,24,24
2024-10-11,KBTR,89.0,59.0,72.8,86.2,24,24,24
2024-10-11,KHUM,82.4,62.6,74.3,83.4,10,10,24
2024-10-11,KMSY,84.0,69.0,76.2,82.2,24,24,24
2024-10-11,KNEW,84.0,73.0,77.2,83.3,24,24,24
2024-10-12,KASD,84.0,56.0,69.3,83.3,24,24,24
2024-10-12,KBTR,88.0,59.0,73.2,86.2,24,24,24
2024-10-12,KHUM,84.2,59.0,75.5,83.1,13,13,24
2024-10-12,KMSY,84.0,62.0,73.1,83.1,24,24,24
2024-10-12,KNEW,83.0,69.0,76.2,84.4,24,24,24
2024-10-13,KASD,83.0,59.0,71.6,84.8,24,24,24
2024-10-13,KBTR,88.0,63.0,76.1,88.9,24,24,24
2024-10-13,KHUM,82.4,60.8,78.6,84.6,11,11,24
2024-10-13,KMSY,85.0,65.0,74.0,86.3,24,24,24
2024-10-13,KNEW,85.0,71.0,77.7,87.7,24,24,24
2024-10-14,KASD,87.0,64.0,75.5,93.5,24,24,24
2024-10-14,KBTR,89.0,70.0,77.9,90.9,24,24,24
2024-10-14,KHUM,87.8,60.8,79.2,94.2,13,13,24
2024-10-14,KMSY,88.0,68.0,76.9,93.9,24,24,24
2024-10-14,KNEW,87.0,73.0,78.7,89.9,24,24,24
2024-10-15,KASD,85.0,64.0,74.4,89.5,24,24,24
2024-10-15,KBTR,87.0,63.0,74.6,89.4,24,24,24
2024-10-15,KHUM,87.8,68.0,81.0,94.2,12,12,24
2024-10-15,KMSY,85.0,73.0,78.4,90.9,24,24,24
2024-10-15,KNEW,84.0,73.0,79.1,91.1,24,24,24
2024-10-16,KASD,70.0,47.0,60.0,68.9,24,24,24
2024-10-16,KBTR,73.0,49.0,62.2,71.9,24,24,24
2024-10-16,KHUM,68.0,59.0,64.0,67.0,14,14,24
2024-10-16,KMSY,72.0,58.0,64.6,71.4,24,24,24
2024-10-16,KNEW,73.0,58.0,65.8,72.6,24,24,24
2024-10-17,KASD,72.0,41.0,54.9,71.1,24,24,24
2024-10-17,KBTR,74.0,46.0,57.5,73.1,24,24,24
2024-10-17,KHUM,69.8,51.8,64.1,69.4,14,14,24
2024-10-17,KMSY,70.0,55.0,62.3,69.0,24,24,24
2024-10-17,KNEW,70.0,57.0,63.0,69.2,24,24,24
2024-10-18,KASD,76.0,42.0,58.8,75.7,24,24,24
2024-10-18,KBTR,78.0,44.0,60.7,77.5,24,24,24
2024-10-18,KHUM,75.2,50.0,66.5,75.0,14,14,24
2024-10-18,KMSY,74.0,52.0,64.9,73.7,24,24,24
2024-10-18,KNEW,75.0,59.0,67.8,74.8,24,24,24
2024-10-19,KASD,81.0,51.0,64.2,81.4,24,24,24
2024-10-19,KBTR,84.0,54.0,67.5,82.1,24,24,24
2024-10-19,KHUM,78.8,57.2,71.1,78.9,12,12,24
2024-10-19,KMSY,78.0,64.0,70.1,78.0,24,24,24
2024-10-19,KNEW,78.0,65.0,70.8,78.1,24,24,24
2024-10-20,KASD,82.0,51.0,64.5,81.1,24,24,24
2024-10-20,KBTR,84.0,56.0,67.6,81.7,24,24,24
2024-10-20,KHUM,80.6,59.0,72.6,80.8,14,14,24
2024-10-20,KMSY,79.0,63.0,70.2,78.7,24,24,24
2024-10-20,KNEW,79.0,66.0,71.2,79.0,24,24,24
2024-10-21,KASD,83.0,46.0,62.9,81.3,24,24,24
2024-10-21,KBTR,85.0,51.0,66.0,82.7,24,24,24
2024-10-21,KHUM,82.4,55.4,71.7,81.2,14,14,24
2024-10-21,KMSY,81.0,59.0,68.6,79.8,24,24,24
2024-10-21,KNEW,80.0,66.0,71.2,79.7,24,24,24
2024-10-22,KASD,83.0,49.0,65.0,82.9,24,24,24
2024-10-22,KBTR,86.0,51.0,67.0,83.4,24,24,24
2024-10-22,KHUM,82.4,53.6,67.1,81.7,18,18,24
2024-10-22,KMSY,80.0,57.0,68.1,79.9,24,24,24
2024-10-22,KNEW,79.0,64.0,71.2,79.1,24,24,24
2024-10-23,KASD,85.0,54.0,68.0,85.2,24,24,24
2024-10-23,KBTR,86.0,53.0,68.3,84.1,24,24,24
2024-10-23,KHUM,82.4,56.7,67.1,82.5,24,24,24
2024-10-23,KMSY,82.0,59.0,70.5,82.9,24,24,24
2024-10-23,KNEW,82.0,66.0,73.3,83.2,24,24,24
2024-10-24,KASD,86.0,55.0,69.5,85.8,24,24,24
2024-10-24,KBTR,88.0,57.0,71.6,87.0,24,24,24
2024-10-24,KHUM,82.4,57.0,68.5,82.9,24,24,24
2024-10-24,KMSY,85.0,61.0,72.7,84.6,24,24,24
2024-10-24,KNEW,83.0,70.0,75.0,83.8,24,24,24
2024-10-25,KASD,84.0,55.0,68.8,85.0,24,24,24
2024-10-25,KBTR,88.0,57.0,71.8,87.3,24,24,24
2024-10-25,KHUM,84.2,57.2,69.9,86.5,24,24,24
2024-10-25,KMSY,83.0,62.0,72.6,84.1,24,24,24
2024-10-25,KNEW,81.0,69.0,74.4,83.4,24,24,24
2024-10-26,KASD,86.0,57.0,70.0,87.2,24,24,24
2024-10-26,KBTR,89.0,60.0,73.3,89.0,24,24,24
2024-10-26,KHUM,84.2,59.0,69.9,84.4,23,23,24
2024-10-26,KMSY,84.0,63.0,73.2,85.0,23,23,24
2024-10-26,KNEW,85.0,69.0,75.0,86.2,24,24,24
2024-10-27,KASD,86.0,57.0,69.4,86.2,24,24,24
2024-10-27,KBTR,88.0,61.0,73.7,88.0,24,24,24
2024-10-27,KHUM,82.4,59.0,69.6,84.6,24,24,24
2024-10-27,KMSY,85.0,61.0,72.9,84.3,24,24,24
2024-10-27,KNEW,83.0,67.0,74.8,85.2,24,24,24
2024-10-28,KASD,86.0,58.0,69.8,86.1,24,24,24
2024-10-28,KBTR,88.0,62.0,72.3,87.0,24,24,24
2024-10-28,KHUM,84.2,60.0,69.8,84.4,24,24,24
2024-10-28,KMSY,84.0,62.0,72.6,85.4,24,24,24
2024-10-28,KNEW,83.0,69.0,75.0,83.8,24,24,24
2024-10-29,KASD,81.0,62.0,72.0,84.1,24,24,24
2024-10-29,KBTR,88.0,63.0,75.2,90.4,24,24,24
2024-10-29,KHUM,84.2,64.4,73.3,86.5,24,24,24
2024-10-29,KMSY,84.0,69.0,76.3,87.2,24,24,24
2024-10-29,KNEW,83.0,74.0,78.1,86.5,24,24,24
2024-10-30,KASD,86.0,65.0,74.9,92.2,23,23,24
2024-10-30,KBTR,88.0,69.0,77.5,91.7,23,23,24
2024-10-30,KHUM,84.2,69.8,77.1,88.4,24,24,24
2024-10-30,KMSY,85.0,71.0,78.0,90.2,23,23,24
2024-10-30,KNEW,87.0,75.0,79.5,91.9,24,24,24
2024-10-31,KASD,85.0,74.0,77.2,91.7,24,24,24
2024-10-31,KBTR,82.0,72.0,76.5,87.4,24,24,24
2024-10-31,KHUM,82.4,75.2,77.9,88.3,23,23,24
2024-10-31,KMSY,86.0,75.0,78.9,93.1,24,24,24
2024-10-31,KNEW,87.0,76.0,79.8,93.5,24,24,24
2024-11-01,KASD,81.0,74.0,77.0,85.3,24,24,24
2024-11-01,KBTR,80.0,72.0,74.5,83.8,24,24,24
2024-11-01,KHUM,84.2,71.6,75.8,89.6,23,23,24
2024-11-01,KMSY,81.0,73.0,76.9,85.8,24,24,24
2024-11-01,KNEW,82.0,77.0,79.0,86.3,24,24,24
2024-11-02,KASD,83.0,68.0,74.6,85.2,23,23,24
2024-11-02,KBTR,85.0,73.0,76.9,87.2,24,24,24
2024-11-02,KHUM,84.2,69.8,75.2,86.5,23,23,24
2024-11-02,KMSY,84.0,74.0,77.4,86.2,23,23,24
2024-11-02,KNEW,83.0,75.0,78.3,86.5,24,24,24
2024-11-03,KASD,84.0,65.0,75.3,87.7,25,25,25
2024-11-03,KBTR,87.0,72.0,77.8,89.9,25,25,25
2024-11-03,KHUM,84.2,72.0,77.8,89.6,24,24,25
2024-11-03,KMSY,83.0,72.0,77.6,87.6,25,25,25
2024-11-03,KNEW,85.0,75.0,78.9,90.2,25,25,25
2024-11-04,KASD,84.0,76.0,79.0,89.6,24,24,24
2024-11-04,KBTR,89.0,75.0,79.8,92.1,24,24,24
2024-11-04,KHUM,84.2,75.0,78.6,88.4,22,22,24
2024-11-04,KMSY,84.0,75.0,78.0,90.3,24,24,24
2024-11-04,KNEW,84.0,77.0,79.2,90.3,24,24,24
2024-11-05,KASD,86.0,77.0,80.2,91.5,24,24,24
2024-11-05,KBTR,85.0,75.0,78.3,90.9,24,24,24
2024-11-05,KHUM,82.4,76.0,79.0,88.3,23,23,24
2024-11-05,KMSY,84.0,74.0,78.8,89.6,24,24,24
2024-11-05,KNEW,87.0,78.0,81.1,91.9,24,24,24
2024-11-06,KASD,87.0,73.0,79.2,94.0,24,24,24
2024-11-06,KBTR,90.0,74.0,79.9,94.7,24,24,24
2024-11-06,KHUM,87.8,71.6,78.3,91.4,22,22,24
2024-11-06,KMSY,87.0,72.0,79.6,95.4,24,24,24
2024-11-06,KNEW,85.0,76.0,80.1,92.0,24,24,24
2024-11-07,KASD,84.0,75.0,78.5,92.0,24,24,24
2024-11-07,KBTR,87.0,72.0,78.8,94.4,24,24,24
2024-11-07,KHUM,80.6,72.7,76.7,87.6,22,22,24
2024-11-07,KMSY,82.0,77.0,78.8,90.1,24,24,24
2024-11-07,KNEW,83.0,78.0,80.0,90.3,24,24,24
2024-11-08,KASD,81.0,74.0,76.8,85.8,24,24,24
2024-11-08,KBTR,83.0,76.0,78.2,88.2,24,24,24
2024-11-08,KHUM,82.4,75.2,78.0,89.5,23,23,24
2024-11-08,KMSY,80.0,76.0,77.8,84.1,24,24,24
2024-11-08,KNEW,81.0,77.0,78.8,85.8,24,24,24
2024-11-09,KASD,83.0,73.0,77.6,88.2,24,24,24
2024-11-09,KBTR,84.0,75.0,78.1,89.6,24,24,24
2024-11-09,KHUM,82.4,75.2,78.2,88.3,23,23,24
2024-11-09,KMSY,84.0,75.0,78.8,90.3,24,24,24
2024-11-09,KNEW,83.0,76.0,79.7,89.6,24,24,24
2024-11-10,KASD,78.0,72.0,75.2,78.8,24,24,24
2024-11-10,KBTR,79.0,71.0,75.8,79.6,24,24,24
2024-11-10,KHUM,78.8,72.5,74.8,79.6,23,23,24
2024-11-10,KMSY,78.0,73.0,75.9,78.8,24,24,24
2024-11-10,KNEW,80.0,75.0,77.0,84.5,24,24,24
2024-11-11,KASD,85.0,69.0,75.2,88.3,24,24,24
2024-11-11,KBTR,83.0,67.0,73.2,85.2,24,24,24
2024-11-11,KHUM,82.4,69.0,74.8,86.2,23,23,24
2024-11-11,KMSY,83.0,72.0,76.5,86.1,24,24,24
2024-11-11,KNEW,84.0,74.0,77.9,88.9,24,24,24
2024-11-12,KASD,73.0,67.0,70.1,73.7,24,24,24
2024-11-12,KBTR,73.0,62.0,68.5,73.3,24,24,24
2024-11-12,KHUM,75.6,66.2,69.6,76.5,22,22,24
2024-11-12,KMSY,75.0,68.0,71.5,75.9,24,24,24
2024-11-12,KNEW,77.0,71.0,73.3,77.8,24,24,24
2024-11-13,KASD,80.0,73.0,76.0,85.7,24,24,24
2024-11-13,KBTR,81.0,71.0,75.8,87.4,24,24,24
2024-11-13,KHUM,80.6,71.0,75.7,86.2,22,22,24
2024-11-13,KMSY,80.0,73.0,76.2,86.5,24,24,24
2024-11-13,KNEW,80.0,76.0,77.4,85.7,24,24,24
2024-11-14,KASD,76.0,53.0,67.1,75.9,24,24,24
2024-11-14,KBTR,75.0,54.0,65.8,74.7,24,24,24
2024-11-14,KHUM,75.2,57.2,67.7,75.1,21,21,24
2024-11-14,KMSY,74.0,65.0,70.2,73.7,24,24,24
2024-11-14,KNEW,76.0,67.0,72.2,76.5,24,24,24
2024-11-15,KASD,75.0,49.0,59.3,74.6,24,24,24
2024-11-15,KBTR,76.0,50.0,60.8,75.6,24,24,24
2024-11-15,KHUM,75.2,53.0,61.7,74.8,23,23,24
2024-11-15,KMSY,72.0,61.0,65.5,71.7,24,24,24
2024-11-15,KNEW,72.0,62.0,67.7,71.7,23,21,24
2024-11-16,KASD,78.0,47.0,62.8,78.1,24,24,24
2024-11-16,KBTR,78.0,51.0,64.3,78.0,24,24,24
2024-11-16,KHUM,77.0,52.3,65.2,77.1,22,22,24
2024-11-16,KMSY,77.0,58.0,68.0,77.2,24,24,24
2024-11-16,KNEW,77.0,65.0,71.0,77.2,24,24,24
2024-11-17,KASD,80.0,61.0,70.2,81.4,24,24,24
2024-11-17,KBTR,84.0,64.0,73.0,85.4,24,24,24
2024-11-17,KHUM,80.6,64.4,71.7,82.3,21,21,24
2024-11-17,KMSY,81.0,66.0,73.4,82.5,24,24,24
2024-11-17,KNEW,81.0,72.0,75.2,82.0,24,24,24
2024-11-18,KASD,84.0,62.0,74.0,86.7,24,24,24
2024-11-18,KBTR,84.0,65.0,74.8,85.8,24,24,24
2024-11-18,KHUM,80.6,66.0,74.2,83.9,22,22,24
2024-11-18,KMSY,83.0,71.0,76.3,85.6,24,24,24
2024-11-18,KNEW,84.0,72.0,77.8,86.2,24,24,24
2024-11-19,KASD,81.0,64.0,74.7,85.8,24,24,24
2024-11-19,KBTR,80.0,60.0,71.2,81.4,24,24,24
2024-11-19,KHUM,80.6,63.7,73.3,84.6,22,22,24
2024-11-19,KMSY,80.0,68.0,74.2,83.8,24,24,24
2024-11-19,KNEW,78.0,72.0,75.7,78.8,24,24,24
2024-11-20,KASD,73.0,47.0,61.0,72.7,24,24,24
2024-11-20,KBTR,70.0,49.0,60.5,69.2,24,24,24
2024-11-20,KHUM,71.6,50.0,62.4,71.1,21,21,24
2024-11-20,KMSY,72.0,59.0,66.0,71.8,24,24,24
2024-11-20,KNEW,73.0,61.0,68.2,72.8,24,24,24
2024-11-21,KASD,68.0,42.0,53.8,66.8,24,24,24
2024-11-21,KBTR,69.0,45.0,56.2,67.9,24,24,24
2024-11-21,KHUM,66.2,46.4,56.2,64.9,22,22,24
2024-11-21,KMSY,67.0,53.0,58.7,65.8,24,24,24
2024-11-21,KNEW,68.0,58.0,63.2,67.1,24,24,24
2024-11-22,KASD,66.0,42.0,51.5,65.0,24,24,24
2024-11-22,KBTR,67.0,44.0,53.7,66.0,24,24,24
2024-11-22,KHUM,66.2,46.0,55.7,65.1,23,23,24
2024-11-22,KMSY,64.0,49.0,56.0,63.0,24,24,24
2024-11-22,KNEW,65.0,56.0,60.5,64.2,24,24,24
2024-11-23,KASD,66.0,39.0,51.0,65.3,24,24,24
2024-11-23,KBTR,70.0,40.0,52.5,69.1,24,24,24
2024-11-23,KHUM,68.0,44.2,54.0,67.0,23,23,24
2024-11-23,KMSY,66.0,46.0,56.8,65.4,24,24,24
2024-11-23,KNEW,66.0,53.0,59.1,65.5,24,24,24
2024-11-24,KASD,74.0,41.0,58.5,73.9,24,24,24
2024-11-24,KBTR,78.0,44.0,61.6,77.9,24,24,24
2024-11-24,KHUM,73.4,45.0,60.2,73.5,22,22,24
2024-11-24,KMSY,74.0,49.0,62.9,74.1,24,24,24
2024-11-24,KNEW,76.0,53.0,65.3,76.0,24,24,24
2024-11-25,KASD,81.0,57.0,69.0,82.3,24,24,24
2024-11-25,KBTR,84.0,58.0,71.4,85.4,24,24,24
2024-11-25,KHUM,80.6,56.5,69.0,81.5,23,23,24
2024-11-25,KMSY,80.0,58.0,69.7,81.4,24,24,24
2024-11-25,KNEW,82.0,63.0,72.5,83.2,24,24,24
2024-11-26,KASD,72.0,67.0,69.6,72.1,14,14,24
2024-11-26,KBTR,72.0,53.0,64.8,71.8,24,24,24
2024-11-26,KHUM,69.8,58.0,66.4,70.5,21,21,24
2024-11-26,KMSY,69.0,58.0,66.2,69.7,24,24,24
2024-11-26,KNEW,71.0,61.0,67.9,71.4,24,24,24
2024-11-27,KASD,76.0,58.0,70.9,76.4,18,18,24
2024-11-27,KBTR,79.0,52.0,68.2,79.4,24,24,24
2024-11-27,KHUM,77.0,56.0,68.5,77.3,22,22,24
2024-11-27,KMSY,77.0,55.0,68.2,77.5,24,24,24
2024-11-27,KNEW,79.0,57.0,70.6,79.3,24,24,24
2024-11-28,KASD,73.0,52.0,65.0,73.5,24,24,24
2024-11-28,KBTR,74.0,53.0,63.8,74.5,24,24,24
2024-11-28,KHUM,75.2,53.6,67.6,75.8,21,21,24
2024-11-28,KMSY,73.0,54.0,65.8,73.7,24,24,24
2024-11-28,KNEW,74.0,57.0,67.7,74.5,24,24,24
2024-11-29,KASD,58.0,37.0,49.3,56.6,24,24,24
2024-11-29,KBTR,60.0,39.0,51.1,58.7,24,24,24
2024-11-29,KHUM,59.0,42.8,50.9,57.8,23,23,24
2024-11-29,KMSY,57.0,48.0,53.0,55.7,24,24,24
2024-11-29,KNEW,60.0,50.0,55.0,58.8,24,24,24
2024-11-30,KASD,61.0,32.0,41.9,59.5,21,21,24
2024-11-30,KBTR,61.0,34.0,45.3,59.4,24,24,24
2024-11-30,KHUM,60.8,39.2,48.3,59.9,22,22,24
2024-11-30,KMSY,58.0,44.0,49.9,56.8,24,24,24
2024-11-30,KNEW,59.0,46.0,51.9,57.8,24,24,24
2024-12-01,KASD,66.0,35.0,48.1,64.9,24,24,24
2024-12-01,KBTR,67.0,39.0,51.2,65.9,24,24,24
2024-12-01,KHUM,66.2,43.3,52.9,65.4,22,22,24
2024-12-01,KMSY,64.0,42.0,53.5,62.9,24,24,24
2024-12-01,KNEW,64.0,50.0,59.1,63.1,24,24,24
2024-12-02,KASD,66.0,35.0,47.5,64.8,24,24,24
2024-12-02,KBTR,67.0,40.0,50.6,65.8,24,24,24
2024-12-02,KHUM,64.4,41.0,49.4,63.3,22,22,24
2024-12-02,KMSY,61.0,44.0,52.9,59.9,24,24,24
2024-12-02,KNEW,62.0,52.0,55.6,61.0,24,24,24
2024-12-03,KASD,61.0,36.0,45.5,59.8,24,24,24
2024-12-03,KBTR,63.0,40.0,48.7,62.0,24,24,24
2024-12-03,KHUM,62.6,40.3,49.2,61.7,22,22,24
2024-12-03,KMSY,58.0,42.0,50.7,56.9,24,24,24
2024-12-03,KNEW,60.0,51.0,55.3,59.0,24,24,24
2024-12-04,KASD,66.0,33.0,52.4,65.6,23,23,24
2024-12-04,KBTR,61.0,39.0,52.9,60.4,24,24,24
2024-12-04,KHUM,68.0,41.7,56.5,67.8,22,22,24
2024-12-04,KMSY,68.0,42.0,57.5,67.7,24,24,24
2024-12-04,KNEW,69.0,51.0,59.6,68.7,24,24,24
2024-12-05,KASD,65.0,43.0,57.4,65.3,24,24,24
2024-12-05,KBTR,63.0,43.0,58.0,63.1,24,24,24
2024-12-05,KHUM,71.6,46.8,61.1,72.0,22,22,24
2024-12-05,KMSY,69.0,47.0,60.0,69.6,24,24,24
2024-12-05,KNEW,69.0,49.0,60.9,69.3,24,24,24
2024-12-06,KASD,55.0,34.0,42.2,53.3,24,24,24
2024-12-06,KBTR,56.0,34.0,43.6,54.3,24,24,24
2024-12-06,KHUM,53.6,37.4,44.9,52.0,23,23,24
2024-12-06,KMSY,52.0,40.0,46.5,50.4,24,24,24
2024-12-06,KNEW,54.0,41.0,48.3,52.5,24,24,24
2024-12-07,KASD,56.0,35.0,45.7,54.6,23,23,24
2024-12-07,KBTR,53.0,40.0,46.1,51.5,24,24,24
2024-12-07,KHUM,59.0,41.0,49.7,58.3,22,22,24
2024-12-07,KMSY,54.0,45.0,50.9,53.1,24,24,24
2024-12-07,KNEW,56.0,47.0,52.3,55.2,24,24,24
2024-12-08,KASD,68.0,45.0,58.8,68.2,24,24,24
2024-12-08,KBTR,68.0,48.0,60.4,68.4,24,24,24
2024-12-08,KHUM,71.6,51.3,63.7,71.9,23,23,24
2024-12-08,KMSY,70.0,54.0,63.4,70.2,24,24,24
2024-12-08,KNEW,72.0,55.0,64.6,71.9,24,24,24
2024-12-09,KASD,70.0,66.0,68.2,70.5,24,24,24
2024-12-09,KBTR,73.0,69.0,71.5,73.6,24,24,24
2024-12-09,KHUM,77.0,68.0,71.7,77.5,22,22,24
2024-12-09,KMSY,75.0,69.0,70.7,75.7,24,24,24
2024-12-09,KNEW,74.0,66.0,71.8,74.5,24,24,24
2024-12-10,KASD,77.0,59.0,69.2,77.6,24,24,24
2024-12-10,KBTR,78.0,59.0,68.4,78.3,24,24,24
2024-12-10,KHUM,75.2,58.6,69.5,75.9,22,22,24
2024-12-10,KMSY,77.0,58.0,69.3,77.7,24,24,24
2024-12-10,KNEW,77.0,60.0,70.6,77.5,24,24,24
2024-12-11,KASD,58.0,40.0,50.4,57.7,24,24,24
2024-12-11,KBTR,59.0,41.0,50.2,57.5,24,24,24
2024-12-11,KHUM,57.4,40.3,50.7,57.0,23,23,24
2024-12-11,KMSY,57.0,43.0,51.2,56.7,24,24,24
2024-12-11,KNEW,58.0,49.0,54.4,57.6,24,24,24
2024-12-12,KASD,60.0,35.0,45.2,58.5,24,24,24
2024-12-12,KBTR,61.0,37.0,47.0,59.5,24,24,24
2024-12-12,KHUM,59.0,37.4,47.7,57.6,22,22,24
2024-12-12,KMSY,57.0,40.0,50.5,55.8,24,24,24
2024-12-12,KNEW,56.0,47.0,52.2,54.7,24,24,24
2024-12-13,KASD,65.0,41.0,55.5,64.5,24,24,24
2024-12-13,KBTR,65.0,43.0,55.5,64.4,24,24,24
2024-12-13,KHUM,68.0,48.0,58.3,67.8,23,23,24
2024-12-13,KMSY,67.0,52.0,58.7,66.6,24,24,24
2024-12-13,KNEW,64.0,53.0,58.0,63.5,24,24,24
2024-12-14,KASD,71.0,51.0,62.5,71.1,24,24,24
2024-12-14,KBTR,74.0,54.0,64.0,74.0,24,24,24
2024-12-14,KHUM,73.4,55.4,64.1,73.4,23,23,24
2024-12-14,KMSY,74.0,58.0,65.4,74.2,24,24,24
2024-12-14,KNEW,69.0,58.0,63.4,69.0,24,24,24
2024-12-15,KASD,77.0,57.0,67.7,77.3,24,24,24
2024-12-15,KBTR,80.0,58.0,69.5,81.6,24,24,24
2024-12-15,KHUM,78.8,55.4,66.4,79.1,20,20,24
2024-12-15,KMSY,77.0,57.0,67.6,77.3,24,24,24
2024-12-15,KNEW,76.0,59.0,66.4,76.3,24,24,24
2024-12-16,KASD,76.0,62.0,69.1,76.3,24,24,24
2024-12-16,KBTR,78.0,67.0,71.3,78.4,24,24,24
2024-12-16,KHUM,77.0,60.6,67.3,77.4,20,20,24
2024-12-16,KMSY,75.0,62.0,67.8,75.5,24,24,24
2024-12-16,KNEW,75.0,63.0,67.1,75.3,24,24,24
2024-12-17,KASD,79.0,56.0,66.0,79.1,24,24,24
2024-12-17,KBTR,81.0,59.0,68.8,81.8,24,24,24
2024-12-17,KHUM,78.8,57.2,65.2,78.9,21,21,24
2024-12-17,KMSY,77.0,59.0,66.4,77.2,24,24,24
2024-12-17,KNEW,73.0,61.0,65.2,73.2,24,24,24
2024-12-18,KASD,76.0,55.0,64.7,76.2,24,24,24
2024-12-18,KBTR,77.0,54.0,64.8,77.2,24,24,24
2024-12-18,KHUM,78.8,55.4,65.1,78.9,21,21,24
2024-12-18,KMSY,76.0,57.0,65.3,76.3,24,24,24
2024-12-18,KNEW,70.0,60.0,63.9,70.2,24,24,24
2024-12-19,KASD,61.0,42.0,54.0,60.9,24,24,24
2024-12-19,KBTR,62.0,46.0,54.3,61.3,24,24,24
2024-12-19,KHUM,66.2,48.6,58.9,65.9,22,22,24
2024-12-19,KMSY,62.0,50.0,56.4,62.0,24,24,24
2024-12-19,KNEW,62.0,52.0,56.6,61.9,24,24,24
2024-12-20,KASD,68.0,37.0,50.5,67.1,24,24,24
2024-12-20,KBTR,69.0,41.0,52.8,67.9,24,24,24
2024-12-20,KHUM,66.2,44.0,53.4,65.4,22,22,24
2024-12-20,KMSY,66.0,44.0,55.1,65.1,24,24,24
2024-12-20,KNEW,63.0,47.0,56.0,62.4,24,24,24
2024-12-21,KASD,55.0,34.0,42.1,53.5,24,24,24
2024-12-21,KBTR,56.0,35.0,44.2,54.4,24,24,24
2024-12-21,KHUM,51.8,37.4,43.4,50.3,22,22,24
2024-12-21,KMSY,53.0,40.0,46.4,51.6,24,24,24
2024-12-21,KNEW,54.0,41.0,47.1,52.6,24,24,24
2024-12-22,KASD,60.0,31.0,42.3,58.5,24,24,24
2024-12-22,KBTR,61.0,32.0,44.4,59.6,24,24,24
2024-12-22,KHUM,59.0,35.6,44.3,57.6,22,22,24
2024-12-22,KMSY,55.0,38.0,47.3,53.5,24,24,24
2024-12-22,KNEW,56.0,43.0,48.4,54.8,24,24,24
2024-12-23,KASD,67.0,32.0,49.5,66.4,24,24,24
2024-12-23,KBTR,67.0,36.0,51.1,66.3,24,24,24
2024-12-23,KHUM,66.2,39.0,50.8,65.6,21,21,24
2024-12-23,KMSY,64.0,41.0,54.2,63.5,24,24,24
2024-12-23,KNEW,63.0,49.0,55.5,62.5,24,24,24
2024-12-24,KASD,70.0,40.0,54.8,69.8,24,24,24
2024-12-24,KBTR,75.0,46.0,59.8,74.6,24,24,24
2024-12-24,KHUM,71.6,47.7,57.5,71.5,22,22,24
2024-12-24,KMSY,71.0,52.0,60.5,70.9,24,24,24
2024-12-24,KNEW,67.0,53.0,59.8,66.9,24,24,24
2024-12-25,KASD,64.0,51.0,59.0,63.9,24,24,24
2024-12-25,KBTR,65.0,57.0,60.9,65.0,24,24,24
2024-12-25,KHUM,69.8,60.3,63.3,70.1,23,23,24
2024-12-25,KMSY,64.0,59.0,61.3,64.3,24,24,24
2024-12-25,KNEW,63.0,59.0,61.1,63.0,24,24,24
2024-12-26,KASD,70.0,60.0,65.5,70.5,24,24,24
2024-12-26,KBTR,69.0,60.0,64.4,69.4,24,24,24
2024-12-26,KHUM,75.2,60.3,66.3,75.7,23,23,24
2024-12-26,KMSY,72.0,59.0,64.8,72.3,24,24,24
2024-12-26,KNEW,69.0,59.0,62.8,69.5,24,24,24
2024-12-27,KASD,79.0,68.0,72.2,79.6,24,24,24
2024-12-27,KBTR,79.0,69.0,72.5,79.3,24,24,24
2024-12-27,KHUM,80.6,67.6,73.0,84.6,21,21,24
2024-12-27,KMSY,80.0,69.0,73.0,84.1,24,24,24
2024-12-27,KNEW,78.0,67.0,72.6,78.6,24,24,24
2024-12-28,KASD,72.0,60.0,68.4,72.4,24,24,24
2024-12-28,KBTR,77.0,57.0,69.2,77.7,24,24,24
2024-12-28,KHUM,75.2,61.7,70.4,75.7,21,21,24
2024-12-28,KMSY,74.0,60.0,69.2,74.7,24,24,24
2024-12-28,KNEW,74.0,60.0,69.2,74.5,24,24,24
2024-12-29,KASD,70.0,50.0,59.9,69.7,24,24,24
2024-12-29,KBTR,68.0,50.0,57.6,67.6,24,24,24
2024-12-29,KHUM,71.6,53.0,61.6,71.3,22,22,24
2024-12-29,KMSY,67.0,55.0,60.5,66.7,24,24,24
2024-12-29,KNEW,64.0,56.0,60.5,64.0,24,24,24
2024-12-30,KASD,72.0,47.0,60.4,71.9,24,24,24
2024-12-30,KBTR,75.0,46.0,60.5,74.9,24,24,24
2024-12-30,KHUM,73.4,48.2,60.9,73.4,22,22,24
2024-12-30,KMSY,73.0,51.0,62.2,73.1,24,24,24
2024-12-30,KNEW,74.0,54.0,63.7,73.9,24,24,24
2024-12-31,KASD,77.0,51.0,64.4,76.4,24,24,24
2024-12-31,KBTR,78.0,51.0,66.4,77.3,24,24,24
2024-12-31,KHUM,75.2,50.7,64.9,75.3,22,22,24
2024-12-31,KMSY,75.0,57.0,65.8,74.8,24,24,24
2024-12-31,KNEW,69.0,57.0,64.4,68.7,24,24,24
2025-01-01,KASD,63.0,41.0,50.2,61.9,24,24,24
2025-01-01,KBTR,63.0,43.0,51.1,61.9,24,24,24
2025-01-01,KHUM,60.8,44.8,52.4,59.7,21,21,24
2025-01-01,KMSY,60.0,50.0,54.8,59.0,24,24,24
2025-01-01,KNEW,60.0,51.0,55.6,59.1,24,24,24
2025-01-02,KASD,64.0,37.0,49.7,63.1,24,24,24
2025-01-02,KBTR,64.0,40.0,52.3,63.2,24,24,24
2025-01-02,KHUM,66.2,42.8,54.5,65.8,23,23,24
2025-01-02,KMSY,63.0,49.0,55.5,62.5,24,24,24
2025-01-02,KNEW,61.0,49.0,55.5,60.3,24,24,24
2025-01-03,KASD,69.0,44.0,55.6,68.3,24,24,24
2025-01-03,KBTR,70.0,48.0,58.7,69.3,24,24,24
2025-01-03,KHUM,69.8,50.0,59.4,69.5,23,23,24
2025-01-03,KMSY,67.0,55.0,60.1,66.3,24,24,24
2025-01-03,KNEW,65.0,57.0,60.3,64.5,24,24,24
2025-01-04,KASD,63.0,45.0,55.1,62.1,24,24,24
2025-01-04,KBTR,65.0,46.0,56.3,64.3,24,24,24
2025-01-04,KHUM,60.8,51.3,57.6,60.6,22,22,24
2025-01-04,KMSY,63.0,53.0,58.5,62.4,24,24,24
2025-01-04,KNEW,62.0,54.0,58.2,61.3,24,24,24
2025-01-05,KASD,77.0,58.0,68.6,77.3,24,24,24
2025-01-05,KBTR,80.0,52.0,67.4,81.2,24,24,24
2025-01-05,KHUM,75.2,56.0,69.0,75.5,23,23,24
2025-01-05,KMSY,77.0,56.0,68.8,77.3,24,24,24
2025-01-05,KNEW,77.0,58.0,69.2,77.3,24,24,24
2025-01-06,KASD,57.0,32.0,40.2,56.9,24,24,24
2025-01-06,KBTR,47.0,33.0,37.9,45.9,24,24,24
2025-01-06,KHUM,54.0,34.0,41.0,53.7,22,22,24
2025-01-06,KMSY,56.0,35.0,41.2,56.0,24,24,24
2025-01-06,KNEW,57.0,36.0,42.5,56.8,24,24,24
2025-01-07,KASD,48.0,30.0,37.5,46.3,24,24,24
2025-01-07,KBTR,49.0,30.0,37.0,47.3,24,24,24
2025-01-07,KHUM,44.6,31.6,37.7,43.0,16,16,24
2025-01-07,KMSY,45.0,34.0,39.2,43.5,24,24,24
2025-01-07,KNEW,47.0,34.0,40.1,45.5,24,24,24
2025-01-08,KASD,49.0,30.0,37.8,47.4,24,24,24
2025-01-08,KBTR,48.0,30.0,37.7,46.2,24,24,24
2025-01-08,KHUM,46.4,32.0,38.6,44.8,23,23,24
2025-01-08,KMSY,46.0,33.0,39.8,44.5,24,24,24
2025-01-08,KNEW,47.0,34.0,41.1,45.5,24,24,24
2025-01-09,KASD,48.0,30.0,40.5,46.2,24,24,24
2025-01-09,KBTR,46.0,31.0,39.0,44.2,24,24,24
2025-01-09,KHUM,55.4,34.7,42.7,54.9,21,21,24
2025-01-09,KMSY,51.0,38.0,43.4,50.3,24,24,24
2025-01-09,KNEW,51.0,37.0,43.6,50.1,24,24,24
2025-01-10,KASD,59.0,41.0,46.4,59.0,24,24,24
2025-01-10,KBTR,50.0,40.0,43.5,49.3,24,24,24
2025-01-10,KHUM,62.6,41.0,50.6,62.8,23,23,24
2025-01-10,KMSY,58.0,41.0,47.6,58.1,24,24,24
2025-01-10,KNEW,58.0,43.0,48.6,57.9,24,24,24
2025-01-11,KASD,51.0,34.0,40.6,49.6,24,24,24
2025-01-11,KBTR,51.0,34.0,41.6,49.5,24,24,24
2025-01-11,KHUM,48.2,34.7,40.5,46.8,22,22,24
2025-01-11,KMSY,48.0,36.0,41.2,46.6,24,24,24
2025-01-11,KNEW,45.0,38.0,41.7,43.6,24,24,24
2025-01-12,KASD,53.0,31.0,44.6,52.3,24,24,24
2025-01-12,KBTR,51.0,32.0,44.0,50.6,24,24,24
2025-01-12,KHUM,53.6,33.0,46.8,53.4,22,22,24
2025-01-12,KMSY,56.0,34.0,47.1,56.0,24,24,24
2025-01-12,KNEW,53.0,37.0,47.8,52.8,24,24,24
2025-01-13,KASD,62.0,45.0,53.8,61.4,24,24,24
2025-01-13,KBTR,64.0,42.0,53.8,63.1,24,24,24
2025-01-13,KHUM,60.8,46.0,53.7,60.4,23,23,24
2025-01-13,KMSY,60.0,49.0,53.9,59.3,24,24,24
2025-01-13,KNEW,57.0,49.0,52.8,56.5,24,24,24
2025-01-14,KASD,55.0,37.0,46.3,53.6,21,21,24
2025-01-14,KBTR,58.0,34.0,47.3,56.5,24,24,24
2025-01-14,KHUM,64.4,39.2,48.1,63.6,23,23,24
2025-01-14,KMSY,51.0,43.0,48.3,50.1,24,24,24
2025-01-14,KNEW,53.0,44.0,48.9,51.7,24,24,24
2025-01-15,KASD,61.0,47.0,52.0,59.5,20,20,24
2025-01-15,KBTR,61.0,48.0,54.3,59.7,24,24,24
2025-01-15,KHUM,62.6,48.2,53.3,61.9,23,23,24
2025-01-15,KMSY,60.0,49.0,52.7,59.1,24,24,24
2025-01-15,KNEW,59.0,50.0,52.8,58.1,24,24,24
2025-01-16,KASD,66.0,40.0,52.0,64.7,22,22,24
2025-01-16,KBTR,67.0,38.0,52.0,65.7,24,24,24
2025-01-16,KHUM,62.6,42.6,51.9,61.4,21,21,24
2025-01-16,KMSY,64.0,45.0,53.6,62.8,24,24,24
2025-01-16,KNEW,58.0,49.0,53.7,57.1,24,24,24
2025-01-17,KASD,64.0,35.0,52.7,63.9,23,23,24
2025-01-17,KBTR,64.0,35.0,52.6,62.9,24,24,24
2025-01-17,KHUM,64.4,37.0,54.0,63.9,23,23,24
2025-01-17,KMSY,65.0,40.0,55.2,65.3,24,24,24
2025-01-17,KNEW,65.0,45.0,57.0,65.1,24,24,24
2025-01-18,KASD,74.0,58.0,65.3,74.1,23,23,24
2025-01-18,KBTR,77.0,53.0,66.8,76.6,24,24,24
2025-01-18,KHUM,68.0,57.7,63.8,68.3,22,22,24
2025-01-18,KMSY,71.0,57.0,64.4,71.4,24,24,24
2025-01-18,KNEW,70.0,57.0,63.1,70.3,24,24,24
2025-01-19,KASD,56.0,30.0,44.3,55.5,22,22,24
2025-01-19,KBTR,51.0,31.0,43.1,50.1,24,24,24
2025-01-19,KHUM,56.3,33.8,46.2,55.9,23,23,24
2025-01-19,KMSY,55.0,35.0,45.3,54.6,24,24,24
2025-01-19,KNEW,56.0,36.0,46.7,55.5,24,24,24
2025-01-20,KASD,42.0,25.0,34.8,39.5,21,21,24
2025-01-20,KBTR,42.0,25.0,34.5,39.4,24,24,24
2025-01-20,KHUM,39.2,28.4,34.7,36.9,23,23,24
2025-01-20,KMSY,41.0,30.0,35.8,38.5,24,24,24
2025-01-20,KNEW,42.0,31.0,37.2,39.7,24,24,24
2025-01-21,KASD,35.0,20.0,27.5,32.3,24,24,24
2025-01-21,KBTR,36.0,15.0,27.3,33.3,24,24,24
2025-01-21,KHUM,37.0,19.0,29.8,34.8,10,10,24
2025-01-21,KMSY,37.0,27.0,29.9,34.5,24,24,24
2025-01-21,KNEW,38.0,28.0,31.3,35.6,24,24,24
2025-01-22,KASD,38.0,11.0,24.4,35.6,23,23,24
2025-01-22,KBTR,36.0,9.0,22.9,33.6,24,24,24
2025-01-22,KHUM,22.3,15.0,18.2,20.5,10,10,24
2025-01-22,KMSY,34.0,23.0,27.7,31.8,24,24,24
2025-01-22,KNEW,33.0,26.0,28.2,30.6,13,13,24
2025-01-23,KASD,51.0,23.0,34.5,49.2,23,23,24
2025-01-23,KBTR,51.0,22.0,35.5,49.2,24,24,24
2025-01-23,KHUM,46.4,21.0,33.2,44.6,18,18,24
2025-01-23,KMSY,48.0,23.0,35.1,46.2,24,24,24
2025-01-23,KNEW,45.0,37.0,40.3,43.5,13,13,24
2025-01-24,KASD,54.0,29.0,40.0,52.2,24,24,24
2025-01-24,KBTR,54.0,31.0,41.2,52.2,24,24,24
2025-01-24,KHUM,53.6,31.5,41.8,51.9,23,23,24
2025-01-24,KMSY,53.0,34.0,42.1,51.2,24,24,24
2025-01-24,KNEW,49.0,40.0,45.2,47.7,24,24,24
2025-01-25,KASD,60.0,24.0,43.6,58.9,24,24,24
2025-01-25,KBTR,61.0,26.0,45.4,59.9,24,24,24
2025-01-25,KHUM,59.0,28.4,44.5,58.0,22,22,24
2025-01-25,KMSY,57.0,30.0,45.0,55.8,24,24,24
2025-01-25,KNEW,56.0,37.0,47.6,54.8,24,24,24
2025-01-26,KASD,66.0,52.0,59.5,65.6,24,24,24
2025-01-26,KBTR,69.0,52.0,61.1,68.9,24,24,24
2025-01-26,KHUM,69.8,51.8,60.2,69.7,22,21,24
2025-01-26,KMSY,68.0,51.0,60.2,67.7,24,24,24
2025-01-26,KNEW,68.0,53.0,59.8,67.7,24,24,24
2025-01-27,KASD,66.0,53.0,60.0,66.1,24,24,24
2025-01-27,KBTR,63.0,52.0,57.9,62.8,24,24,24
2025-01-27,KHUM,71.6,51.0,62.1,71.8,22,22,24
2025-01-27,KMSY,67.0,53.0,59.2,67.3,24,24,24
2025-01-27,KNEW,65.0,52.0,56.8,65.1,24,24,24
2025-01-28,KASD,61.0,49.0,53.9,60.4,24,24,24
2025-01-28,KBTR,63.0,49.0,55.0,62.4,24,24,24
2025-01-28,KHUM,66.2,50.0,54.1,65.8,23,23,24
2025-01-28,KMSY,60.0,50.0,52.8,59.5,24,24,24
2025-01-28,KNEW,56.0,51.0,52.8,55.4,24,24,24
2025-01-29,KASD,74.0,48.0,60.1,73.9,24,24,24
2025-01-29,KBTR,78.0,51.0,63.8,77.9,24,24,24
2025-01-29,KHUM,71.6,49.0,60.8,71.8,23,23,24
2025-01-29,KMSY,71.0,50.0,61.3,70.9,24,24,24
2025-01-29,KNEW,68.0,51.0,58.8,67.7,24,24,24
2025-01-30,KASD,76.0,65.0,69.8,76.3,24,24,24
2025-01-30,KBTR,80.0,64.0,72.2,81.8,24,24,24
2025-01-30,KHUM,78.8,67.0,71.3,79.2,21,21,24
2025-01-30,KMSY,77.0,65.0,70.5,77.4,24,24,24
2025-01-30,KNEW,79.0,62.0,71.5,79.3,24,24,24
2025-01-31,KASD,74.0,50.0,63.7,73.2,24,24,24
2025-01-31,KBTR,74.0,53.0,62.9,74.4,24,24,24
2025-01-31,KHUM,73.4,50.0,65.0,72.6,23,23,24
2025-01-31,KMSY,76.0,57.0,65.7,75.2,24,24,24
2025-01-31,KNEW,72.0,56.0,62.3,72.6,24,24,24
2025-02-01,KASD,68.0,42.0,54.0,67.2,24,24,24
2025-02-01,KBTR,71.0,43.0,56.5,70.2,24,24,24
2025-02-01,KHUM,68.0,46.4,55.5,67.2,23,23,24
2025-02-01,KMSY,68.0,51.0,58.3,67.2,24,24,24
2025-02-01,KNEW,67.0,53.0,57.8,66.3,24,24,24
2025-02-02,KASD,71.0,40.0,54.9,70.4,24,24,24
2025-02-02,KBTR,74.0,42.0,59.1,73.4,24,24,24
2025-02-02,KHUM,71.6,44.6,57.6,71.2,23,23,24
2025-02-02,KMSY,72.0,46.0,58.6,71.3,24,24,24
2025-02-02,KNEW,70.0,50.0,59.2,69.5,24,24,24
2025-02-03,KASD,77.0,45.0,60.9,77.1,24,24,24
2025-02-03,KBTR,82.0,50.0,67.2,83.2,24,24,24
2025-02-03,KHUM,75.2,52.3,64.3,75.3,22,22,24
2025-02-03,KMSY,76.0,53.0,65.0,76.2,24,24,24
2025-02-03,KNEW,77.0,56.0,66.7,77.1,24,24,24
2025-02-04,KASD,79.0,58.0,66.5,79.4,24,24,24
2025-02-04,KBTR,77.0,64.0,71.3,77.3,17,17,24
2025-02-04,KHUM,75.2,64.6,69.6,75.4,23,23,24
2025-02-04,KMSY,75.0,65.0,69.4,75.3,24,24,24
2025-02-04,KNEW,73.0,62.0,68.0,73.3,24,24,24
2025-02-05,KASD,77.0,60.0,67.0,77.2,19,19,24
2025-02-05,KBTR,81.0,64.0,72.5,81.8,18,18,24
2025-02-05,KHUM,75.2,62.0,68.9,75.7,23,23,24
2025-02-05,KMSY,77.0,63.0,69.8,77.3,24,24,24
2025-02-05,KNEW,78.0,62.0,69.7,78.3,24,24,24
2025-02-06,KASD,82.0,66.0,72.7,84.9,24,24,24
2025-02-06,KBTR,86.0,68.0,74.7,85.5,15,15,24
2025-02-06,KHUM,82.4,66.4,73.1,84.6,23,23,24
2025-02-06,KMSY,79.0,67.0,71.8,79.4,24,24,24
2025-02-06,KNEW,80.0,69.0,73.1,82.1,24,24,24
2025-02-07,KASD,79.0,61.0,70.1,79.3,24,24,24
2025-02-07,KBTR,84.0,66.0,74.4,84.6,16,16,24
2025-02-07,KHUM,80.6,59.0,70.2,82.8,23,23,24
2025-02-07,KMSY,78.0,60.0,69.2,78.4,24,24,24
2025-02-07,KNEW,76.0,62.0,69.0,76.4,24,24,24
2025-02-08,KASD,84.0,66.0,73.8,88.3,24,24,24
2025-02-08,KBTR,82.0,66.0,73.5,83.5,19,19,24
2025-02-08,KHUM,82.4,64.6,72.5,85.4,23,23,24
2025-02-08,KMSY,84.0,67.0,73.7,86.7,24,24,24
2025-02-08,KNEW,84.0,68.0,74.3,86.7,24,24,24
2025-02-09,KASD,83.0,65.0,73.0,84.1,24,24,24
2025-02-09,KBTR,82.0,68.0,71.4,82.6,17,17,24
2025-02-09,KHUM,82.4,60.3,70.1,84.6,24,24,24
2025-02-09,KMSY,77.0,68.0,70.8,77.6,24,24,24
2025-02-09,KNEW,76.0,65.0,70.6,76.3,24,24,24
2025-02-10,KASD,73.0,64.0,68.2,73.0,24,24,24
2025-02-10,KBTR,72.0,57.0,63.9,71.9,17,17,24
2025-02-10,KHUM,75.2,63.3,68.1,75.4,22,22,24
2025-02-10,KMSY,70.0,64.0,67.3,70.7,24,24,24
2025-02-10,KNEW,70.0,65.0,67.5,70.5,24,24,24
2025-02-11,KASD,83.0,65.0,72.5,85.2,24,24,24
2025-02-11,KBTR,75.0,59.0,68.7,75.5,18,18,24
2025-02-11,KHUM,82.4,62.6,71.6,84.6,23,23,24
2025-02-11,KMSY,82.0,64.0,72.2,84.9,24,24,24
2025-02-11,KNEW,83.0,65.0,73.1,85.2,24,24,24
2025-02-12,KASD,82.0,64.0,73.5,86.3,24,24,24
2025-02-12,KBTR,82.0,62.0,70.3,84.9,15,15,24
2025-02-12,KHUM,82.4,65.5,74.3,87.2,21,21,24
2025-02-12,KMSY,83.0,64.0,72.8,88.9,24,24,24
2025-02-12,KNEW,84.0,64.0,74.2,88.3,24,24,24
2025-02-13,KASD,66.0,47.0,55.3,66.3,24,24,24
2025-02-13,KBTR,58.0,46.0,52.1,56.9,16,16,24
2025-02-13,KHUM,73.4,50.0,57.6,73.1,23,23,24
2025-02-13,KMSY,64.4,51.8,55.9,64.8,24,24,24
2025-02-13,KNEW,66.0,53.0,58.1,66.3,24,24,24
2025-02-14,KASD,68.0,44.0,55.9,68.2,24,24,24
2025-02-14,KBTR,63.0,39.0,54.2,63.2,19,19,24
2025-02-14,KHUM,69.0,48.2,57.9,69.5,23,23,24
2025-02-14,KMSY,67.0,48.4,57.6,67.5,24,24,24
2025-02-14,KNEW,69.0,49.0,58.2,69.3,24,24,24
2025-02-15,KASD,80.0,69.0,74.0,83.1,24,24,24
2025-02-15,KBTR,83.0,64.0,74.5,85.2,24,24,24
2025-02-15,KHUM,80.6,69.8,74.0,83.9,23,23,24
2025-02-15,KMSY,81.0,68.0,73.7,85.2,24,24,24
2025-02-15,KNEW,82.0,70.0,75.6,84.9,24,24,24
2025-02-16,KASD,75.0,41.0,56.8,75.6,24,24,24
2025-02-16,KBTR,68.0,39.0,53.2,68.1,24,24,24
2025-02-16,KHUM,74.5,44.2,60.4,75.1,23,23,24
2025-02-16,KMSY,75.0,46.8,59.0,75.7,24,24,24
2025-02-16,KNEW,75.0,46.0,59.6,75.5,24,24,24
2025-02-17,KASD,60.0,35.0,45.2,58.6,24,24,24
2025-02-17,KBTR,58.0,34.0,44.9,56.5,24,24,24
2025-02-17,KHUM,57.2,39.2,46.3,55.9,23,23,24
2025-02-17,KMSY,56.0,41.0,47.1,54.6,24,24,24
2025-02-17,KNEW,57.0,43.0,48.8,55.7,24,24,24
2025-02-18,KASD,62.0,37.0,52.0,61.1,24,24,24
2025-02-18,KBTR,63.0,39.0,52.2,62.3,24,24,24
2025-02-18,KHUM,62.6,44.6,54.6,62.1,21,21,24
2025-02-18,KMSY,61.0,45.3,55.4,60.5,22,22,24
2025-02-18,KNEW,61.0,50.0,56.8,60.7,24,24,24
2025-02-19,KASD,56.0,33.0,46.2,55.8,24,24,24
2025-02-19,KBTR,55.0,29.0,38.0,54.9,24,24,24
2025-02-19,KHUM,57.6,34.0,47.6,57.5,21,21,24
2025-02-19,KMSY,57.2,34.0,46.7,57.3,24,24,24
2025-02-19,KNEW,59.0,37.0,49.7,58.9,23,23,24
2025-02-20,KASD,46.0,27.0,35.5,43.9,24,24,24
2025-02-20,KBTR,43.0,25.0,32.7,40.9,24,24,24
2025-02-20,KHUM,44.6,28.4,35.8,42.7,21,21,24
2025-02-20,KMSY,44.0,30.0,36.8,42.0,24,24,24
2025-02-20,KNEW,48.0,31.0,39.5,46.1,24,24,24
2025-02-21,KASD,55.0,29.0,41.1,53.1,24,24,24
2025-02-21,KBTR,49.0,25.0,38.2,46.9,24,24,24
2025-02-21,KHUM,46.4,30.0,40.0,44.6,23,23,24
2025-02-21,KMSY,48.0,33.0,40.8,46.2,24,24,24
2025-02-21,KNEW,49.0,34.0,42.4,47.3,24,24,24
2025-02-22,KASD,62.0,44.0,52.1,60.6,24,24,24
2025-02-22,KBTR,55.0,42.0,48.1,53.4,24,24,24
2025-02-22,KHUM,60.8,44.2,51.8,59.9,23,23,24
2025-02-22,KMSY,58.0,47.0,52.1,56.8,24,24,24
2025-02-22,KNEW,57.0,47.0,52.7,56.1,24,24,24
2025-02-23,KASD,54.0,46.0,49.9,53.7,24,24,24
2025-02-23,KBTR,52.0,45.0,47.6,51.7,24,24,24
2025-02-23,KHUM,58.3,48.2,52.8,58.3,23,23,24
2025-02-23,KMSY,57.0,49.0,52.6,57.0,24,24,24
2025-02-23,KNEW,57.0,50.0,53.3,56.8,24,24,24
2025-02-24,KASD,68.0,49.0,57.2,67.8,24,24,24
2025-02-24,KBTR,65.0,46.0,53.2,64.7,24,24,24
2025-02-24,KHUM,62.6,48.2,54.4,62.5,22,22,24
2025-02-24,KMSY,65.0,49.0,56.3,64.9,24,24,24
2025-02-24,KNEW,63.0,51.0,57.0,62.8,24,24,24
2025-02-25,KASD,74.0,47.0,56.3,73.9,19,19,24
2025-02-25,KBTR,72.0,43.0,54.7,71.4,24,24,24
2025-02-25,KHUM,71.6,44.6,57.9,71.0,21,21,24
2025-02-25,KMSY,72.0,52.0,60.3,71.3,24,24,24
2025-02-25,KNEW,65.0,54.0,59.5,64.8,24,24,24
2025-02-26,KASD,75.0,45.0,60.4,74.5,22,22,24
2025-02-26,KBTR,75.0,43.0,60.3,74.8,24,24,24
2025-02-26,KHUM,71.6,44.6,58.5,71.5,23,23,24
2025-02-26,KMSY,74.0,50.0,61.8,73.7,24,24,24
2025-02-26,KNEW,73.0,53.0,62.6,72.7,24,24,24
2025-02-27,KASD,75.0,52.0,62.5,75.1,24,24,24
2025-02-27,KBTR,74.0,50.0,62.2,74.0,24,24,24
2025-02-27,KHUM,80.6,52.7,65.3,79.6,22,22,24
2025-02-27,KMSY,77.0,56.0,65.9,77.1,24,24,24
2025-02-27,KNEW,73.0,59.0,64.7,73.2,24,24,24
2025-02-28,KASD,72.0,41.0,57.9,71.2,24,24,24
2025-02-28,KBTR,75.0,42.0,59.5,74.1,24,24,24
2025-02-28,KHUM,71.6,50.0,61.9,71.1,22,22,24
2025-02-28,KMSY,72.0,54.0,63.3,71.3,24,24,24
2025-02-28,KNEW,75.0,58.0,64.5,74.3,24,24,24
2025-03-01,KASD,83.0,46.0,60.8,80.5,20,20,24
2025-03-01,KBTR,82.0,45.0,63.3,79.8,24,24,24
2025-03-01,KHUM,78.8,53.4,64.7,78.2,23,23,24
2025-03-01,KMSY,79.0,55.0,67.0,78.5,24,24,24
2025-03-01,KNEW,73.0,60.0,65.2,72.7,24,24,24
2025-03-02,KASD,71.0,44.0,56.9,69.9,19,19,24
2025-03-02,KBTR,70.0,47.0,57.2,68.9,24,24,24
2025-03-02,KHUM,66.2,47.3,55.5,65.2,22,22,24
2025-03-02,KMSY,67.0,52.0,59.0,65.8,24,24,24
2025-03-02,KNEW,65.0,55.0,60.0,63.9,24,24,24
2025-03-03,KASD,68.0,41.0,57.6,67.4,24,24,24
2025-03-03,KBTR,68.0,45.0,56.0,67.5,24,24,24
2025-03-03,KHUM,73.4,44.6,59.6,73.1,22,22,24
2025-03-03,KMSY,74.0,49.0,61.8,73.7,24,24,24
2025-03-03,KNEW,71.0,55.0,62.9,70.6,24,24,24
2025-03-04,KASD,74.0,55.0,65.0,74.4,24,24,24
2025-03-04,KBTR,73.0,56.0,62.8,73.6,24,24,24
2025-03-04,KHUM,75.2,59.4,68.5,75.5,20,20,24
2025-03-04,KMSY,75.0,58.0,66.2,75.7,24,24,24
2025-03-04,KNEW,77.0,60.0,67.7,77.2,24,24,24
2025-03-05,KASD,68.0,48.0,60.7,66.9,24,24,24
2025-03-05,KBTR,65.0,49.0,57.8,63.8,24,24,24
2025-03-05,KHUM,68.0,53.0,61.5,66.9,19,19,24
2025-03-05,KMSY,67.0,54.0,61.2,66.0,24,24,24
2025-03-05,KNEW,65.0,57.0,62.0,64.3,24,24,24
2025-03-06,KASD,68.0,37.0,51.4,66.7,24,24,24
2025-03-06,KBTR,67.0,38.0,52.7,65.7,23,23,24
2025-03-06,KHUM,66.2,39.0,53.6,65.0,23,23,24
2025-03-06,KMSY,65.0,51.0,56.3,63.8,24,24,24
2025-03-06,KNEW,63.0,52.0,57.0,61.9,24,24,24
2025-03-07,KASD,73.0,42.0,61.0,72.8,24,24,24
2025-03-07,KBTR,79.0,45.0,63.5,79.0,24,24,24
2025-03-07,KHUM,73.4,45.7,62.7,73.5,23,23,24
2025-03-07,KMSY,73.0,48.0,63.6,73.2,24,24,24
2025-03-07,KNEW,76.0,51.0,65.1,76.0,24,24,24
2025-03-08,KASD,78.0,66.0,70.6,78.3,24,24,24
2025-03-08,KBTR,76.0,59.0,67.8,76.2,24,24,24
2025-03-08,KHUM,73.4,66.2,69.0,73.6,21,21,24
2025-03-08,KMSY,77.0,64.0,69.9,77.3,24,24,24
2025-03-08,KNEW,74.0,64.0,68.8,74.3,24,24,24
2025-03-09,KASD,72.0,55.0,64.6,71.9,23,23,23
2025-03-09,KBTR,68.0,52.0,59.3,68.2,22,22,23
2025-03-09,KHUM,70.0,53.0,64.3,70.6,23,23,23
2025-03-09,KMSY,70.0,54.0,63.7,70.1,22,22,23
2025-03-09,KNEW,68.0,57.0,64.0,68.4,22,22,23
2025-03-10,KASD,75.0,49.0,59.8,74.3,24,24,24
2025-03-10,KBTR,74.0,48.0,58.1,73.1,24,24,24
2025-03-10,KHUM,67.5,49.0,55.2,66.5,12,12,24
2025-03-10,KMSY,72.0,52.0,59.5,71.3,24,24,24
2025-03-10,KNEW,68.0,54.0,60.8,67.7,24,24,24
2025-03-11,KASD,75.0,40.0,59.8,74.3,24,24,24
2025-03-11,KBTR,77.0,43.0,59.8,76.4,24,24,24
2025-03-11,KHUM,73.4,45.0,59.7,72.8,20,20,24
2025-03-11,KMSY,75.0,48.0,61.5,74.4,24,24,24
2025-03-11,KNEW,73.0,54.0,63.8,72.7,24,24,24
2025-03-12,KASD,78.0,46.0,64.1,77.8,24,24,24
2025-03-12,KBTR,79.0,48.0,65.0,78.9,24,24,24
2025-03-12,KHUM,77.0,48.2,62.7,77.0,23,23,24
2025-03-12,KMSY,78.0,52.0,65.6,77.9,24,24,24
2025-03-12,KNEW,78.0,57.0,67.5,77.9,24,24,24
2025-03-13,KASD,82.0,63.0,72.5,82.9,24,24,24
2025-03-13,KBTR,84.0,61.0,71.4,84.6,24,24,24
2025-03-13,KHUM,74.0,60.3,65.3,74.1,12,12,24
2025-03-13,KMSY,83.0,64.0,72.3,84.1,24,24,24
2025-03-13,KNEW,80.0,65.0,72.3,81.6,24,24,24
2025-03-14,KASD,82.0,65.0,73.0,85.8,24,24,24
2025-03-14,KBTR,83.0,65.0,74.4,85.6,24,24,24
2025-03-14,KHUM,78.8,60.0,72.4,79.6,24,24,24
2025-03-14,KMSY,80.0,66.0,73.3,83.8,24,24,24
2025-03-14,KNEW,81.0,68.0,74.9,84.5,24,24,24
2025-03-15,KASD,80.0,69.0,74.7,83.5,24,24,24
2025-03-15,KBTR,79.0,63.0,73.1,79.5,24,24,24
2025-03-15,KHUM,78.8,64.0,73.8,79.4,24,24,24
2025-03-15,KMSY,80.0,65.0,74.4,84.5,24,24,24
2025-03-15,KNEW,82.0,70.0,76.2,86.3,24,24,24
2025-03-16,KASD,73.0,50.0,63.3,72.0,24,24,24
2025-03-16,KBTR,69.0,48.0,60.8,67.8,24,24,24
2025-03-16,KHUM,71.6,55.4,63.3,70.5,24,24,24
2025-03-16,KMSY,71.0,58.0,64.1,70.0,24,24,24
2025-03-16,KNEW,71.0,62.0,66.5,70.3,24,24,24
2025-03-17,KASD,75.0,40.0,56.6,74.0,24,24,24
2025-03-17,KBTR,74.0,40.0,58.4,73.0,24,24,24
2025-03-17,KHUM,73.4,42.8,56.2,72.4,23,23,24
2025-03-17,KMSY,72.0,45.0,60.2,71.0,24,24,24
2025-03-17,KNEW,70.0,58.0,64.0,69.1,24,24,24
2025-03-18,KASD,74.0,43.0,60.2,73.3,24,24,24
2025-03-18,KBTR,76.0,46.0,62.7,75.4,24,24,24
2025-03-18,KHUM,71.6,44.6,60.0,71.3,24,24,24
2025-03-18,KMSY,72.0,47.0,62.3,71.6,24,24,24
2025-03-18,KNEW,75.0,54.0,65.8,74.5,24,24,24
2025-03-19,KASD,82.0,58.0,72.2,82.9,24,24,24
2025-03-19,KBTR,81.0,62.0,70.3,81.8,24,24,24
2025-03-19,KHUM,80.6,66.2,72.4,81.5,23,23,24
2025-03-19,KMSY,82.0,62.0,72.3,82.9,24,24,24
2025-03-19,KNEW,81.0,64.0,72.5,82.0,24,24,24
2025-03-20,KASD,70.0,43.0,58.4,70.3,24,24,24
2025-03-20,KBTR,65.0,44.0,56.0,63.6,24,24,24
2025-03-20,KHUM,68.0,45.5,58.1,68.0,24,24,24
2025-03-20,KMSY,69.0,53.0,60.0,69.2,24,24,24
2025-03-20,KNEW,70.0,55.0,61.8,70.2,24,24,24
2025-03-21,KASD,66.0,34.0,52.6,64.9,24,24,24
2025-03-21,KBTR,68.0,36.0,53.7,66.9,24,24,24
2025-03-21,KHUM,64.4,39.2,53.4,63.5,24,24,24
2025-03-21,KMSY,66.0,43.0,57.2,65.1,24,24,24
2025-03-21,KNEW,68.0,55.0,60.8,67.1,24,24,24
2025-03-22,KASD,76.0,45.0,62.1,75.5,24,24,24
2025-03-22,KBTR,79.0,45.0,63.0,78.5,24,24,24
2025-03-22,KHUM,75.2,48.2,62.2,74.9,23,23,24
2025-03-22,KMSY,75.0,52.0,64.7,74.6,24,24,24
2025-03-22,KNEW,76.0,55.0,65.8,75.6,24,24,24
2025-03-23,KASD,76.0,53.0,66.8,76.2,24,24,24
2025-03-23,KBTR,77.0,60.0,68.9,77.2,24,24,24
2025-03-23,KHUM,77.0,60.0,68.6,77.2,24,24,24
2025-03-23,KMSY,77.0,62.0,69.4,77.3,24,24,24
2025-03-23,KNEW,80.0,63.0,70.7,81.2,24,24,24
2025-03-24,KASD,74.0,58.0,66.8,74.1,24,24,24
2025-03-24,KBTR,80.0,63.0,69.7,80.0,24,24,24
2025-03-24,KHUM,75.2,61.0,67.9,75.3,24,24,24
2025-03-24,KMSY,74.0,63.0,68.0,74.2,24,24,24
2025-03-24,KNEW,73.0,63.0,68.5,73.1,24,24,24
2025-03-25,KASD,81.0,53.0,67.2,82.8,24,24,24
2025-03-25,KBTR,84.0,61.0,71.4,82.9,24,24,24
2025-03-25,KHUM,80.6,55.4,66.7,81.5,23,23,24
2025-03-25,KMSY,83.0,57.0,70.2,83.2,24,24,24
2025-03-25,KNEW,79.0,60.0,70.1,79.2,24,24,24
2025-03-26,KASD,84.0,62.0,72.0,85.0,24,24,24
2025-03-26,KBTR,84.0,63.0,72.7,83.2,24,24,24
2025-03-26,KHUM,82.4,59.4,70.0,82.9,24,24,24
2025-03-26,KMSY,83.0,63.0,72.1,82.5,24,24,24
2025-03-26,KNEW,78.0,67.0,71.2,78.1,23,23,24
2025-03-27,KASD,81.0,60.0,70.0,81.2,24,24,24
2025-03-27,KBTR,80.0,62.0,70.6,79.9,24,24,24
2025-03-27,KHUM,78.8,62.6,70.3,79.0,23,23,24
2025-03-27,KMSY,80.0,68.0,73.2,79.8,24,24,24
2025-03-27,KNEW,77.0,69.0,72.3,77.2,24,24,24
2025-03-28,KASD,79.0,64.0,71.4,79.2,24,24,24
2025-03-28,KBTR,77.0,65.0,70.9,77.2,24,24,24
2025-03-28,KHUM,77.0,67.6,72.5,77.3,24,24,24
2025-03-28,KMSY,79.0,70.0,73.2,79.3,24,24,24
2025-03-28,KNEW,78.0,69.0,72.9,78.3,24,24,24
2025-03-29,KASD,79.0,71.0,74.0,79.3,24,24,24
2025-03-29,KBTR,77.0,66.0,69.8,77.3,24,24,24
2025-03-29,KHUM,78.8,66.6,71.5,79.3,24,24,24
2025-03-29,KMSY,81.0,67.0,72.9,83.1,24,24,24
2025-03-29,KNEW,80.0,70.0,73.8,82.6,24,24,24
2025-03-30,KASD,85.0,70.0,77.0,90.2,24,24,24
2025-03-30,KBTR,86.0,66.0,75.0,90.0,24,24,24
2025-03-30,KHUM,80.6,70.0,75.8,86.2,24,24,24
2025-03-30,KMSY,85.0,69.0,76.2,91.7,24,24,24
2025-03-30,KNEW,85.0,70.0,77.0,90.2,24,24,24
2025-03-31,KASD,78.0,66.0,72.6,78.4,24,24,24
2025-03-31,KBTR,79.0,66.0,72.4,79.4,24,24,24
2025-03-31,KHUM,84.2,66.2,74.6,88.4,24,24,24
2025-03-31,KMSY,79.0,67.0,73.5,79.6,24,24,24
2025-03-31,KNEW,77.0,67.0,73.3,77.8,24,24,24
2025-04-01,KASD,79.0,66.0,72.8,79.5,24,24,24
2025-04-01,KBTR,78.0,65.0,71.7,78.5,24,24,24
2025-04-01,KHUM,80.6,69.8,73.7,85.3,22,22,24
2025-04-01,KMSY,81.0,69.0,74.5,85.8,24,24,24
2025-04-01,KNEW,80.0,68.0,73.7,83.5,24,24,24
2025-04-02,KASD,78.0,76.0,77.0,78.8,9,9,24
2025-04-02,KBTR,87.0,74.0,79.8,93.5,24,24,24
2025-04-02,KHUM,82.4,75.2,78.3,89.5,24,24,24
2025-04-02,KMSY,83.0,77.0,79.5,92.0,24,24,24
2025-04-02,KNEW,85.0,77.0,79.9,91.7,24,24,24
2025-04-03,KASD,85.0,77.0,80.8,93.5,20,20,24
2025-04-03,KBTR,88.0,76.0,81.2,93.1,24,24,24
2025-04-03,KHUM,82.4,76.5,79.2,89.5,24,24,24
2025-04-03,KMSY,84.0,77.0,79.9,93.8,24,24,24
2025-04-03,KNEW,85.0,77.0,80.2,92.6,24,24,24
2025-04-04,KASD,84.0,79.0,80.8,92.0,24,24,24
2025-04-04,KBTR,86.0,78.0,81.0,91.5,24,24,24
2025-04-04,KHUM,82.4,77.0,79.2,89.5,23,23,24
2025-04-04,KMSY,84.0,79.0,80.8,93.8,24,24,24
2025-04-04,KNEW,87.0,78.0,80.5,95.4,24,24,24
2025-04-05,KASD,85.0,78.0,80.6,93.5,24,24,24
2025-04-05,KBTR,88.0,76.0,80.8,93.9,24,24,24
2025-04-05,KHUM,82.4,77.0,78.8,89.5,24,24,24
2025-04-05,KMSY,80.0,76.0,77.6,86.5,24,24,24
2025-04-05,KNEW,86.0,77.0,80.4,93.1,24,24,24
2025-04-06,KASD,80.0,58.0,71.2,84.5,19,19,24
2025-04-06,KBTR,77.0,55.0,61.5,77.8,24,24,24
2025-04-06,KHUM,78.8,57.6,67.3,79.6,22,22,24
2025-04-06,KMSY,79.0,59.0,69.0,79.9,24,24,24
2025-04-06,KNEW,79.0,60.0,71.0,79.7,24,24,24
2025-04-07,KASD,59.0,48.0,54.8,58.4,24,24,24
2025-04-07,KBTR,61.0,48.0,54.5,60.2,24,24,24
2025-04-07,KHUM,60.8,48.6,56.3,60.2,24,24,24
2025-04-07,KMSY,61.0,55.0,57.7,60.4,24,24,24
2025-04-07,KNEW,62.0,56.0,58.6,61.4,24,24,24
2025-04-08,KASD,72.0,43.0,56.1,71.2,20,20,24
2025-04-08,KBTR,73.0,43.0,58.0,72.2,24,24,24
2025-04-08,KHUM,69.8,47.0,57.8,68.9,24,24,24
2025-04-08,KMSY,71.0,48.0,60.2,70.3,24,24,24
2025-04-08,KNEW,70.0,57.0,63.8,69.3,24,24,24
2025-04-09,KASD,74.0,44.0,59.4,73.3,24,24,24
2025-04-09,KBTR,76.0,48.0,62.4,75.5,24,24,24
2025-04-09,KHUM,75.2,52.0,62.4,74.8,23,23,24
2025-04-09,KMSY,75.0,53.0,64.1,74.5,24,24,24
2025-04-09,KNEW,74.0,60.0,66.8,73.5,24,24,24
2025-04-10,KASD,78.0,50.0,65.4,77.7,24,24,24
2025-04-10,KBTR,81.0,51.0,67.5,80.6,24,24,24
2025-04-10,KHUM,77.0,51.8,65.1,77.0,23,23,24
2025-04-10,KMSY,79.0,55.0,68.1,78.9,24,24,24
2025-04-10,KNEW,79.0,62.0,70.0,78.9,24,24,24
2025-04-11,KASD,79.0,55.0,68.6,78.3,24,24,24
2025-04-11,KBTR,80.0,59.0,69.5,79.4,24,24,24
2025-04-11,KHUM,80.6,59.0,69.7,79.1,24,24,24
2025-04-11,KMSY,80.0,64.0,71.4,79.4,24,24,24
2025-04-11,KNEW,79.0,67.0,71.7,78.6,23,23,24
2025-04-12,KASD,74.0,45.0,60.5,73.3,24,24,24
2025-04-12,KBTR,76.0,49.0,62.2,75.4,24,24,24
2025-04-12,KHUM,75.2,50.5,63.3,74.7,24,24,24
2025-04-12,KMSY,75.0,57.0,67.0,74.5,24,24,24
2025-04-12,KNEW,73.0,62.0,67.8,72.6,24,24,24
2025-04-13,KASD,78.0,46.0,64.9,77.8,24,24,24
2025-04-13,KBTR,82.0,51.0,67.4,81.2,24,24,24
2025-04-13,KHUM,77.0,51.8,65.2,76.7,23,23,24
2025-04-13,KMSY,80.0,54.0,67.8,79.9,24,24,24
2025-04-13,KNEW,79.0,59.0,70.4,78.9,24,24,24
2025-04-14,KASD,79.0,52.0,68.2,79.0,24,24,24
2025-04-14,KBTR,81.0,55.0,69.6,81.6,24,24,24
2025-04-14,KHUM,78.8,59.0,69.3,78.9,23,23,24
2025-04-14,KMSY,80.0,59.0,70.3,81.2,24,24,24
2025-04-14,KNEW,80.0,61.0,71.5,81.2,24,24,24
2025-04-15,KASD,79.0,54.0,66.5,78.4,24,24,24
2025-04-15,KBTR,80.0,56.0,68.8,79.5,24,24,24
2025-04-15,KHUM,78.8,60.8,69.0,78.6,22,22,24
2025-04-15,KMSY,80.0,64.0,70.9,79.6,24,24,24
2025-04-15,KNEW,79.0,70.0,73.0,78.9,24,24,24
2025-04-16,KASD,75.0,44.0,60.9,74.2,24,24,24
2025-04-16,KBTR,79.0,48.0,64.5,78.3,24,24,24
2025-04-16,KHUM,77.0,53.6,64.6,76.7,23,23,24
2025-04-16,KMSY,77.0,63.0,69.7,76.4,24,24,24
2025-04-16,KNEW,76.0,63.0,69.0,75.4,24,24,24
2025-04-17,KASD,79.0,49.0,65.1,78.8,24,24,24
2025-04-17,KBTR,85.0,56.0,70.8,85.9,24,24,24
2025-04-17,KHUM,78.8,56.3,69.7,79.0,24,24,24
2025-04-17,KMSY,80.0,59.0,70.6,80.9,24,24,24
2025-04-17,KNEW,80.0,63.0,71.5,80.0,24,24,24
2025-04-18,KASD,81.0,65.0,73.8,82.5,24,24,24
2025-04-18,KBTR,88.0,67.0,76.5,89.3,24,24,24
2025-04-18,KHUM,80.6,70.3,75.0,83.9,24,24,24
2025-04-18,KMSY,82.0,70.0,76.1,85.3,24,24,24
2025-04-18,KNEW,83.0,70.0,76.0,85.6,24,24,24
2025-04-19,KASD,80.0,70.0,75.0,82.9,24,24,24
2025-04-19,KBTR,85.0,70.0,76.6,86.3,24,24,24
2025-04-19,KHUM,80.6,71.6,75.6,83.9,22,22,24
2025-04-19,KMSY,83.0,72.0,76.5,86.5,24,24,24
2025-04-19,KNEW,83.0,72.0,76.5,85.6,24,24,24
2025-04-20,KASD,79.0,70.0,74.7,79.4,24,24,24
2025-04-20,KBTR,85.0,71.0,76.7,87.7,24,24,24
2025-04-20,KHUM,82.4,72.5,76.3,87.2,24,24,24
2025-04-20,KMSY,83.0,72.0,76.3,87.1,24,24,24
2025-04-20,KNEW,81.0,73.0,76.0,84.1,24,24,24
2025-04-21,KASD,77.0,67.0,71.7,77.4,24,24,24
2025-04-21,KBTR,86.0,69.0,76.2,89.4,24,24,24
2025-04-21,KHUM,82.4,70.0,76.0,88.3,24,24,24
2025-04-21,KMSY,82.0,67.0,73.5,87.4,24,24,24
2025-04-21,KNEW,76.0,69.0,72.8,76.7,24,24,24
2025-04-22,KASD,82.0,66.0,74.1,84.1,24,24,24
2025-04-22,KBTR,84.0,67.0,72.2,86.7,24,24,24
2025-04-22,KHUM,82.4,68.0,73.4,87.2,24,24,24
2025-04-22,KMSY,83.0,70.0,75.0,86.5,24,24,24
2025-04-22,KNEW,81.0,70.0,75.1,84.1,24,24,24
2025-04-23,KASD,82.0,69.0,74.8,84.1,24,24,24
2025-04-23,KBTR,84.0,66.0,73.6,86.7,24,24,24
2025-04-23,KHUM,82.4,67.6,75.8,86.2,24,24,24
2025-04-23,KMSY,82.0,72.0,76.6,85.8,24,24,24
2025-04-23,KNEW,83.0,72.0,76.7,85.2,24,24,24
2025-04-24,KASD,80.0,66.0,72.9,82.9,24,24,24
2025-04-24,KBTR,80.0,69.0,73.0,83.5,24,24,24
2025-04-24,KHUM,82.4,71.6,76.5,87.2,24,24,24
2025-04-24,KMSY,82.0,73.0,76.7,85.8,24,24,24
2025-04-24,KNEW,82.0,73.0,76.8,85.3,24,24,24
2025-04-25,KASD,84.0,66.0,75.3,86.2,24,24,24
2025-04-25,KBTR,86.0,66.0,75.3,90.0,24,24,24
2025-04-25,KHUM,82.4,71.2,77.3,86.2,24,24,24
2025-04-25,KMSY,84.0,70.0,77.0,87.7,24,24,24
2025-04-25,KNEW,83.0,73.0,77.5,86.1,24,24,24
2025-04-26,KASD,85.0,61.0,73.4,87.7,24,24,24
2025-04-26,KBTR,88.0,63.0,75.3,91.0,24,24,24
2025-04-26,KHUM,84.2,68.5,75.7,88.4,24,24,24
2025-04-26,KMSY,85.0,69.0,76.8,88.9,24,24,24
2025-04-26,KNEW,85.0,71.0,77.8,89.5,24,24,24
2025-04-27,KASD,85.0,65.0,74.9,88.3,24,24,24
2025-04-27,KBTR,86.0,67.0,77.3,89.5,24,24,24
2025-04-27,KHUM,82.4,67.5,75.0,86.2,23,23,24
2025-04-27,KMSY,82.0,70.0,76.6,87.4,24,24,24
2025-04-27,KNEW,86.0,73.0,78.6,91.5,24,24,24
2025-04-28,KASD,84.0,63.0,74.5,85.0,24,24,24
2025-04-28,KBTR,86.0,66.0,76.9,88.3,24,24,24
2025-04-28,KHUM,84.2,66.2,74.5,87.4,23,23,24
2025-04-28,KMSY,85.0,70.0,77.5,88.3,24,24,24
2025-04-28,KNEW,85.0,72.0,78.2,86.8,24,24,24
2025-04-29,KASD,83.0,62.0,74.6,85.6,24,24,24
2025-04-29,KBTR,88.0,67.0,77.0,91.0,24,24,24
2025-04-29,KHUM,84.2,68.0,77.2,86.5,24,24,24
2025-04-29,KMSY,85.0,71.0,78.2,88.3,24,24,24
2025-04-29,KNEW,85.0,73.0,78.8,87.2,24,24,24
2025-04-30,KASD,84.0,63.0,74.9,86.2,24,24,24
2025-04-30,KBTR,86.0,67.0,76.5,88.9,24,24,24
2025-04-30,KHUM,82.4,71.2,77.8,87.2,24,24,24
2025-04-30,KMSY,84.0,73.0,78.5,88.3,24,24,24
2025-04-30,KNEW,84.0,73.0,78.5,88.3,24,24,24
2025-05-01,KASD,84.0,66.0,75.0,86.2,24,24,24
2025-05-01,KBTR,86.0,64.0,75.6,88.3,24,24,24
2025-05-01,KHUM,84.2,69.6,75.8,89.6,22,22,24
2025-05-01,KMSY,85.0,72.0,78.4,88.9,24,24,24
2025-05-01,KNEW,85.0,73.0,78.4,88.9,24,24,24
2025-05-02,KASD,82.0,64.0,74.3,84.5,24,24,24
2025-05-02,KBTR,86.0,66.0,75.7,90.0,24,24,24
2025-05-02,KHUM,82.4,69.0,76.2,86.2,24,24,24
2025-05-02,KMSY,83.0,70.0,77.1,87.1,24,24,24
2025-05-02,KNEW,84.0,73.0,78.0,87.2,24,24,24
2025-05-03,KASD,80.0,63.0,70.3,81.8,24,24,24
2025-05-03,KBTR,79.0,64.0,70.2,79.1,24,24,24
2025-05-03,KHUM,82.4,65.5,72.7,84.6,24,24,24
2025-05-03,KMSY,82.0,68.0,73.0,84.5,24,24,24
2025-05-03,KNEW,99.0,69.0,76.8,103.9,20,20,24
2025-05-04,KASD,77.0,54.0,66.4,76.6,24,24,24
2025-05-04,KBTR,78.0,56.0,67.9,77.5,24,24,24
2025-05-04,KHUM,80.6,60.8,70.4,80.1,24,24,24
2025-05-04,KMSY,79.0,68.0,73.5,78.7,24,24,24
2025-05-04,KNEW,78.0,69.0,73.7,77.7,24,24,24
2025-05-05,KASD,78.0,51.0,66.5,77.9,24,24,24
2025-05-05,KBTR,81.0,53.0,68.2,80.2,24,24,24
2025-05-05,KHUM,80.6,58.6,70.3,81.8,24,24,24
2025-05-05,KMSY,81.0,67.0,74.3,81.2,24,24,24
2025-05-05,KNEW,80.0,67.0,73.7,80.0,24,24,24
2025-05-06,KASD,78.0,65.0,72.8,78.4,24,24,24
2025-05-06,KBTR,77.0,66.0,72.5,77.8,24,24,24
2025-05-06,KHUM,84.2,68.7,76.6,90.9,24,24,24
2025-05-06,KMSY,83.0,70.0,77.0,88.9,24,24,24
2025-05-06,KNEW,80.0,72.0,76.4,84.5,24,24,24
2025-05-07,KASD,73.0,65.0,68.3,73.2,24,24,24
2025-05-07,KBTR,78.0,65.0,69.2,78.1,24,24,24
2025-05-07,KHUM,79.3,64.4,69.2,83.0,23,23,24
2025-05-07,KMSY,76.0,68.0,71.4,76.3,24,24,24
2025-05-07,KNEW,75.0,67.0,71.8,75.3,24,24,24
2025-05-08,KASD,82.0,61.0,72.7,84.9,24,24,24
2025-05-08,KBTR,86.0,60.0,74.3,87.3,24,24,24
2025-05-08,KHUM,84.2,64.4,73.3,87.4,22,22,24
2025-05-08,KMSY,86.0,69.0,76.8,89.4,24,24,24
2025-05-08,KNEW,84.0,70.0,77.1,87.2,24,24,24
2025-05-09,KASD,71.0,65.0,67.8,71.7,24,24,24
2025-05-09,KBTR,73.0,65.0,68.7,73.6,24,24,24
2025-05-09,KHUM,75.2,64.0,69.6,75.9,24,24,24
2025-05-09,KMSY,75.0,68.0,71.4,75.8,24,24,24
2025-05-09,KNEW,76.0,68.0,71.7,76.6,24,24,24
2025-05-10,KASD,76.0,63.0,67.7,76.2,24,24,24
2025-05-10,KBTR,75.0,60.0,67.0,75.2,24,24,24
2025-05-10,KHUM,78.8,63.0,68.9,78.9,24,24,24
2025-05-10,KMSY,77.0,66.0,70.1,77.2,24,24,24
2025-05-10,KNEW,76.0,67.0,70.4,76.3,24,24,24
2025-05-11,KASD,77.0,60.0,67.6,77.0,24,24,24
2025-05-11,KBTR,75.0,59.0,65.7,74.9,24,24,24
2025-05-11,KHUM,73.4,59.0,66.2,73.4,24,24,24
2025-05-11,KMSY,76.0,59.0,67.7,76.2,24,24,24
2025-05-11,KNEW,76.0,64.0,69.5,76.2,24,24,24
2025-05-12,KASD,77.0,61.0,68.2,76.8,24,24,24
2025-05-12,KBTR,75.0,62.0,67.7,75.1,24,24,24
2025-05-12,KHUM,75.2,60.8,67.9,75.2,24,24,24
2025-05-12,KMSY,76.0,62.0,69.4,76.1,24,24,24
2025-05-12,KNEW,76.0,64.0,70.2,76.1,24,24,24
2025-05-13,KASD,83.0,60.0,72.4,83.8,24,24,24
2025-05-13,KBTR,86.0,63.0,75.2,86.9,24,24,24
2025-05-13,KHUM,84.2,58.6,72.8,86.5,24,24,24
2025-05-13,KMSY,87.0,64.0,75.2,87.5,24,24,24
2025-05-13,KNEW,84.0,66.0,75.3,85.8,24,24,24
2025-05-14,KASD,78.0,70.0,73.4,78.5,12,12,24
2025-05-14,KBTR,88.0,72.0,78.8,89.4,24,24,24
2025-05-14,KHUM,84.2,73.0,78.2,87.4,24,24,24
2025-05-14,KMSY,88.0,72.0,79.2,89.4,24,24,24
2025-05-14,KNEW,85.0,73.0,78.8,87.3,24,24,24
2025-05-15,KASD,89.0,75.0,80.7,94.8,24,24,24
2025-05-15,KBTR,91.0,75.0,82.3,97.6,24,24,24
2025-05-15,KHUM,86.0,77.0,80.4,95.2,22,22,24
2025-05-15,KMSY,90.0,76.0,81.9,100.6,24,24,24
2025-05-15,KNEW,88.0,76.0,81.4,95.8,24,24,24
2025-05-16,KASD,88.0,76.0,81.6,94.8,24,24,24
2025-05-16,KBTR,90.0,76.0,82.1,98.4,24,24,24
2025-05-16,KHUM,84.2,78.0,80.8,94.2,23,23,24
2025-05-16,KMSY,90.0,77.0,82.4,101.7,24,24,24
2025-05-16,KNEW,88.0,77.0,82.1,99.0,24,24,24
2025-05-17,KASD,89.0,74.0,81.6,94.8,24,24,24
2025-05-17,KBTR,90.0,77.0,82.6,96.4,24,24,24
2025-05-17,KHUM,87.8,76.0,80.8,97.8,24,24,24
2025-05-17,KMSY,90.0,77.0,82.2,101.8,24,24,24
2025-05-17,KNEW,89.0,77.0,82.3,98.8,24,24,24
2025-05-18,KASD,88.0,74.0,80.5,94.0,24,24,24
2025-05-18,KBTR,89.0,77.0,81.7,94.3,24,24,24
2025-05-18,KHUM,86.0,75.2,80.1,93.5,24,24,24
2025-05-18,KMSY,89.0,77.0,82.2,100.4,24,24,24
2025-05-18,KNEW,89.0,76.0,82.0,96.1,24,24,24
2025-05-19,KASD,87.0,75.0,81.3,93.6,24,24,24
2025-05-19,KBTR,90.0,75.0,82.0,94.8,24,24,24
2025-05-19,KHUM,86.0,77.0,81.3,93.5,23,23,24
2025-05-19,KMSY,88.0,78.0,82.9,96.5,24,24,24
2025-05-19,KNEW,89.0,77.0,82.2,96.1,24,24,24
2025-05-20,KASD,89.0,78.0,83.3,96.8,24,24,24
2025-05-20,KBTR,91.0,75.0,82.8,97.6,24,24,24
2025-05-20,KHUM,86.0,78.6,82.0,97.2,22,22,24
2025-05-20,KMSY,91.0,79.0,83.9,104.6,24,24,24
2025-05-20,KNEW,90.0,78.0,83.6,99.2,24,24,24
2025-05-21,KASD,80.0,67.0,75.7,85.7,24,24,24
2025-05-21,KBTR,79.0,65.0,72.7,83.3,24,24,24
2025-05-21,KHUM,82.4,71.6,77.4,90.9,23,23,24
2025-05-21,KMSY,82.0,75.0,79.6,85.4,24,24,24
2025-05-21,KNEW,81.0,78.0,79.8,88.3,24,24,24
2025-05-22,KASD,87.0,62.0,75.1,86.7,24,24,24
2025-05-22,KBTR,90.0,64.0,76.9,95.5,24,24,24
2025-05-22,KHUM,87.8,70.7,77.4,95.9,23,23,24
2025-05-22,KMSY,88.0,74.0,80.8,95.8,24,24,24
2025-05-22,KNEW,86.0,74.0,80.3,91.5,24,24,24
2025-05-23,KASD,89.0,66.0,77.6,97.1,24,24,24
2025-05-23,KBTR,93.0,69.0,78.0,99.2,24,24,24
2025-05-23,KHUM,87.8,68.5,76.7,95.9,24,24,24
2025-05-23,KMSY,88.0,74.0,79.5,98.4,24,24,24
2025-05-23,KNEW,88.0,76.0,80.8,97.6,24,24,24
2025-05-24,KASD,89.0,68.0,79.2,94.8,24,24,24
2025-05-24,KBTR,90.0,68.0,79.7,97.3,24,24,24
2025-05-24,KHUM,89.6,69.4,80.1,100.3,24,24,24
2025-05-24,KMSY,89.0,72.0,80.5,100.4,24,24,24
2025-05-24,KNEW,88.0,75.0,80.8,95.8,24,24,24
2025-05-25,KASD,90.0,71.0,81.4,98.4,22,22,24
2025-05-25,KBTR,91.0,74.0,82.8,100.7,24,24,24
2025-05-25,KHUM,87.8,77.0,83.5,102.4,24,24,24
2025-05-25,KMSY,91.0,76.0,84.3,106.0,24,24,24
2025-05-25,KNEW,90.0,78.0,83.2,99.4,24,24,24
2025-05-26,KASD,90.0,72.0,79.5,98.4,24,24,24
2025-05-26,KBTR,90.0,71.0,79.2,98.1,24,24,24
2025-05-26,KHUM,87.8,78.0,82.2,102.4,22,22,24
2025-05-26,KMSY,92.0,80.0,84.1,106.0,24,24,24
2025-05-26,KNEW,91.0,79.0,83.3,100.7,24,24,24
2025-05-27,KASD,89.0,74.0,80.7,98.1,24,24,24
2025-05-27,KBTR,90.0,70.0,80.0,97.1,24,24,24
2025-05-27,KHUM,89.6,75.2,82.8,97.8,24,24,24
2025-05-27,KMSY,91.0,76.0,84.4,100.6,24,24,24
2025-05-27,KNEW,91.0,79.0,84.2,97.6,24,24,24
2025-05-28,KASD,88.0,70.0,78.7,95.8,24,24,24
2025-05-28,KBTR,88.0,69.0,75.7,95.8,23,23,24
2025-05-28,KHUM,87.8,71.0,79.7,100.0,24,24,24
2025-05-28,KMSY,89.0,74.0,79.7,103.1,24,24,24
2025-05-28,KNEW,89.0,74.0,80.0,100.4,24,24,24
2025-05-29,KASD,85.0,70.0,75.4,91.8,18,18,24
2025-05-29,KBTR,86.0,69.0,76.7,92.3,24,24,24
2025-05-29,KHUM,87.8,71.2,77.8,97.8,23,23,24
2025-05-29,KMSY,86.0,74.0,78.8,94.0,24,24,24
2025-05-29,KNEW,83.0,73.0,77.2,88.9,23,23,24
2025-05-30,KASD,87.0,67.0,78.6,92.0,23,23,24
2025-05-30,KBTR,87.0,71.0,78.8,94.0,24,24,24
2025-05-30,KHUM,89.6,72.7,79.2,98.3,23,23,24
2025-05-30,KMSY,90.0,75.0,80.8,101.8,24,24,24
2025-05-30,KNEW,88.0,75.0,80.5,99.0,21,21,24
2025-05-31,KASD,84.0,65.0,74.9,83.3,24,24,24
2025-05-31,KBTR,86.0,67.0,75.8,85.5,24,24,24
2025-05-31,KHUM,84.2,71.4,77.1,85.7,23,23,24
2025-05-31,KMSY,86.0,75.0,79.7,85.2,24,24,24
2025-05-31,KNEW,83.0,74.0,78.5,82.9,24,24,24
2025-06-01,KASD,85.0,63.0,75.5,84.9,24,24,24
2025-06-01,KBTR,87.0,64.0,75.9,88.3,24,24,24
2025-06-01,KHUM,84.2,68.0,77.3,86.5,23,23,24
2025-06-01,KMSY,88.0,68.0,79.0,88.9,24,24,24
2025-06-01,KNEW,87.0,73.0,80.4,86.7,24,24,24
2025-06-02,KASD,86.0,66.0,77.0,88.3,23,23,24
2025-06-02,KBTR,89.0,68.0,79.8,90.9,23,23,24
2025-06-02,KHUM,87.8,69.8,78.3,92.8,23,23,24
2025-06-02,KMSY,88.0,74.0,81.8,93.1,23,23,24
2025-06-02,KNEW,89.0,75.0,81.5,92.7,23,23,24
2025-06-03,KASD,87.0,65.0,77.1,88.3,24,24,24
2025-06-03,KBTR,88.0,70.0,79.0,92.4,24,24,24
2025-06-03,KHUM,87.8,69.8,78.7,92.8,24,24,24
2025-06-03,KMSY,88.0,74.0,81.7,93.1,24,24,24
2025-06-03,KNEW,86.0,76.0,81.5,91.5,23,23,24
2025-06-04,KASD,88.0,73.0,81.5,94.0,15,15,24
2025-06-04,KBTR,91.0,71.0,81.1,96.7,24,24,24
2025-06-04,KHUM,86.0,73.4,80.1,93.5,23,23,24
2025-06-04,KMSY,90.0,77.0,83.8,97.3,24,24,24
2025-06-04,KNEW,87.0,79.0,82.8,95.4,24,24,24
2025-06-05,KASD,91.0,70.0,81.0,96.4,24,24,24
2025-06-05,KBTR,93.0,73.0,83.6,99.2,24,24,24
2025-06-05,KHUM,87.8,73.4,80.4,97.8,23,23,24
2025-06-05,KMSY,91.0,77.0,84.5,101.9,24,24,24
2025-06-05,KNEW,90.0,78.0,83.8,98.4,23,23,24
2025-06-06,KASD,92.0,72.0,82.9,97.3,24,24,24
2025-06-06,KBTR,93.0,76.0,84.3,99.6,24,24,24
2025-06-06,KHUM,89.6,76.0,82.4,100.3,24,24,24
2025-06-06,KMSY,93.0,77.0,84.0,104.6,24,24,24
2025-06-06,KNEW,92.0,79.0,83.5,106.0,24,24,24
2025-06-07,KASD,92.0,74.0,84.4,102.0,24,24,24
2025-06-07,KBTR,93.0,76.0,84.7,104.6,24,24,24
2025-06-07,KHUM,89.6,75.2,83.2,100.3,24,24,24
2025-06-07,KMSY,94.0,78.0,85.6,107.5,24,24,24
2025-06-07,KNEW,93.0,81.0,85.6,107.6,24,24,24
2025-06-08,KASD,92.0,80.0,85.0,100.7,24,24,24
2025-06-08,KBTR,93.0,78.0,84.8,103.3,24,24,24
2025-06-08,KHUM,91.4,76.5,83.3,102.7,23,23,24
2025-06-08,KMSY,94.0,78.0,85.7,107.5,24,24,24
2025-06-08,KNEW,93.0,81.0,85.7,108.9,24,24,24
2025-06-09,KASD,88.0,77.0,82.5,100.3,13,13,24
2025-06-09,KBTR,90.0,78.0,83.0,99.4,24,24,24
2025-06-09,KHUM,89.6,77.0,82.4,98.3,24,24,24
2025-06-09,KMSY,90.0,80.0,83.8,104.6,23,23,24
2025-06-09,KNEW,89.0,81.0,84.8,101.6,23,23,24
2025-06-10,KASD,91.0,72.0,79.7,99.6,23,23,24
2025-06-10,KBTR,90.0,70.0,78.4,101.8,24,24,24
2025-06-10,KHUM,91.4,71.6,80.8,102.7,18,18,24
2025-06-10,KMSY,94.0,72.0,81.7,104.6,24,24,24
2025-06-10,KNEW,92.0,74.0,82.5,107.6,24,24,24
2025-06-11,KASD,90.0,70.0,78.3,97.1,24,24,24
2025-06-11,KBTR,91.0,68.0,76.2,99.6,24,24,24
2025-06-11,KHUM,87.8,69.8,82.0,102.4,12,12,24
2025-06-11,KMSY,91.0,73.0,81.1,104.6,24,24,24
2025-06-11,KNEW,90.0,74.0,81.0,104.6,24,24,24
2025-06-12,KASD,89.0,72.0,80.6,99.2,24,24,24
2025-06-12,KBTR,89.0,71.0,79.0,98.1,24,24,24
2025-06-12,KHUM,87.8,75.2,85.0,100.0,13,13,24
2025-06-12,KMSY,91.0,79.0,85.2,104.6,24,24,24
2025-06-12,KNEW,92.0,79.0,84.6,104.6,24,24,24
2025-06-13,KASD,86.0,72.0,79.5,96.7,24,24,24
2025-06-13,KBTR,86.0,71.0,77.5,92.3,24,24,24
2025-06-13,KHUM,87.8,80.6,83.8,95.9,14,14,24
2025-06-13,KMSY,88.0,78.0,83.5,101.4,24,24,24
2025-06-13,KNEW,86.0,76.0,82.2,96.1,24,24,24
2025-06-14,KASD,88.0,71.0,78.2,97.9,24,24,24
2025-06-14,KBTR,88.0,72.0,76.8,100.3,24,24,24
2025-06-14,KHUM,91.4,75.2,84.8,102.7,14,14,24
2025-06-14,KMSY,91.0,73.0,81.5,106.1,24,24,24
2025-06-14,KNEW,89.0,75.0,80.9,101.6,24,24,24
2025-06-15,KASD,90.0,70.0,79.1,98.4,24,24,24
2025-06-15,KBTR,88.0,71.0,76.7,97.9,24,24,24
2025-06-15,KHUM,87.8,75.2,81.2,97.8,14,14,24
2025-06-15,KMSY,90.0,76.0,81.8,103.2,24,24,24
2025-06-15,KNEW,89.0,75.0,80.9,103.1,24,24,24
2025-06-16,KASD,88.0,72.0,79.2,96.8,23,23,24
2025-06-16,KBTR,87.0,74.0,78.7,95.4,23,23,24
2025-06-16,KHUM,86.0,75.2,79.1,97.2,14,14,24
2025-06-16,KMSY,86.0,76.0,80.4,99.7,23,23,24
2025-06-16,KNEW,88.0,76.0,80.8,99.0,23,23,24
2025-06-17,KASD,87.0,74.0,80.5,96.1,24,24,24
2025-06-17,KBTR,89.0,77.0,81.1,99.2,24,24,24
2025-06-17,KHUM,89.6,77.0,84.2,98.3,11,11,24
2025-06-17,KMSY,88.0,79.0,81.8,103.0,24,24,24
2025-06-17,KNEW,87.0,79.0,81.5,96.5,19,19,24
2025-06-18,KASD,90.0,73.0,82.6,99.4,22,22,24
2025-06-18,KBTR,89.0,74.0,81.8,99.2,24,24,24
2025-06-18,KHUM,89.6,77.0,84.5,100.3,13,13,24
2025-06-18,KMSY,91.0,78.0,83.3,104.6,24,24,24
2025-06-18,KNEW,90.0,78.0,83.4,100.4,24,24,24
2025-06-19,KASD,93.0,73.0,79.8,102.2,24,24,24
2025-06-19,KBTR,93.0,73.0,82.0,103.2,24,24,24
2025-06-19,KHUM,91.4,75.2,87.2,102.7,14,14,24
2025-06-19,KMSY,93.0,78.0,83.5,109.1,24,24,24
2025-06-19,KNEW,90.0,78.0,83.5,106.1,24,24,24
2025-06-20,KASD,92.0,71.0,82.3,98.9,24,24,24
2025-06-20,KBTR,93.0,72.0,81.6,103.3,24,24,24
2025-06-20,KHUM,91.4,75.2,87.4,102.7,13,13,24
2025-06-20,KMSY,94.0,76.0,85.1,108.9,24,24,24
2025-06-20,KNEW,93.0,78.0,85.5,107.6,24,24,24
2025-06-21,KASD,90.0,75.0,81.1,100.6,18,18,24
2025-06-21,KBTR,94.0,75.0,84.4,102.2,24,24,24
2025-06-21,KHUM,91.4,75.2,87.7,100.6,14,14,24
2025-06-21,KMSY,94.0,79.0,86.8,107.3,24,24,24
2025-06-21,KNEW,92.0,82.0,86.4,106.1,24,24,24
2025-06-22,KASD,84.0,74.0,78.6,90.4,8,8,24
2025-06-22,KBTR,94.0,75.0,83.5,104.6,24,24,24
2025-06-22,KHUM,91.4,75.2,86.8,102.7,13,13,24
2025-06-22,KMSY,94.0,82.0,87.9,105.9,24,24,24
2025-06-22,KNEW,93.0,83.0,87.8,104.6,24,24,24
2025-06-23,KASD,90.0,72.0,78.0,101.8,24,24,24
2025-06-23,KBTR,93.0,74.0,81.0,102.2,24,24,24
2025-06-23,KHUM,91.4,77.0,86.0,105.2,13,13,24
2025-06-23,KMSY,95.0,81.0,87.9,106.0,24,24,24
2025-06-23,KNEW,92.0,83.0,86.2,104.6,24,24,24
2025-06-24,KASD,91.0,72.0,81.8,99.4,21,21,24
2025-06-24,KBTR,91.0,74.0,82.1,99.6,24,24,24
2025-06-24,KHUM,87.8,75.2,81.4,100.0,13,13,24
2025-06-24,KMSY,90.0,78.0,84.0,101.8,24,24,24
2025-06-24,KNEW,88.0,76.0,82.8,100.3,24,24,24
2025-06-25,KASD,88.0,73.0,77.8,95.0,12,12,24
2025-06-25,KBTR,94.0,75.0,84.2,102.0,24,24,24
2025-06-25,KHUM,89.6,75.2,85.7,100.3,14,14,24
2025-06-25,KMSY,92.0,78.0,85.1,107.5,24,24,24
2025-06-25,KNEW,92.0,79.0,86.0,104.6,24,24,24
2025-06-26,KASD,90.0,74.0,80.3,98.4,16,16,24
2025-06-26,KBTR,91.0,75.0,82.0,101.9,24,24,24
2025-06-26,KHUM,89.6,75.2,85.2,100.3,12,12,24
2025-06-26,KMSY,92.0,78.0,85.2,104.6,24,24,24
2025-06-26,KNEW,91.0,82.0,85.7,100.7,24,24,24
2025-06-27,KASD,91.0,73.0,83.4,97.1,14,14,24
2025-06-27,KBTR,90.0,75.0,80.4,98.4,24,24,24
2025-06-27,KHUM,91.4,78.8,86.6,98.3,13,13,24
2025-06-27,KMSY,90.0,79.0,83.5,100.6,24,24,24
2025-06-27,KNEW,90.0,80.0,84.6,100.4,24,24,24
2025-06-28,KASD,89.0,71.0,80.0,97.9,24,24,24
2025-06-28,KBTR,91.0,72.0,80.1,100.7,24,24,24
2025-06-28,KHUM,89.6,75.2,83.6,100.3,13,13,24
2025-06-28,KMSY,90.0,77.0,83.0,103.0,24,24,24
2025-06-28,KNEW,89.0,80.0,84.3,99.0,24,24,24
2025-06-29,KASD,88.0,73.0,80.5,94.5,22,22,24
2025-06-29,KBTR,88.0,74.0,78.3,97.9,24,24,24
2025-06-29,KHUM,86.0,75.2,81.0,95.2,14,14,24
2025-06-29,KMSY,89.0,78.0,83.5,100.4,24,24,24
2025-06-29,KNEW,88.0,79.0,84.0,96.8,24,24,24
2025-06-30,KASD,90.0,73.0,78.0,97.3,24,24,24
2025-06-30,KBTR,92.0,75.0,81.7,102.0,23,23,24
2025-06-30,KHUM,89.6,73.4,79.2,100.3,14,14,24
2025-06-30,KMSY,91.0,78.0,82.2,107.6,24,24,24
2025-06-30,KNEW,91.0,79.0,83.2,107.6,24,24,24
2025-07-01,KASD,91.0,72.0,81.1,100.7,23,23,24
2025-07-01,KBTR,92.0,75.0,83.3,100.6,23,23,24
2025-07-01,KHUM,91.4,73.4,85.4,105.1,13,13,24
2025-07-01,KMSY,93.0,79.0,85.5,106.0,23,23,24
2025-07-01,KNEW,92.0,79.0,86.2,106.0,23,23,24
2025-07-02,KASD,92.0,73.0,81.4,101.8,24,24,24
2025-07-02,KBTR,92.0,77.0,82.4,104.6,24,24,24
2025-07-02,KHUM,91.4,77.0,86.0,105.1,12,12,24
2025-07-02,KMSY,91.0,79.0,83.3,109.3,24,24,24
2025-07-02,KNEW,90.0,82.0,85.5,106.1,24,24,24
2025-07-03,KASD,93.0,74.0,83.0,98.4,24,24,24
2025-07-03,KBTR,92.0,75.0,81.2,106.0,24,24,24
2025-07-03,KHUM,95.0,80.6,87.5,107.5,12,12,24
2025-07-03,KMSY,92.0,79.0,83.7,107.8,24,24,24
2025-07-03,KNEW,90.0,84.0,86.5,106.1,24,24,24
2025-07-04,KASD,92.0,75.0,82.8,97.1,24,24,24
2025-07-04,KBTR,90.0,76.0,82.0,100.4,24,24,24
2025-07-04,KHUM,87.8,77.0,84.6,100.0,14,14,24
2025-07-04,KMSY,93.0,78.0,84.8,102.2,24,24,24
2025-07-04,KNEW,91.0,84.0,86.9,100.6,24,24,24
2025-07-05,KASD,92.0,71.0,80.7,96.7,23,23,24
2025-07-05,KBTR,94.0,75.0,84.0,100.4,23,23,24
2025-07-05,KHUM,93.2,78.8,86.0,100.9,14,14,24
2025-07-05,KMSY,96.0,77.0,86.7,99.5,24,24,24
2025-07-05,KNEW,93.0,82.0,87.7,100.9,23,23,24
2025-07-06,KASD,91.0,72.0,81.2,97.3,24,24,24
2025-07-06,KBTR,93.0,74.0,81.0,99.8,24,24,24
2025-07-06,KHUM,91.4,75.2,85.4,98.3,13,13,24
2025-07-06,KMSY,94.0,77.0,84.6,103.3,24,24,24
2025-07-06,KNEW,93.0,80.0,85.2,104.6,24,24,24
2025-07-07,KASD,91.0,70.0,81.2,97.1,24,24,24
2025-07-07,KBTR,89.0,73.0,80.5,101.7,24,24,24
2025-07-07,KHUM,89.6,75.2,81.3,98.3,13,13,24
2025-07-07,KMSY,92.0,77.0,84.0,103.3,24,24,24
2025-07-07,KNEW,92.0,76.0,83.1,104.6,24,24,24
2025-07-08,KASD,88.0,72.0,80.1,95.8,24,24,24
2025-07-08,KBTR,90.0,73.0,81.4,98.4,24,24,24
2025-07-08,KHUM,87.8,73.4,81.0,97.8,19,19,24
2025-07-08,KMSY,90.0,76.0,82.1,101.8,24,24,24
2025-07-08,KNEW,88.0,78.0,83.2,96.1,24,24,24
2025-07-09,KASD,88.0,72.0,80.0,96.8,24,24,24
2025-07-09,KBTR,89.0,74.0,80.2,98.1,24,24,24
2025-07-09,KHUM,91.4,73.0,79.8,97.0,23,23,24
2025-07-09,KMSY,88.0,76.0,80.8,99.0,24,24,24
2025-07-09,KNEW,89.0,78.0,82.8,100.4,24,24,24
2025-07-10,KASD,89.0,72.0,78.9,98.1,24,24,24
2025-07-10,KBTR,86.0,73.0,76.9,96.1,24,24,24
2025-07-10,KHUM,89.6,73.4,79.2,98.3,24,24,24
2025-07-10,KMSY,89.0,76.0,80.4,100.4,24,24,24
2025-07-10,KNEW,88.0,77.0,81.5,101.6,24,24,24
2025-07-11,KASD,92.0,69.0,79.1,97.1,24,24,24
2025-07-11,KBTR,92.0,72.0,82.1,102.0,24,24,24
2025-07-11,KHUM,89.6,73.4,80.4,100.3,23,23,24
2025-07-11,KMSY,91.0,75.0,82.2,104.6,24,24,24
2025-07-11,KNEW,89.0,77.0,81.6,103.1,24,24,24
2025-07-12,KASD,92.0,72.0,82.5,99.8,24,24,24
2025-07-12,KBTR,89.0,75.0,80.5,100.3,24,24,24
2025-07-12,KHUM,91.4,75.2,83.1,102.7,24,24,24
2025-07-12,KMSY,91.0,79.0,85.5,106.0,24,24,24
2025-07-12,KNEW,92.0,78.0,83.3,103.3,24,24,24
2025-07-13,KASD,92.0,73.0,80.7,98.6,24,24,24
2025-07-13,KBTR,88.0,74.0,79.3,97.6,24,24,24
2025-07-13,KHUM,89.6,73.4,79.9,102.6,24,24,24
2025-07-13,KMSY,92.0,78.0,83.2,103.1,24,24,24
2025-07-13,KNEW,92.0,75.0,82.2,107.5,24,24,24
2025-07-14,KASD,91.0,71.0,80.7,100.7,24,24,24
2025-07-14,KBTR,90.0,73.0,80.0,101.8,24,24,24
2025-07-14,KHUM,89.6,75.2,81.4,102.6,24,24,24
2025-07-14,KMSY,90.0,78.0,84.0,104.6,24,24,24
2025-07-14,KNEW,91.0,78.0,83.9,104.6,24,24,24
2025-07-15,KASD,91.0,71.0,81.5,100.7,24,24,24
2025-07-15,KBTR,94.0,73.0,83.3,100.4,24,24,24
2025-07-15,KHUM,91.4,74.3,82.2,102.7,22,22,24
2025-07-15,KMSY,95.0,75.0,85.4,107.3,24,24,24
2025-07-15,KNEW,92.0,79.0,86.3,107.6,24,24,24
2025-07-16,KASD,93.0,75.0,82.4,101.9,24,24,24
2025-07-16,KBTR,93.0,77.0,85.2,103.3,24,24,24
2025-07-16,KHUM,91.4,73.6,82.4,105.2,21,21,24
2025-07-16,KMSY,93.0,78.0,85.6,110.5,24,24,24
2025-07-16,KNEW,91.0,78.0,85.2,107.6,24,24,24
2025-07-17,KASD,87.0,75.2,79.7,97.6,24,24,24
2025-07-17,KBTR,86.0,76.0,79.2,99.7,24,24,24
2025-07-17,KHUM,80.6,73.4,76.3,86.2,24,24,24
2025-07-17,KMSY,85.0,76.0,79.5,97.9,24,24,24
2025-07-17,KNEW,86.0,78.0,81.6,98.4,23,23,24
2025-07-18,KASD,86.0,77.0,80.1,94.0,17,17,24
2025-07-18,KBTR,89.0,75.0,81.2,98.1,24,24,24
2025-07-18,KHUM,89.6,75.2,80.8,100.3,24,24,24
2025-07-18,KMSY,92.0,77.0,83.3,104.6,24,24,24
2025-07-18,KNEW,90.0,78.0,83.5,100.6,24,24,24
2025-07-19,KASD,91.0,75.0,84.1,101.8,23,23,24
2025-07-19,KBTR,90.0,75.0,82.7,101.7,24,24,24
2025-07-19,KHUM,91.4,77.0,82.9,105.2,24,24,24
2025-07-19,KMSY,91.0,80.0,84.8,107.6,24,24,24
2025-07-19,KNEW,91.0,80.0,84.3,104.6,24,24,24
2025-07-20,KASD,93.0,74.0,84.8,102.2,24,24,24
2025-07-20,KBTR,95.0,76.0,85.7,104.6,24,24,24
2025-07-20,KHUM,91.4,78.0,84.3,105.2,23,23,24
2025-07-20,KMSY,95.0,79.0,86.8,108.7,24,24,24
2025-07-20,KNEW,94.0,81.0,87.0,110.5,24,24,24
2025-07-21,KASD,95.0,76.0,85.7,104.8,24,24,24
2025-07-21,KBTR,95.0,76.0,85.7,104.8,24,24,24
2025-07-21,KHUM,89.6,76.5,82.6,105.2,23,23,24
2025-07-21,KMSY,94.0,79.0,86.2,110.2,24,24,24
2025-07-21,KNEW,94.0,81.0,87.2,107.3,24,24,24
2025-07-22,KASD,94.0,77.0,85.1,105.9,23,23,24
2025-07-22,KBTR,95.0,78.0,86.4,105.9,23,23,24
2025-07-22,KHUM,93.2,77.4,85.2,107.6,24,24,24
2025-07-22,KMSY,96.0,80.0,88.0,111.4,24,24,24
2025-07-22,KNEW,94.0,84.0,88.5,107.3,24,24,24
2025-07-23,KASD,95.0,77.0,85.0,105.9,19,19,24
2025-07-23,KBTR,92.0,79.0,85.6,107.6,24,24,24
2025-07-23,KHUM,91.4,73.6,83.6,108.2,24,24,24
2025-07-23,KMSY,96.0,78.0,86.5,114.7,24,24,24
2025-07-23,KNEW,93.0,78.0,86.8,116.1,24,24,24
2025-07-24,KASD,89.0,75.0,79.9,101.7,24,24,24
2025-07-24,KBTR,92.0,78.0,81.9,107.5,24,24,24
2025-07-24,KHUM,87.8,75.2,79.5,105.2,24,24,24
2025-07-24,KMSY,90.0,78.0,82.3,103.2,24,24,24
2025-07-24,KNEW,90.0,82.0,85.0,106.1,24,24,24
2025-07-25,KASD,80.0,75.0,76.9,87.4,16,16,24
2025-07-25,KBTR,89.0,76.0,79.7,101.7,24,24,24
2025-07-25,KHUM,89.6,77.0,82.6,105.2,24,24,24
2025-07-25,KMSY,92.0,80.0,84.8,106.0,24,24,24
2025-07-25,KNEW,92.0,79.0,84.3,106.0,22,22,24
2025-07-26,KASD,90.0,73.0,80.3,100.6,23,23,24
2025-07-26,KBTR,89.0,75.0,82.0,101.7,22,22,24
2025-07-26,KHUM,89.6,77.0,83.1,108.2,24,24,24
2025-07-26,KMSY,90.0,79.0,84.6,106.1,22,22,24
2025-07-26,KNEW,89.0,81.0,84.5,103.1,23,23,24
2025-07-27,KASD,93.0,74.0,83.5,104.6,24,24,24
2025-07-27,KBTR,95.0,74.0,82.9,107.2,24,24,24
2025-07-27,KHUM,91.4,78.3,83.8,107.9,20,20,24
2025-07-27,KMSY,94.0,80.0,87.1,112.2,24,24,24
2025-07-27,KNEW,94.0,82.0,87.4,110.8,24,24,24
2025-07-28,KASD,96.0,76.0,85.0,107.2,24,24,24
2025-07-28,KBTR,94.0,76.0,85.0,104.6,23,23,24
2025-07-28,KHUM,93.2,77.0,84.3,105.2,21,21,24
2025-07-28,KMSY,97.0,80.0,88.0,110.0,23,23,24
2025-07-28,KNEW,93.0,85.0,88.7,110.8,23,23,24
2025-07-29,KASD,97.0,78.0,83.6,111.2,24,24,24
2025-07-29,KBTR,96.0,78.0,85.8,109.9,24,24,24
2025-07-29,KHUM,96.8,80.4,86.7,109.9,24,24,24
2025-07-29,KMSY,97.0,81.0,87.9,111.4,24,24,24
2025-07-29,KNEW,93.0,84.0,88.2,112.2,24,24,24
2025-07-30,KASD,91.0,73.0,79.8,107.8,24,24,24
2025-07-30,KBTR,96.0,74.0,81.4,113.0,24,24,24
2025-07-30,KHUM,91.4,76.0,81.3,108.2,24,24,24
2025-07-30,KMSY,94.0,77.0,82.6,110.5,24,24,24
2025-07-30,KNEW,92.0,78.0,83.8,110.8,24,24,24
2025-07-31,KASD,92.0,70.0,81.5,99.8,24,24,24
2025-07-31,KBTR,92.0,73.0,81.6,101.9,24,24,24
2025-07-31,KHUM,89.6,73.4,81.8,100.3,24,24,24
2025-07-31,KMSY,94.0,75.0,84.7,106.0,24,24,24
2025-07-31,KNEW,93.0,77.0,85.1,104.6,24,24,24
2025-08-01,KASD,91.0,76.0,83.1,101.9,24,24,24
2025-08-01,KBTR,91.0,75.0,81.8,103.2,24,24,24
2025-08-01,KHUM,89.6,75.2,82.8,100.3,24,24,24
2025-08-01,KMSY,94.0,79.0,85.3,106.0,24,24,24
2025-08-01,KNEW,90.0,82.0,85.5,104.6,24,24,24
2025-08-02,KASD,89.0,75.0,80.8,100.4,24,24,24
2025-08-02,KBTR,90.0,74.0,79.5,100.6,24,24,24
2025-08-02,KHUM,89.6,77.0,81.6,102.6,23,23,24
2025-08-02,KMSY,91.0,79.0,84.7,106.0,24,24,24
2025-08-02,KNEW,90.0,81.0,85.0,104.6,24,24,24
2025-08-03,KASD,90.0,75.0,81.0,95.5,24,24,24
2025-08-03,KBTR,89.0,75.0,80.9,96.1,24,24,24
2025-08-03,KHUM,89.6,75.2,80.2,100.3,24,24,24
2025-08-03,KMSY,92.0,81.0,86.2,102.0,24,24,24
2025-08-03,KNEW,91.0,82.0,85.7,100.4,24,24,24
2025-08-04,KASD,90.0,71.0,79.7,96.1,24,24,24
2025-08-04,KBTR,91.0,72.0,81.6,95.5,24,24,24
2025-08-04,KHUM,91.4,75.2,80.0,100.6,24,24,24
2025-08-04,KMSY,93.0,83.0,87.0,99.2,24,24,24
2025-08-04,KNEW,92.0,80.0,85.4,102.0,24,24,24
2025-08-05,KASD,88.0,75.0,80.3,97.9,24,24,24
2025-08-05,KBTR,92.0,75.0,80.4,102.0,24,24,24
2025-08-05,KHUM,91.4,73.4,80.2,102.7,24,24,24
2025-08-05,KMSY,91.0,80.0,84.5,101.9,24,24,24
2025-08-05,KNEW,90.0,80.0,84.3,101.7,24,24,24
2025-08-06,KASD,90.0,73.0,79.0,98.4,24,24,24
2025-08-06,KBTR,94.0,74.0,81.6,103.5,24,24,24
2025-08-06,KHUM,87.8,74.7,80.2,97.8,23,23,24
2025-08-06,KMSY,93.0,77.0,84.2,105.9,24,24,24
2025-08-06,KNEW,92.0,81.0,85.3,104.6,24,24,24
2025-08-07,KASD,90.0,73.0,79.5,97.3,24,24,24
2025-08-07,KBTR,92.0,74.0,83.9,103.3,13,13,24
2025-08-07,KHUM,87.8,75.2,79.4,97.8,23,23,24
2025-08-07,KMSY,93.0,78.0,83.9,103.2,24,24,24
2025-08-07,KNEW,91.0,78.0,83.6,100.7,22,22,24
2025-08-08,KASD,90.0,73.0,80.5,97.1,24,24,24
2025-08-08,KBTR,92.0,72.0,81.3,100.7,24,24,24
2025-08-08,KHUM,86.0,73.4,79.4,97.2,23,23,24
2025-08-08,KMSY,90.0,76.0,83.3,99.2,24,24,24
2025-08-08,KNEW,89.0,80.0,83.9,100.4,24,24,24
2025-08-09,KASD,87.0,72.0,79.0,94.0,24,24,24
2025-08-09,KBTR,92.0,75.0,81.6,97.9,24,24,24
2025-08-09,KHUM,89.6,74.5,80.2,100.3,24,24,24
2025-08-09,KMSY,91.0,78.0,85.0,100.0,24,24,24
2025-08-09,KNEW,89.0,80.0,84.1,99.0,24,24,24
2025-08-10,KASD,87.0,72.0,79.5,96.5,24,24,24
2025-08-10,KBTR,91.0,73.0,80.8,101.9,24,24,24
2025-08-10,KHUM,89.6,76.0,81.4,102.4,23,23,24
2025-08-10,KMSY,90.0,80.0,85.1,101.6,24,24,24
2025-08-10,KNEW,89.0,81.0,84.2,101.7,24,24,24
2025-08-11,KASD,92.0,73.0,81.4,102.0,24,24,24
2025-08-11,KBTR,94.0,76.0,84.1,103.5,24,24,24
2025-08-11,KHUM,87.8,77.0,82.3,100.0,19,19,24
2025-08-11,KMSY,91.0,81.0,85.5,103.2,24,24,24
2025-08-11,KNEW,91.0,81.0,84.7,104.6,24,24,24
2025-08-12,KASD,86.0,76.0,80.3,95.6,24,24,24
2025-08-12,KBTR,92.0,76.0,83.3,102.0,24,24,24
2025-08-12,KHUM,87.8,77.0,83.8,102.4,13,13,24
2025-08-12,KMSY,89.0,81.0,84.5,101.7,24,24,24
2025-08-12,KNEW,86.0,80.0,83.3,96.7,24,24,24
2025-08-13,KASD,92.0,73.0,82.2,104.6,24,24,24
2025-08-13,KBTR,96.0,78.0,85.3,106.0,24,24,24
2025-08-13,KHUM,93.2,75.2,87.3,105.2,14,14,24
2025-08-13,KMSY,93.0,79.0,85.8,110.5,24,24,24
2025-08-13,KNEW,93.0,79.0,85.4,107.6,24,24,24
2025-08-14,KASD,93.0,73.0,83.3,102.2,23,23,24
2025-08-14,KBTR,93.0,75.0,85.1,103.3,24,24,24
2025-08-14,KHUM,91.4,75.2,85.4,102.6,13,13,24
2025-08-14,KMSY,94.0,79.0,86.2,107.3,24,24,24
2025-08-14,KNEW,92.0,81.0,86.2,107.6,24,24,24
2025-08-15,KASD,91.0,75.0,80.5,100.7,24,24,24
2025-08-15,KBTR,91.0,74.0,79.3,103.2,24,24,24
2025-08-15,KHUM,87.8,75.2,81.0,100.0,14,14,24
2025-08-15,KMSY,91.0,76.0,81.2,107.6,24,24,24
2025-08-15,KNEW,90.0,79.0,83.2,107.8,24,24,24
2025-08-16,KASD,93.0,71.0,82.2,103.3,24,24,24
2025-08-16,KBTR,94.0,73.0,82.7,102.4,24,24,24
2025-08-16,KHUM,93.2,71.6,83.7,102.9,19,19,24
2025-08-16,KMSY,94.0,75.0,84.8,105.9,24,24,24
2025-08-16,KNEW,91.0,79.0,85.9,104.6,24,24,24
2025-08-17,KASD,96.0,74.0,83.0,105.9,24,24,24
2025-08-17,KBTR,95.0,76.0,82.5,107.3,24,24,24
2025-08-17,KHUM,93.2,78.4,83.5,105.1,23,23,24
2025-08-17,KMSY,98.0,78.0,87.0,107.5,24,24,24
2025-08-17,KNEW,97.0,81.0,88.2,112.7,24,24,24
2025-08-18,KASD,94.0,73.0,79.8,104.6,24,24,24
2025-08-18,KBTR,96.0,73.0,80.8,108.5,24,24,24
2025-08-18,KHUM,93.2,75.7,80.6,105.1,23,23,24
2025-08-18,KMSY,95.0,79.0,85.2,109.1,24,24,24
2025-08-18,KNEW,95.0,83.0,87.6,110.8,24,24,24
2025-08-19,KASD,94.0,72.0,80.6,104.6,24,24,24
2025-08-19,KBTR,95.0,72.0,80.2,104.6,24,24,24
2025-08-19,KHUM,93.2,73.6,80.3,105.1,22,22,24
2025-08-19,KMSY,96.0,78.0,86.5,107.3,24,24,24
2025-08-19,KNEW,94.0,83.0,87.3,106.0,24,24,24
2025-08-20,KASD,95.0,71.0,81.6,100.7,24,24,24
2025-08-20,KBTR,95.0,73.0,81.2,107.2,24,24,24
2025-08-20,KHUM,93.2,75.0,83.1,102.9,24,24,24
2025-08-20,KMSY,96.0,77.0,86.5,106.0,24,24,24
2025-08-20,KNEW,92.0,84.0,87.1,106.0,24,24,24
2025-08-21,KASD,92.0,73.0,79.0,103.3,24,24,24
2025-08-21,KBTR,94.0,73.0,80.1,103.5,23,23,24
2025-08-21,KHUM,91.4,73.4,80.5,102.7,23,23,24
2025-08-21,KMSY,93.0,78.0,83.1,108.9,24,24,24
2025-08-21,KNEW,92.0,83.0,86.0,106.0,24,24,24
2025-08-22,KASD,88.0,73.0,76.5,97.6,24,24,24
2025-08-22,KBTR,89.0,75.0,78.8,100.4,24,24,24
2025-08-22,KHUM,89.6,73.4,79.3,102.6,24,24,24
2025-08-22,KMSY,89.0,79.0,83.1,103.1,24,24,24
2025-08-22,KNEW,90.0,80.0,84.1,104.6,24,24,24
2025-08-23,KASD,93.0,72.0,80.2,100.1,24,24,24
2025-08-23,KBTR,92.0,73.0,81.6,96.3,24,24,24
2025-08-23,KHUM,91.4,75.2,79.1,102.7,23,23,24
2025-08-23,KMSY,93.0,78.0,83.7,102.2,24,24,24
2025-08-23,KNEW,91.0,78.0,84.5,100.6,24,24,24
2025-08-24,KASD,93.0,73.0,81.9,97.5,23,23,24
2025-08-24,KBTR,92.0,71.0,81.6,94.9,23,23,24
2025-08-24,KHUM,91.4,75.2,81.6,98.7,21,21,24
2025-08-24,KMSY,94.0,76.0,84.9,98.3,23,23,24
2025-08-24,KNEW,92.0,82.0,87.0,99.6,23,23,24
2025-08-25,KASD,93.0,70.0,81.2,97.6,24,24,24
2025-08-25,KBTR,94.0,72.0,82.2,97.9,24,24,24
2025-08-25,KHUM,91.4,75.2,81.3,100.6,22,22,24
2025-08-25,KMSY,95.0,77.0,86.8,103.5,24,24,24
2025-08-25,KNEW,93.0,82.0,87.5,100.1,24,24,24
2025-08-26,KASD,91.0,67.0,79.4,94.4,24,24,24
2025-08-26,KBTR,94.0,71.0,82.0,97.6,24,24,24
2025-08-26,KHUM,91.4,73.4,81.4,100.6,23,23,24
2025-08-26,KMSY,92.0,77.0,85.5,101.9,24,24,24
2025-08-26,KNEW,91.0,80.0,85.5,98.4,24,24,24
2025-08-27,KASD,88.0,70.0,77.5,91.7,24,24,24
2025-08-27,KBTR,90.0,74.0,80.4,95.5,24,24,24
2025-08-27,KHUM,89.6,75.0,81.1,98.3,23,23,24
2025-08-27,KMSY,90.0,77.0,83.4,98.4,24,24,24
2025-08-27,KNEW,89.0,79.0,83.3,96.1,24,24,24
2025-08-28,KASD,91.0,72.0,81.4,95.9,24,24,24
2025-08-28,KBTR,90.0,73.0,81.9,98.4,24,24,24
2025-08-28,KHUM,89.6,75.0,82.3,100.3,24,24,24
2025-08-28,KMSY,91.0,79.0,84.0,101.9,24,24,24
2025-08-28,KNEW,93.0,79.0,84.5,102.2,24,24,24
2025-08-29,KASD,79.0,74.0,76.4,79.8,24,24,24
2025-08-29,KBTR,81.0,73.0,77.1,86.3,24,24,24
2025-08-29,KHUM,86.0,75.0,79.6,93.5,24,24,24
2025-08-29,KMSY,84.0,78.0,80.5,93.8,24,24,24
2025-08-29,KNEW,84.0,80.0,81.4,92.0,24,24,24
2025-08-30,KASD,86.0,72.0,77.4,92.3,24,24,24
2025-08-30,KBTR,87.0,72.0,77.4,96.5,24,24,24
2025-08-30,KHUM,89.6,73.4,78.3,100.3,23,23,24
2025-08-30,KMSY,88.0,76.0,82.1,97.9,24,24,24
2025-08-30,KNEW,88.0,79.0,83.0,99.0,24,24,24
2025-08-31,KASD,88.0,69.0,77.6,92.4,24,24,24
2025-08-31,KBTR,89.0,71.0,78.8,92.4,24,24,24
2025-08-31,KHUM,87.8,74.5,79.6,95.9,22,22,24
2025-08-31,KMSY,89.0,79.0,83.4,95.2,24,24,24
2025-08-31,KNEW,87.0,79.0,82.4,93.6,24,24,24
2025-09-01,KASD,87.0,70.0,77.6,92.3,24,24,24
2025-09-01,KBTR,91.0,72.0,80.2,92.6,24,24,24
2025-09-01,KHUM,89.6,73.4,79.4,98.3,23,23,24
2025-09-01,KMSY,88.0,75.0,82.2,97.9,24,24,24
2025-09-01,KNEW,88.0,80.0,82.8,96.8,24,24,24
2025-09-02,KASD,88.0,70.0,77.9,90.4,24,24,24
2025-09-02,KBTR,90.0,73.0,80.8,92.2,24,24,24
2025-09-02,KHUM,87.8,72.0,80.1,95.9,24,24,24
2025-09-02,KMSY,90.0,77.0,82.9,95.5,24,24,24
2025-09-02,KNEW,90.0,77.0,82.6,93.6,24,24,24
2025-09-03,KASD,87.0,65.0,76.4,90.6,24,24,24
2025-09-03,KBTR,90.0,69.0,79.5,94.0,24,24,24
2025-09-03,KHUM,89.6,68.0,78.3,92.8,23,23,24
2025-09-03,KMSY,92.0,72.0,82.0,96.1,24,24,24
2025-09-03,KNEW,90.0,76.0,82.2,94.0,24,24,24
2025-09-04,KASD,89.0,67.0,79.3,94.3,24,24,24
2025-09-04,KBTR,92.0,72.0,82.4,98.9,24,24,24
2025-09-04,KHUM,89.6,71.6,79.7,95.9,24,24,24
2025-09-04,KMSY,92.0,74.0,83.2,98.9,24,24,24
2025-09-04,KNEW,92.0,78.0,84.2,96.3,24,24,24
2025-09-05,KASD,91.0,71.0,80.6,95.5,24,24,24
2025-09-05,KBTR,93.0,75.0,83.5,99.2,24,24,24
2025-09-05,KHUM,89.6,71.6,80.0,98.3,24,24,24
2025-09-05,KMSY,92.0,75.0,84.1,104.6,24,24,24
2025-09-05,KNEW,93.0,79.0,84.6,103.3,24,24,24
2025-09-06,KASD,91.0,70.0,79.6,95.9,24,24,24
2025-09-06,KBTR,90.0,73.0,81.3,97.3,24,24,24
2025-09-06,KHUM,89.6,73.4,80.6,98.3,23,23,24
2025-09-06,KMSY,93.0,76.0,85.3,100.6,24,24,24
2025-09-06,KNEW,92.0,79.0,85.4,100.7,24,24,24
2025-09-07,KASD,89.0,69.0,78.0,92.2,24,24,24
2025-09-07,KBTR,88.0,69.0,77.5,91.7,24,24,24
2025-09-07,KHUM,87.8,71.6,80.2,95.9,24,24,24
2025-09-07,KMSY,91.0,78.0,83.7,95.9,24,24,24
2025-09-07,KNEW,89.0,76.0,82.2,95.2,24,24,24
2025-09-08,KASD,86.0,63.0,73.9,84.3,24,24,24
2025-09-08,KBTR,85.0,64.0,73.7,83.9,24,24,24
2025-09-08,KHUM,84.2,69.3,76.1,84.4,24,24,24
2025-09-08,KMSY,86.0,75.0,80.8,85.2,24,24,24
2025-09-08,KNEW,85.0,74.0,80.2,85.2,24,24,24
2025-09-09,KASD,86.0,64.0,74.9,91.8,24,24,24
2025-09-09,KBTR,89.0,62.0,73.9,93.6,24,24,24
2025-09-09,KHUM,87.8,68.0,76.8,95.9,23,23,24
2025-09-09,KMSY,91.0,77.0,83.1,98.6,24,24,24
2025-09-09,KNEW,88.0,77.0,82.0,95.0,24,24,24
2025-09-10,KASD,75.0,71.0,72.8,75.7,4,4,24
2025-09-10,KBTR,91.0,71.0,80.1,95.9,24,24,24
2025-09-10,KHUM,89.6,73.0,78.9,100.3,24,24,24
2025-09-10,KMSY,91.0,78.0,84.1,98.6,24,24,24
2025-09-10,KNEW,88.0,79.0,83.0,95.8,24,24,24
2025-09-11,KASD,90.0,66.0,77.6,90.1,24,24,24
2025-09-11,KBTR,91.0,71.0,80.2,94.4,24,24,24
2025-09-11,KHUM,89.6,71.6,78.9,92.0,23,23,24
2025-09-11,KMSY,92.0,75.0,83.6,93.1,24,24,24
2025-09-11,KNEW,90.0,77.0,83.3,93.3,24,24,24
2025-09-12,KASD,92.0,65.0,78.3,92.8,24,24,24
2025-09-12,KBTR,93.0,68.0,80.9,95.4,24,24,24
2025-09-12,KHUM,91.4,69.8,79.3,94.3,23,23,24
2025-09-12,KMSY,95.0,73.0,83.3,96.5,24,24,24
2025-09-12,KNEW,91.0,80.0,84.6,96.1,24,24,24
2025-09-13,KASD,90.0,69.0,76.3,94.0,24,24,24
2025-09-13,KBTR,94.0,70.0,81.8,94.8,24,24,24
2025-09-13,KHUM,93.2,71.2,79.8,96.5,24,24,24
2025-09-13,KMSY,94.0,74.0,83.8,96.1,24,24,24
2025-09-13,KNEW,90.0,79.0,84.0,98.4,24,24,24
2025-09-14,KASD,88.0,65.0,76.2,90.4,24,24,24
2025-09-14,KBTR,92.0,69.0,80.6,92.2,24,24,24
2025-09-14,KHUM,89.6,70.7,78.6,92.3,23,23,24
2025-09-14,KMSY,91.0,75.0,82.8,96.7,24,24,24
2025-09-14,KNEW,91.0,76.0,82.7,95.0,24,24,24
2025-09-15,KASD,91.0,67.0,77.8,91.1,24,24,24
2025-09-15,KBTR,91.0,70.0,79.6,93.8,24,24,24
2025-09-15,KHUM,89.6,69.8,78.5,93.5,21,21,24
2025-09-15,KMSY,92.0,73.0,82.4,94.3,24,24,24
2025-09-15,KNEW,89.0,79.0,83.7,93.6,24,24,24
2025-09-16,KASD,88.0,70.0,78.4,89.9,24,24,24
2025-09-16,KBTR,92.0,72.0,79.8,95.5,24,24,24
2025-09-16,KHUM,91.4,69.8,78.8,94.3,24,24,24
2025-09-16,KMSY,92.0,74.0,82.9,97.3,24,24,24
2025-09-16,KNEW,91.0,76.0,83.0,95.4,24,24,24
2025-09-17,KASD,89.0,67.0,74.6,91.5,17,17,24
2025-09-17,KBTR,91.0,71.0,77.9,95.9,24,24,24
2025-09-17,KHUM,91.4,69.8,78.9,91.4,23,23,24
2025-09-17,KMSY,93.0,73.0,82.4,93.1,24,24,24
2025-09-17,KNEW,91.0,76.0,82.0,93.6,24,24,24
2025-09-18,KASD,89.0,64.0,75.8,92.4,24,24,24
2025-09-18,KBTR,92.0,67.0,78.6,91.3,24,24,24
2025-09-18,KHUM,89.6,68.7,77.8,94.9,23,23,24
2025-09-18,KMSY,90.0,71.0,80.9,95.2,24,24,24
2025-09-18,KNEW,89.0,76.0,81.8,93.6,24,24,24
2025-09-19,KASD,91.0,64.0,76.8,93.3,24,24,24
2025-09-19,KBTR,94.0,67.0,78.6,94.3,24,24,24
2025-09-19,KHUM,89.6,69.8,77.7,93.5,23,23,24
2025-09-19,KMSY,93.0,75.0,82.5,99.2,24,24,24
2025-09-19,KNEW,91.0,76.0,82.5,95.5,24,24,24
2025-09-20,KASD,91.0,67.0,78.2,94.4,24,24,24
2025-09-20,KBTR,94.0,67.0,79.5,95.9,24,24,24
2025-09-20,KHUM,91.4,68.0,77.7,95.6,23,23,24
2025-09-20,KMSY,93.0,72.0,81.9,98.4,24,24,24
2025-09-20,KNEW,92.0,77.0,83.9,97.6,24,24,24
2025-09-21,KASD,91.0,67.0,78.2,93.3,24,24,24
2025-09-21,KBTR,94.0,70.0,78.9,96.7,24,24,24
2025-09-21,KHUM,89.6,71.4,79.7,96.5,22,22,24
2025-09-21,KMSY,91.0,73.0,83.0,97.6,24,24,24
2025-09-21,KNEW,89.0,78.0,83.2,97.1,24,24,24
2025-09-22,KASD,90.0,69.0,78.6,94.0,24,24,24
2025-09-22,KBTR,91.0,71.0,77.1,95.1,24,24,24
2025-09-22,KHUM,89.6,72.7,79.9,98.3,23,23,24
2025-09-22,KMSY,91.0,78.0,82.6,99.6,24,24,24
2025-09-22,KNEW,89.0,75.0,82.2,98.1,24,24,24
2025-09-23,KASD,90.0,68.0,80.0,95.5,20,20,24
2025-09-23,KBTR,92.0,72.0,80.4,100.9,21,21,24
2025-09-23,KHUM,89.6,73.4,80.8,100.3,19,19,24
2025-09-23,KMSY,92.0,76.0,83.6,102.0,21,21,24
2025-09-23,KNEW,90.0,78.0,83.4,98.4,21,21,24
2025-09-24,KASD,89.0,74.0,80.4,96.8,19,19,24
2025-09-24,KBTR,89.0,74.0,78.8,98.1,24,24,24
2025-09-24,KHUM,91.4,75.2,82.2,100.6,22,22,24
2025-09-24,KMSY,92.0,77.0,83.6,104.6,24,24,24
2025-09-24,KNEW,90.0,78.0,83.0,99.4,24,24,24
2025-09-25,KASD,82.0,72.0,77.8,86.8,24,24,24
2025-09-25,KBTR,83.0,72.0,76.6,87.1,24,24,24
2025-09-25,KHUM,80.6,73.4,76.8,87.6,22,22,24
2025-09-25,KMSY,84.0,75.0,79.0,92.9,24,24,24
2025-09-25,KNEW,82.0,77.0,79.8,91.1,24,24,24
2025-09-26,KASD,87.0,66.0,75.2,87.5,24,24,24
2025-09-26,KBTR,87.0,66.0,75.8,87.5,24,24,24
2025-09-26,KHUM,86.0,71.6,77.1,87.5,23,23,24
2025-09-26,KMSY,88.0,73.0,80.2,88.9,24,24,24
2025-09-26,KNEW,85.0,74.0,80.2,87.8,24,24,24
2025-09-27,KASD,86.0,62.0,73.3,86.9,24,24,24
2025-09-27,KBTR,88.0,64.0,75.6,88.0,24,24,24
2025-09-27,KHUM,87.8,68.0,75.2,89.4,23,23,24
2025-09-27,KMSY,89.0,73.0,81.9,90.4,24,24,24
2025-09-27,KNEW,86.0,76.0,81.3,89.4,24,24,24
2025-09-28,KASD,91.0,61.0,74.9,90.7,24,24,24
2025-09-28,KBTR,91.0,64.0,77.1,89.9,24,24,24
2025-09-28,KHUM,89.6,68.0,76.8,91.3,22,22,24
2025-09-28,KMSY,92.0,76.0,83.0,92.6,24,24,24
2025-09-28,KNEW,91.0,76.0,82.8,94.0,24,24,24
2025-09-29,KASD,91.0,66.0,77.0,92.0,23,23,24
2025-09-29,KBTR,92.0,67.0,79.5,93.1,24,24,24
2025-09-29,KHUM,89.6,68.0,77.2,93.5,22,22,24
2025-09-29,KMSY,93.0,73.0,83.2,97.3,24,24,24
2025-09-29,KNEW,91.0,78.0,83.7,95.5,24,24,24
2025-09-30,KASD,89.0,64.0,77.0,89.5,22,22,24
2025-09-30,KBTR,91.0,68.0,78.0,91.5,24,24,24
2025-09-30,KHUM,91.4,69.8,78.8,93.5,22,22,24
2025-09-30,KMSY,91.0,74.0,82.9,92.0,24,24,24
2025-09-30,KNEW,87.0,78.0,83.1,91.2,24,24,24
2025-10-01,KASD,86.0,68.0,78.3,89.6,17,17,24
2025-10-01,KBTR,90.0,66.0,78.6,91.5,24,24,24
2025-10-01,KHUM,89.6,71.0,78.6,91.5,22,22,24
2025-10-01,KMSY,92.0,72.0,83.6,94.0,24,24,24
2025-10-01,KNEW,88.0,78.0,82.3,96.5,24,24,24
2025-10-02,KASD,86.0,67.0,75.2,88.3,24,24,24
2025-10-02,KBTR,91.0,70.0,79.0,90.4,24,24,24
2025-10-02,KHUM,87.8,71.2,76.7,87.4,22,22,24
2025-10-02,KMSY,89.0,74.0,82.4,92.8,24,24,24
2025-10-02,KNEW,86.0,77.0,81.5,91.0,24,24,24
2025-10-03,KASD,83.0,68.0,74.5,84.8,24,24,24
2025-10-03,KBTR,87.0,68.0,74.9,87.5,24,24,24
2025-10-03,KHUM,80.6,70.3,74.2,84.6,24,24,24
2025-10-03,KMSY,83.0,75.0,79.4,87.7,24,24,24
2025-10-03,KNEW,82.0,74.0,78.2,86.3,24,24,24
2025-10-04,KASD,79.0,71.0,74.2,79.3,24,24,24
2025-10-04,KBTR,87.0,67.0,75.6,89.4,24,24,24
2025-10-04,KHUM,78.8,70.0,73.2,79.6,22,22,24
2025-10-04,KMSY,80.0,75.0,78.5,82.9,24,24,24
2025-10-04,KNEW,79.0,76.0,77.3,79.5,24,24,24
2025-10-05,KASD,79.0,69.0,74.0,79.7,24,24,24
2025-10-05,KBTR,83.0,73.0,75.8,87.1,24,24,24
2025-10-05,KHUM,82.4,71.6,76.4,88.3,22,22,24
2025-10-05,KMSY,81.0,74.0,77.3,86.3,24,24,24
2025-10-05,KNEW,80.0,73.0,77.0,84.5,24,24,24
2025-10-06,KASD,87.0,73.0,79.5,93.6,24,24,24
2025-10-06,KBTR,88.0,73.0,78.8,96.8,24,24,24
2025-10-06,KHUM,86.0,75.2,80.0,97.2,20,20,24
2025-10-06,KMSY,88.0,74.0,81.6,99.0,24,24,24
2025-10-06,KNEW,87.0,77.0,80.9,96.5,24,24,24
2025-10-07,KASD,86.0,72.0,77.7,95.0,24,24,24
2025-10-07,KBTR,90.0,74.0,79.5,94.7,24,24,24
2025-10-07,KHUM,87.8,73.4,78.1,95.9,23,23,24
2025-10-07,KMSY,90.0,76.0,82.8,97.9,24,24,24
2025-10-07,KNEW,87.0,77.0,81.5,98.8,24,24,24
2025-10-08,KASD,90.0,72.0,78.2,95.5,24,24,24
2025-10-08,KBTR,88.0,72.0,76.0,94.8,24,24,24
2025-10-08,KHUM,89.6,73.4,79.4,96.5,23,23,24
2025-10-08,KMSY,91.0,78.8,83.4,98.6,23,23,24
2025-10-08,KNEW,89.0,76.0,81.6,99.2,24,24,24
2025-10-09,KASD,88.0,67.0,76.6,90.4,23,23,24
2025-10-09,KBTR,88.0,69.0,76.8,90.4,24,24,24
2025-10-09,KHUM,87.8,71.0,78.5,92.8,22,22,24
2025-10-09,KMSY,89.0,76.0,81.8,92.2,24,24,24
2025-10-09,KNEW,86.0,75.0,80.2,92.3,24,24,24
2025-10-10,KASD,83.0,61.0,71.0,83.5,24,24,24
2025-10-10,KBTR,85.0,59.0,71.5,84.7,24,24,24
2025-10-10,KHUM,82.4,64.4,71.9,84.6,22,22,24
2025-10-10,KMSY,84.0,73.0,78.2,85.0,24,24,24
2025-10-10,KNEW,82.0,72.0,77.5,84.2,24,24,24
2025-10-11,KASD,81.0,56.0,68.0,81.1,24,24,24
2025-10-11,KBTR,83.0,61.0,70.1,82.1,24,24,24
2025-10-11,KHUM,82.4,62.6,70.6,82.1,22,22,24
2025-10-11,KMSY,83.0,71.0,77.0,82.9,24,24,24
2025-10-11,KNEW,80.0,71.0,76.0,81.6,24,24,24
2025-10-12,KASD,83.0,51.0,66.2,81.2,24,24,24
2025-10-12,KBTR,83.0,57.0,68.9,81.8,24,24,24
2025-10-12,KHUM,82.4,60.0,69.0,81.0,23,23,24
2025-10-12,KMSY,85.0,63.0,73.7,83.0,24,24,24
2025-10-12,KNEW,80.0,68.0,75.9,79.8,24,24,24
2025-10-13,KASD,85.0,51.0,67.2,82.6,24,24,24
2025-10-13,KBTR,85.0,57.0,69.5,83.0,24,24,24
2025-10-13,KHUM,84.2,57.2,68.7,82.8,23,23,24
2025-10-13,KMSY,85.0,60.0,73.0,83.1,24,24,24
2025-10-13,KNEW,83.0,65.0,76.0,82.5,24,24,24
2025-10-14,KASD,86.0,54.0,68.9,84.1,24,24,24
2025-10-14,KBTR,86.0,60.0,71.0,84.1,24,24,24
2025-10-14,KHUM,86.0,60.8,70.6,84.6,22,22,24
2025-10-14,KMSY,86.0,64.0,75.8,84.3,24,24,24
2025-10-14,KNEW,82.0,71.0,76.9,83.5,24,24,24
2025-10-15,KASD,87.0,55.0,69.8,85.6,24,24,24
2025-10-15,KBTR,87.0,60.0,71.7,86.1,24,24,24
2025-10-15,KHUM,86.0,62.6,72.9,85.5,23,23,24
2025-10-15,KMSY,88.0,66.0,77.0,87.3,24,24,24
2025-10-15,KNEW,86.0,72.0,77.8,86.1,24,24,24
2025-10-16,KASD,87.0,57.0,71.0,86.4,24,24,24
2025-10-16,KBTR,88.0,59.0,71.8,87.3,24,24,24
2025-10-16,KHUM,86.0,62.6,72.4,87.5,23,23,24
2025-10-16,KMSY,88.0,66.0,76.2,88.9,24,24,24
2025-10-16,KNEW,86.0,72.0,77.4,88.3,24,24,24
2025-10-17,KASD,84.0,58.0,71.1,86.2,24,24,24
2025-10-17,KBTR,87.0,62.0,73.8,87.9,24,24,24
2025-10-17,KHUM,84.2,62.6,72.7,87.4,23,23,24
2025-10-17,KMSY,87.0,68.0,77.7,89.9,24,24,24
2025-10-17,KNEW,85.0,71.0,77.8,88.9,24,24,24
2025-10-18,KASD,85.0,70.0,77.5,89.6,24,24,24
2025-10-18,KBTR,87.0,66.0,75.0,92.7,24,24,24
2025-10-18,KHUM,84.2,68.0,76.2,89.6,23,23,24
2025-10-18,KMSY,87.0,74.0,80.5,92.3,24,24,24
2025-10-18,KNEW,86.0,76.0,80.1,92.3,24,24,24
2025-10-19,KASD,87.0,57.0,75.0,85.0,24,24,24
2025-10-19,KBTR,83.0,58.0,72.5,84.4,24,24,24
2025-10-19,KHUM,87.8,62.6,76.6,87.8,23,23,24
2025-10-19,KMSY,89.0,71.0,79.4,88.3,24,24,24
2025-10-19,KNEW,85.0,70.0,78.5,88.3,24,24,24
2025-10-20,KASD,78.0,45.0,62.2,77.9,23,23,24
2025-10-20,KBTR,82.0,50.0,65.5,81.4,24,24,24
2025-10-20,KHUM,80.6,57.2,67.7,81.5,23,23,24
2025-10-20,KMSY,83.0,65.0,73.6,82.9,24,24,24
2025-10-20,KNEW,80.0,64.0,72.0,81.0,24,24,24
2025-10-21,KASD,84.0,58.0,71.2,85.8,24,24,24
2025-10-21,KBTR,86.0,61.0,72.1,89.4,24,24,24
2025-10-21,KHUM,84.2,62.8,73.4,87.4,23,23,24
2025-10-21,KMSY,88.0,67.0,77.6,89.9,24,24,24
2025-10-21,KNEW,86.0,70.0,77.5,90.8,24,24,24
2025-10-22,KASD,80.0,49.0,68.1,79.4,24,24,24
2025-10-22,KBTR,79.0,53.0,67.0,78.4,24,24,24
2025-10-22,KHUM,78.8,57.2,69.8,78.4,21,21,24
2025-10-22,KMSY,81.0,61.0,73.3,79.6,24,24,24
2025-10-22,KNEW,80.0,69.0,73.9,79.6,24,24,24
2025-10-23,KASD,78.0,43.0,59.9,77.5,24,24,24
2025-10-23,KBTR,80.0,50.0,63.4,79.5,24,24,24
2025-10-23,KHUM,80.6,54.0,66.3,81.8,23,23,24
2025-10-23,KMSY,81.0,58.0,70.0,80.9,24,24,24
2025-10-23,KNEW,78.0,67.0,72.2,77.9,24,24,24
2025-10-24,KASD,81.0,47.0,64.2,80.9,24,24,24
2025-10-24,KBTR,82.0,53.0,66.5,81.6,24,24,24
2025-10-24,KHUM,82.4,57.2,68.9,82.9,23,23,24
2025-10-24,KMSY,83.0,60.0,73.2,83.8,24,24,24
2025-10-24,KNEW,80.0,66.0,74.0,81.4,24,24,24
2025-10-25,KASD,79.0,57.0,68.9,79.5,24,24,24
2025-10-25,KBTR,72.0,64.0,67.8,72.6,24,24,24
2025-10-25,KHUM,78.8,68.7,72.8,79.2,23,23,24
2025-10-25,KMSY,81.0,72.0,75.4,84.1,24,24,24
2025-10-25,KNEW,81.0,73.0,75.1,83.8,24,24,24
2025-10-26,KASD,80.0,67.0,73.8,82.9,24,24,24
2025-10-26,KBTR,82.0,67.0,73.8,84.2,24,24,24
2025-10-26,KHUM,80.6,66.6,74.6,84.6,23,23,24
2025-10-26,KMSY,82.0,72.0,76.7,86.8,24,24,24
2025-10-26,KNEW,82.0,72.0,76.2,86.3,24,24,24
2025-10-27,KASD,71.0,63.0,66.5,71.2,10,10,24
2025-10-27,KBTR,79.0,59.0,67.9,79.1,24,24,24
2025-10-27,KHUM,82.4,62.6,70.7,82.9,23,23,24
2025-10-27,KMSY,82.0,71.0,74.9,82.6,24,24,24
2025-10-27,KNEW,80.0,70.0,74.3,81.8,24,24,24
2025-10-28,KASD,,,,,0,0,24
2025-10-28,KBTR,78.0,58.0,67.1,78.3,24,24,24
2025-10-28,KHUM,80.6,62.6,69.6,81.8,23,23,24
2025-10-28,KMSY,77.0,66.0,71.3,77.2,24,24,24
2025-10-28,KNEW,74.0,65.0,69.2,74.0,22,22,24
2025-10-29,KASD,,,,,0,0,24
2025-10-29,KBTR,67.0,54.0,59.9,67.2,24,24,24
2025-10-29,KHUM,74.7,54.7,61.8,75.2,22,22,24
2025-10-29,KMSY,74.0,58.0,64.3,74.5,24,24,24
2025-10-29,KNEW,72.0,59.0,63.8,72.6,24,24,24
2025-10-30,KASD,,,,,0,0,24
2025-10-30,KBTR,66.0,47.0,56.7,65.2,24,24,24
2025-10-30,KHUM,66.2,51.8,57.7,65.5,22,22,24
2025-10-30,KMSY,67.0,56.0,60.5,66.3,24,24,24
2025-10-30,KNEW,65.0,57.0,60.5,64.3,24,24,24
2025-10-31,KASD,,,,,0,0,24
2025-10-31,KBTR,68.0,43.0,54.6,67.2,24,24,24
2025-10-31,KHUM,69.8,44.6,55.6,69.1,23,23,24
2025-10-31,KMSY,69.0,49.0,58.8,68.3,24,24,24
2025-10-31,KNEW,65.0,56.0,61.1,64.3,24,24,24
2025-11-01,KASD,54.0,54.0,54.0,53.7,3,3,24
2025-11-01,KBTR,71.0,45.0,57.7,70.4,24,24,24
2025-11-01,KHUM,73.4,46.4,58.9,72.6,22,22,24
2025-11-01,KMSY,73.0,51.0,62.5,72.7,24,24,24
2025-11-01,KNEW,70.0,53.0,62.0,69.5,24,24,24
2025-11-02,KASD,70.0,45.0,57.3,69.3,25,25,25
2025-11-02,KBTR,69.0,46.0,57.3,68.3,25,25,25
2025-11-02,KHUM,71.6,51.0,59.8,70.9,21,21,25
2025-11-02,KMSY,71.0,59.0,64.6,70.4,25,25,25
2025-11-02,KNEW,69.0,58.0,63.6,68.4,25,25,25
2025-11-03,KASD,70.0,38.0,51.6,69.0,24,24,24
2025-11-03,KBTR,70.0,42.0,53.5,69.1,24,24,24
2025-11-03,KHUM,53.0,45.0,47.5,52.3,10,10,24
2025-11-03,KMSY,69.0,54.0,60.0,68.1,24,24,24
2025-11-03,KNEW,66.0,53.0,60.2,65.3,24,24,24
2025-11-04,KASD,72.0,37.0,54.2,71.4,24,24,24
2025-11-04,KBTR,74.0,43.0,56.7,73.4,24,24,24
2025-11-04,KHUM,75.2,44.6,59.3,74.9,22,22,24
2025-11-04,KMSY,75.0,49.0,62.1,74.5,24,24,24
2025-11-04,KNEW,71.0,57.0,63.1,70.7,24,24,24
2025-11-05,KASD,76.0,43.0,59.7,75.9,24,24,24
2025-11-05,KBTR,77.0,47.0,61.5,77.0,24,24,24
2025-11-05,KHUM,78.8,53.6,65.2,78.9,21,21,24
2025-11-05,KMSY,79.0,54.0,67.1,79.1,24,24,24
2025-11-05,KNEW,76.0,58.0,66.8,76.0,24,24,24
2025-11-06,KASD,79.0,49.0,62.5,78.8,24,24,24
2025-11-06,KBTR,78.0,53.0,66.2,78.2,24,24,24
2025-11-06,KHUM,78.8,59.0,67.3,78.9,21,21,24
2025-11-06,KMSY,77.0,58.0,68.4,77.0,24,24,24
2025-11-06,KNEW,76.0,62.0,67.6,75.9,24,24,24
2025-11-07,KASD,82.0,56.0,70.2,86.3,24,24,24
2025-11-07,KBTR,84.0,65.0,72.6,85.4,24,24,24
2025-11-07,KHUM,82.4,63.0,71.1,85.4,20,20,24
2025-11-07,KMSY,83.0,67.0,73.6,86.8,24,24,24
2025-11-07,KNEW,84.0,66.0,74.0,87.7,24,24,24
2025-11-08,KASD,81.0,59.0,70.0,82.6,24,24,24
2025-11-08,KBTR,82.0,63.0,72.8,84.5,24,24,24
2025-11-08,KHUM,82.4,60.8,70.0,84.6,21,21,24
2025-11-08,KMSY,84.0,64.0,73.0,85.2,24,24,24
2025-11-08,KNEW,79.0,66.0,72.7,79.4,24,24,24
2025-11-09,KASD,71.0,46.0,63.2,70.2,24,24,24
2025-11-09,KBTR,70.0,48.0,63.5,70.6,24,24,24
2025-11-09,KHUM,71.6,50.0,64.3,72.2,21,21,24
2025-11-09,KMSY,72.0,52.0,66.0,72.5,24,24,24
2025-11-09,KNEW,71.0,52.0,66.1,71.6,24,24,24
2025-11-10,KASD,53.0,30.0,43.0,51.2,24,24,24
2025-11-10,KBTR,53.0,34.0,43.7,51.2,24,24,24
2025-11-10,KHUM,49.0,36.0,42.6,47.8,10,10,24
2025-11-10,KMSY,55.0,44.0,48.6,53.3,24,24,24
2025-11-10,KNEW,54.0,45.0,48.9,52.5,24,24,24
2025-11-11,KASD,55.0,27.0,40.5,53.5,24,24,24
2025-11-11,KBTR,61.0,30.0,45.0,59.6,24,24,24
2025-11-11,KHUM,59.0,33.6,44.6,57.5,21,21,24
2025-11-11,KMSY,58.0,35.0,48.0,56.5,24,24,24
2025-11-11,KNEW,57.0,39.0,48.1,55.5,24,24,24
2025-11-12,KASD,72.0,34.0,55.0,71.7,24,24,24
2025-11-12,KBTR,76.0,41.0,59.5,75.8,24,24,24
2025-11-12,KHUM,73.4,43.7,56.9,73.2,18,18,24
2025-11-12,KMSY,74.0,46.0,61.0,73.7,24,24,24
2025-11-12,KNEW,72.0,48.0,61.2,71.7,24,24,24
2025-11-13,KASD,76.0,47.0,60.9,75.8,24,24,24
2025-11-13,KBTR,77.0,51.0,63.9,76.9,24,24,24
2025-11-13,KHUM,77.0,51.4,62.9,76.9,21,21,24
2025-11-13,KMSY,76.0,54.0,65.0,75.9,24,24,24
2025-11-13,KNEW,73.0,57.0,64.2,72.9,24,24,24
2025-11-14,KASD,76.0,49.0,60.9,75.9,24,24,24
2025-11-14,KBTR,79.0,51.0,64.5,78.8,24,24,24
2025-11-14,KHUM,78.8,51.6,62.3,78.6,22,22,24
2025-11-14,KMSY,76.0,54.0,65.2,75.8,24,24,24
2025-11-14,KNEW,74.0,59.0,65.0,73.8,24,24,24
2025-11-15,KASD,77.0,46.0,61.6,76.9,24,24,24
2025-11-15,KBTR,81.0,51.0,65.5,81.4,24,24,24
2025-11-15,KHUM,77.0,51.8,64.0,77.0,22,22,24
2025-11-15,KMSY,77.0,54.0,66.1,77.1,24,24,24
2025-11-15,KNEW,72.0,59.0,65.8,72.1,24,24,24
2025-11-16,KASD,78.0,52.0,64.5,78.2,24,24,24
2025-11-16,KBTR,81.0,54.0,68.2,82.3,24,24,24
2025-11-16,KHUM,62.2,54.7,58.1,62.4,10,10,24
2025-11-16,KMSY,80.0,57.0,69.1,81.0,24,24,24
2025-11-16,KNEW,76.0,62.0,68.2,76.2,24,24,24
2025-11-17,KASD,79.0,54.0,65.2,79.1,24,24,24
2025-11-17,KBTR,77.0,58.0,66.2,77.2,24,24,24
2025-11-17,KHUM,82.4,55.4,67.2,83.4,22,22,24
2025-11-17,KMSY,76.0,58.0,67.7,76.2,24,24,24
2025-11-17,KNEW,73.0,64.0,67.0,73.2,24,24,24
2025-11-18,KASD,82.0,58.0,68.8,83.2,24,24,24
2025-11-18,KBTR,84.0,63.0,72.7,86.7,24,24,24
2025-11-18,KHUM,80.6,62.8,70.5,82.8,22,22,24
2025-11-18,KMSY,82.0,65.0,72.7,84.5,24,24,24
2025-11-18,KNEW,83.0,65.0,72.9,84.4,23,23,24
2025-11-19,KASD,80.0,60.0,68.2,81.4,24,24,24
2025-11-19,KBTR,82.0,60.0,69.5,83.8,24,24,24
2025-11-19,KHUM,80.6,59.5,68.8,82.3,21,21,24
2025-11-19,KMSY,80.0,62.0,71.0,81.6,24,24,24
2025-11-19,KNEW,76.0,65.0,69.3,76.4,24,24,24
2025-11-20,KASD,80.0,61.0,69.0,79.9,24,24,24
2025-11-20,KBTR,82.0,60.0,70.8,83.8,24,24,24
2025-11-20,KHUM,80.6,60.0,70.9,82.8,22,22,24
2025-11-20,KMSY,80.0,64.0,72.0,81.8,24,24,24
2025-11-20,KNEW,80.0,65.0,71.7,81.8,24,24,24
2025-11-21,KASD,83.0,67.0,74.3,87.1,24,24,24
2025-11-21,KBTR,82.0,68.0,74.8,85.8,24,24,24
2025-11-21,KHUM,84.2,68.0,75.5,87.4,20,20,24
2025-11-21,KMSY,85.0,70.0,76.0,87.7,24,24,24
2025-11-21,KNEW,84.0,70.0,75.2,86.2,24,24,24
2025-11-22,KASD,80.0,66.0,72.2,82.9,24,24,24
2025-11-22,KBTR,83.0,66.0,74.0,87.7,24,24,24
2025-11-22,KHUM,82.4,64.4,72.2,85.4,20,20,24
2025-11-22,KMSY,84.0,69.0,74.5,86.7,24,24,24
2025-11-22,KNEW,80.0,69.0,73.3,82.6,24,24,24
2025-11-23,KASD,77.0,53.0,64.0,76.8,22,22,24
2025-11-23,KBTR,76.0,52.0,62.2,75.7,24,24,24
2025-11-23,KHUM,80.6,59.4,68.7,80.3,22,22,24
2025-11-23,KMSY,74.0,62.0,68.0,73.8,24,24,24
2025-11-23,KNEW,71.0,62.0,67.0,71.4,24,24,24
2025-11-24,KASD,76.0,49.0,65.6,76.3,24,24,24
2025-11-24,KBTR,80.0,52.0,66.8,81.8,24,24,24
2025-11-24,KHUM,80.6,58.3,69.8,83.9,21,21,24
2025-11-24,KMSY,81.0,60.0,70.8,83.8,24,24,24
2025-11-24,KNEW,77.0,62.0,70.2,77.4,24,24,24
2025-11-25,KASD,81.0,61.0,72.8,84.5,24,24,24
2025-11-25,KBTR,81.0,61.0,72.4,83.8,24,24,24
2025-11-25,KHUM,84.2,69.0,75.4,87.4,20,20,24
2025-11-25,KMSY,85.0,68.0,74.2,87.8,24,24,24
2025-11-25,KNEW,83.0,69.0,73.5,86.6,24,24,24
2025-11-26,KASD,70.0,46.0,58.5,69.4,24,24,24
2025-11-26,KBTR,69.0,48.0,58.8,68.1,24,24,24
2025-11-26,KHUM,71.6,46.8,60.7,71.4,18,18,24
2025-11-26,KMSY,68.0,55.0,63.9,67.5,24,24,24
2025-11-26,KNEW,69.0,54.0,63.9,68.6,24,24,24
2025-11-27,KASD,62.0,35.0,47.2,60.5,24,24,24
2025-11-27,KBTR,63.0,38.0,49.0,61.6,24,24,24
2025-11-27,KHUM,62.6,43.7,51.8,61.3,21,21,24
2025-11-27,KMSY,62.0,50.0,55.5,60.6,24,24,24
2025-11-27,KNEW,62.0,50.0,55.5,60.7,24,24,24
2025-11-28,KASD,59.0,31.0,44.4,57.4,24,24,24
2025-11-28,KBTR,60.0,35.0,47.4,58.5,24,24,24
2025-11-28,KHUM,60.8,41.0,48.4,59.2,21,21,24
2025-11-28,KMSY,57.0,49.0,53.0,55.4,24,24,24
2025-11-28,KNEW,58.0,48.0,53.2,56.5,24,24,24
2025-11-29,KASD,69.0,40.0,55.2,68.5,24,24,24
2025-11-29,KBTR,70.0,40.0,55.9,69.6,24,24,24
2025-11-29,KHUM,73.4,45.0,58.7,73.1,20,20,24
2025-11-29,KMSY,71.0,48.0,61.1,70.6,24,24,24
2025-11-29,KNEW,71.0,51.0,60.6,70.6,24,24,24
2025-11-30,KASD,67.0,52.0,58.5,66.9,23,23,24
2025-11-30,KBTR,61.0,45.0,54.3,61.2,23,23,24
2025-11-30,KHUM,73.4,54.0,62.9,73.4,21,21,24
2025-11-30,KMSY,66.0,54.0,61.0,66.1,23,23,24
2025-11-30,KNEW,67.0,55.0,60.8,67.0,23,23,24
2025-12-01,KASD,62.0,48.0,54.4,61.7,24,24,24
2025-12-01,KBTR,58.0,45.0,51.7,57.6,24,24,24
2025-12-01,KHUM,62.6,53.0,55.9,62.4,21,21,24
2025-12-01,KMSY,61.0,52.0,56.2,60.8,24,24,24
2025-12-01,KNEW,60.0,52.0,55.8,59.9,24,24,24
2025-12-02,KASD,56.0,38.0,46.3,55.9,23,23,24
2025-12-02,KBTR,46.0,35.0,41.4,45.3,24,24,24
2025-12-02,KHUM,57.2,37.8,47.1,57.1,21,21,24
2025-12-02,KMSY,57.0,42.0,47.2,57.0,24,24,24
2025-12-02,KNEW,58.0,42.0,48.4,58.0,24,24,24
2025-12-03,KASD,53.0,37.0,44.4,51.8,24,24,24
2025-12-03,KBTR,52.0,32.0,42.9,50.9,24,24,24
2025-12-03,KHUM,55.4,41.0,48.1,54.5,22,22,24
2025-12-03,KMSY,53.0,42.0,47.6,52.2,24,24,24
2025-12-03,KNEW,54.0,40.0,46.6,53.5,24,24,24
2025-12-04,KASD,61.0,48.0,51.9,61.2,24,24,24
2025-12-04,KBTR,55.0,46.0,51.0,54.9,24,24,24
2025-12-04,KHUM,60.8,53.0,57.1,60.8,21,21,24
2025-12-04,KMSY,61.0,51.0,56.2,61.2,24,24,24
2025-12-04,KNEW,61.0,51.0,56.2,61.2,24,24,24
2025-12-05,KASD,50.0,47.0,48.1,49.5,24,24,24
2025-12-05,KBTR,47.0,42.0,44.9,46.2,24,24,24
2025-12-05,KHUM,52.0,48.2,50.7,51.7,21,21,24
2025-12-05,KMSY,52.0,49.0,50.8,51.6,24,24,24
2025-12-05,KNEW,52.0,50.0,50.9,51.5,24,24,24
2025-12-06,KASD,53.0,48.0,49.8,52.6,24,24,24
2025-12-06,KBTR,57.0,46.0,50.5,56.5,24,24,24
2025-12-06,KHUM,55.4,51.0,53.2,55.2,22,22,24
2025-12-06,KMSY,56.0,51.0,53.1,55.8,24,24,24
2025-12-06,KNEW,55.0,51.0,52.5,54.8,24,24,24
2025-12-07,KASD,69.0,51.0,57.2,68.8,24,24,24
2025-12-07,KBTR,69.0,53.0,59.7,69.0,24,24,24
2025-12-07,KHUM,66.2,54.5,58.8,66.1,20,20,24
2025-12-07,KMSY,67.0,55.0,59.4,66.9,24,24,24
2025-12-07,KNEW,65.0,54.0,57.9,64.9,24,24,24
2025-12-08,KASD,56.0,44.0,51.0,55.9,24,24,24
2025-12-08,KBTR,56.0,43.0,50.6,55.8,24,24,24
2025-12-08,KHUM,60.4,46.4,53.2,60.5,22,22,24
2025-12-08,KMSY,58.0,49.0,53.5,58.0,24,24,24
2025-12-08,KNEW,58.0,48.0,53.0,58.0,23,23,24
2025-12-09,KASD,54.0,32.0,42.7,53.0,24,24,24
2025-12-09,KBTR,56.0,35.0,43.8,54.9,24,24,24
2025-12-09,KHUM,55.4,40.0,47.7,54.4,21,21,24
2025-12-09,KMSY,53.0,43.0,47.9,52.1,24,24,24
2025-12-09,KNEW,52.0,44.0,47.4,51.1,24,24,24
2025-12-10,KASD,69.0,33.0,50.6,68.6,24,24,24
2025-12-10,KBTR,72.0,37.0,54.8,71.6,24,24,24
2025-12-10,KHUM,71.6,39.6,54.3,71.3,19,19,24
2025-12-10,KMSY,73.0,40.0,56.4,72.6,24,24,24
2025-12-10,KNEW,67.0,43.0,56.0,66.7,24,24,24
2025-12-11,KASD,59.0,37.0,46.8,57.9,24,24,24
2025-12-11,KBTR,63.0,38.0,49.8,61.8,24,24,24
2025-12-11,KHUM,62.6,44.6,51.7,61.6,20,20,24
2025-12-11,KMSY,61.0,46.0,53.9,59.9,24,24,24
2025-12-11,KNEW,59.0,47.0,53.5,57.9,24,24,24
2025-12-12,KASD,74.0,36.0,56.5,73.9,24,24,24
2025-12-12,KBTR,73.0,41.0,58.0,73.2,24,24,24
2025-12-12,KHUM,75.2,45.3,58.7,75.3,21,21,24
2025-12-12,KMSY,75.0,46.0,62.4,75.0,24,24,24
2025-12-12,KNEW,75.0,50.0,62.0,75.1,24,24,24
2025-12-13,KASD,76.0,55.0,63.9,75.9,24,24,24
2025-12-13,KBTR,78.0,54.0,65.6,78.1,24,24,24
2025-12-13,KHUM,78.8,53.6,63.3,78.7,20,20,24
2025-12-13,KMSY,77.0,58.0,66.5,76.9,24,24,24
2025-12-13,KNEW,78.0,59.0,66.1,78.0,24,24,24
2025-12-14,KASD,60.0,33.0,48.5,60.2,24,24,24
2025-12-14,KBTR,63.0,30.0,46.0,63.3,24,24,24
2025-12-14,KHUM,62.6,37.0,51.5,62.8,21,21,24
2025-12-14,KMSY,62.0,38.0,50.9,62.2,24,24,24
2025-12-14,KNEW,62.0,39.0,51.5,62.1,24,24,24
2025-12-15,KASD,49.0,25.0,34.6,46.9,24,24,24
2025-12-15,KBTR,50.0,26.0,35.1,48.0,24,24,24
2025-12-15,KHUM,48.2,28.4,37.1,46.5,21,21,24
2025-12-15,KMSY,45.0,33.0,37.8,42.9,24,24,24
2025-12-15,KNEW,44.0,33.0,38.2,42.2,24,24,24
2025-12-16,KASD,63.0,26.0,44.8,62.3,24,24,24
2025-12-16,KBTR,62.0,28.0,45.7,61.2,24,24,24
2025-12-16,KHUM,66.2,33.3,48.0,65.6,21,21,24
2025-12-16,KMSY,61.0,33.0,48.7,60.2,24,24,24
2025-12-16,KNEW,60.0,45.0,51.8,59.2,24,24,24
2025-12-17,KASD,64.0,50.0,56.9,63.9,16,16,24
2025-12-17,KBTR,65.0,48.0,57.1,65.0,24,24,24
2025-12-17,KHUM,66.2,51.6,59.8,66.3,22,22,24
2025-12-17,KMSY,65.0,54.0,59.8,64.9,24,24,24
2025-12-17,KNEW,62.0,54.0,58.6,62.2,24,24,24
2025-12-18,KASD,78.0,61.0,69.6,78.3,24,24,24
2025-12-18,KBTR,81.0,55.0,67.2,82.3,24,24,24
2025-12-18,KHUM,78.8,55.4,67.1,78.9,22,22,24
2025-12-18,KMSY,81.0,56.0,69.2,81.6,24,24,24
2025-12-18,KNEW,76.0,60.0,66.8,76.2,24,24,24
2025-12-19,KASD,65.0,38.0,51.8,63.7,24,24,24
2025-12-19,KBTR,65.0,40.0,52.8,63.7,24,24,24
2025-12-19,KHUM,66.2,42.0,54.9,65.0,21,21,24
2025-12-19,KMSY,62.0,46.0,55.3,61.6,24,24,24
2025-12-19,KNEW,62.0,51.0,55.5,61.7,24,24,24
2025-12-20,KASD,73.0,33.0,55.5,72.8,24,24,24
2025-12-20,KBTR,76.0,37.0,59.8,76.1,24,24,24
2025-12-20,KHUM,73.4,41.0,58.2,73.3,21,21,24
2025-12-20,KMSY,73.0,42.0,60.5,72.9,24,24,24
2025-12-20,KNEW,75.0,49.0,62.8,74.9,24,24,24
2025-12-21,KASD,79.0,58.0,68.4,79.4,24,24,24
2025-12-21,KBTR,79.0,66.0,70.1,79.5,24,24,24
2025-12-21,KHUM,75.2,60.8,68.6,76.0,21,21,24
2025-12-21,KMSY,80.0,62.0,70.4,82.3,24,24,24
2025-12-21,KNEW,80.0,62.0,69.2,81.6,24,24,24
2025-12-22,KASD,68.0,58.0,65.3,68.6,21,21,24
2025-12-22,KBTR,73.0,61.0,67.8,73.6,24,24,24
2025-12-22,KHUM,78.8,60.4,68.2,79.1,21,21,24
2025-12-22,KMSY,75.0,61.0,68.4,75.3,24,24,24
2025-12-22,KNEW,70.0,62.0,65.1,70.3,24,24,24
2025-12-23,KASD,76.0,55.0,64.3,76.2,23,23,24
2025-12-23,KBTR,79.0,58.0,66.0,79.1,24,24,24
2025-12-23,KHUM,77.0,57.2,65.0,77.2,20,20,24
2025-12-23,KMSY,79.0,60.0,67.8,79.1,24,24,24
2025-12-23,KNEW,76.0,59.0,65.6,76.2,24,24,24
2025-12-24,KASD,74.0,59.0,65.0,74.2,24,24,24
2025-12-24,KBTR,77.0,57.0,65.0,77.2,24,24,24
2025-12-24,KHUM,78.8,59.0,65.5,79.0,21,21,24
2025-12-24,KMSY,75.0,59.0,65.3,75.3,24,24,24
2025-12-24,KNEW,75.0,60.0,63.8,75.3,24,24,24
2025-12-25,KASD,75.0,56.0,63.5,75.1,24,24,24
2025-12-25,KBTR,77.0,56.0,66.2,77.1,24,24,24
2025-12-25,KHUM,78.8,57.2,66.2,79.0,21,21,24
2025-12-25,KMSY,75.0,59.0,65.5,75.1,24,24,24
2025-12-25,KNEW,67.0,58.0,62.4,67.2,24,24,24
2025-12-26,KASD,77.0,61.0,68.7,77.3,23,23,24
2025-12-26,KBTR,79.0,62.0,70.3,79.3,23,23,24
2025-12-26,KHUM,78.8,59.4,69.1,79.1,21,21,24
2025-12-26,KMSY,80.0,62.0,70.0,81.8,23,23,24
2025-12-26,KNEW,76.0,62.0,68.8,76.3,23,23,24
2025-12-27,KASD,77.0,62.0,69.2,77.3,24,24,24
2025-12-27,KBTR,80.0,66.0,71.2,81.4,24,24,24
2025-12-27,KHUM,78.8,61.0,69.2,79.0,17,17,24
2025-12-27,KMSY,78.0,66.0,70.2,78.2,24,24,24
2025-12-27,KNEW,75.0,65.0,68.7,75.4,24,24,24
2025-12-28,KASD,78.0,58.0,68.0,78.3,24,24,24
2025-12-28,KBTR,80.0,60.0,69.0,82.1,24,24,24
2025-12-28,KHUM,78.8,65.3,70.7,79.2,20,20,24
2025-12-28,KMSY,80.0,64.0,71.2,81.6,24,24,24
2025-12-28,KNEW,78.0,63.0,70.7,78.3,24,24,24
2025-12-29,KASD,68.0,37.0,51.3,68.6,24,24,24
2025-12-29,KBTR,68.0,38.0,49.5,68.5,24,24,24
2025-12-29,KHUM,67.6,41.0,54.2,68.1,22,22,24
2025-12-29,KMSY,69.0,42.0,53.5,69.5,24,24,24
2025-12-29,KNEW,68.0,42.0,53.8,68.5,24,24,24
2025-12-30,KASD,51.0,30.0,38.1,49.1,24,24,24
2025-12-30,KBTR,51.0,33.0,40.6,49.0,24,24,24
2025-12-30,KHUM,53.6,35.6,42.4,51.8,21,21,24
2025-12-30,KMSY,51.0,38.0,43.0,49.1,24,24,24
2025-12-30,KNEW,50.0,37.0,43.7,48.3,24,24,24
2025-12-31,KASD,57.0,27.0,40.8,55.4,24,24,24
2025-12-31,KBTR,61.0,29.0,44.8,59.4,24,24,24
2025-12-31,KHUM,59.0,30.2,42.9,57.5,20,20,24
2025-12-31,KMSY,61.0,30.0,46.8,59.4,24,24,24
2025-12-31,KNEW,55.0,43.0,48.4,53.6,24,24,24
2026-01-01,KASD,67.0,33.0,50.7,65.9,24,24,24
2026-01-01,KBTR,70.0,36.0,54.1,69.0,24,24,24
2026-01-01,KHUM,69.8,37.4,51.7,68.8,21,21,24
2026-01-01,KMSY,70.0,39.0,54.9,69.0,24,24,24
2026-01-01,KNEW,61.0,47.0,54.5,60.5,24,24,24
2026-01-02,KASD,70.0,44.0,61.0,70.1,24,24,24
2026-01-02,KBTR,76.0,55.0,67.1,76.2,24,24,24
2026-01-02,KHUM,73.4,51.3,64.3,73.5,22,22,24
2026-01-02,KMSY,74.0,52.0,64.6,73.9,24,24,24
2026-01-02,KNEW,73.0,50.0,63.7,72.9,24,24,24
2026-01-03,KASD,77.0,59.0,68.6,77.2,24,24,24
2026-01-03,KBTR,78.0,53.0,67.2,78.1,24,24,24
2026-01-03,KHUM,75.2,58.0,68.1,75.5,22,22,24
2026-01-03,KMSY,80.0,58.0,69.8,81.0,24,24,24
2026-01-03,KNEW,72.0,59.0,65.4,72.1,24,24,24
2026-01-04,KASD,61.0,55.0,57.7,60.6,24,24,24
2026-01-04,KBTR,59.0,52.0,54.9,58.4,24,24,24
2026-01-04,KHUM,62.6,55.4,57.9,62.3,21,21,24
2026-01-04,KMSY,60.0,56.0,57.7,59.5,24,24,24
2026-01-04,KNEW,59.0,57.0,58.0,58.8,24,24,24
2026-01-05,KASD,71.0,47.0,58.5,70.8,24,24,24
2026-01-05,KBTR,72.0,47.0,59.1,71.7,24,24,24
2026-01-05,KHUM,73.4,50.0,60.5,73.4,22,22,24
2026-01-05,KMSY,71.0,51.0,61.0,70.9,24,24,24
2026-01-05,KNEW,68.0,56.0,60.7,67.9,24,24,24
2026-01-06,KASD,78.0,53.0,65.9,78.2,24,24,24
2026-01-06,KBTR,80.0,56.0,67.7,81.2,24,24,24
2026-01-06,KHUM,78.8,60.8,67.9,78.9,21,21,24
2026-01-06,KMSY,81.0,61.0,69.4,81.6,24,24,24
2026-01-06,KNEW,77.0,59.0,67.4,77.1,24,24,24
2026-01-07,KASD,77.0,62.0,68.1,77.2,24,24,24
2026-01-07,KBTR,78.0,64.0,69.8,78.2,24,24,24
2026-01-07,KHUM,78.8,62.2,68.8,79.0,21,21,24
2026-01-07,KMSY,80.0,63.0,69.2,81.0,24,24,24
2026-01-07,KNEW,71.0,63.0,66.6,71.4,24,24,24
2026-01-08,KASD,78.0,61.0,69.5,78.3,23,23,24
2026-01-08,KBTR,81.0,64.0,72.0,81.6,24,24,24
2026-01-08,KHUM,77.0,63.5,70.9,77.3,21,21,24
2026-01-08,KMSY,78.0,64.0,71.0,78.3,24,24,24
2026-01-08,KNEW,80.0,64.0,71.8,81.2,24,24,24
2026-01-09,KASD,81.0,70.0,74.5,84.9,24,24,24
2026-01-09,KBTR,78.0,70.0,74.2,78.7,24,24,24
2026-01-09,KHUM,80.6,71.6,75.2,84.6,22,22,24
2026-01-09,KMSY,80.0,71.0,75.1,83.5,24,24,24
2026-01-09,KNEW,82.0,71.0,75.7,86.3,24,24,24
2026-01-10,KASD,74.0,54.0,68.4,74.7,24,24,24
2026-01-10,KBTR,75.0,52.0,66.0,75.7,24,24,24
2026-01-10,KHUM,75.2,56.3,69.7,75.9,20,20,24
2026-01-10,KMSY,74.0,58.0,68.8,74.7,24,24,24
2026-01-10,KNEW,75.0,58.0,68.0,75.7,24,24,24
2026-01-11,KASD,62.0,41.0,50.6,60.6,24,24,24
2026-01-11,KBTR,62.0,42.0,50.5,60.6,24,24,24
2026-01-11,KHUM,64.4,43.7,52.0,63.1,20,20,24
2026-01-11,KMSY,61.0,49.0,54.6,59.6,24,24,24
2026-01-11,KNEW,62.0,50.0,54.9,60.8,24,24,24
2026-01-12,KASD,55.0,31.0,42.0,53.2,23,23,24
2026-01-12,KBTR,57.0,34.0,43.8,55.3,24,24,24
2026-01-12,KHUM,55.4,37.0,44.3,53.8,20,20,24
2026-01-12,KMSY,53.0,42.0,47.3,51.2,24,24,24
2026-01-12,KNEW,53.0,43.0,48.6,51.4,24,24,24
2026-01-13,KASD,58.0,29.0,44.0,56.4,24,24,24
2026-01-13,KBTR,62.0,34.0,48.6,60.5,24,24,24
2026-01-13,KHUM,62.6,35.0,47.1,61.1,22,22,24
2026-01-13,KMSY,59.0,36.0,49.3,57.3,24,24,24
2026-01-13,KNEW,57.0,44.0,52.0,55.4,24,24,24
2026-01-14,KASD,63.0,47.0,51.7,62.3,17,17,24
2026-01-14,KBTR,66.0,48.0,54.3,65.2,24,24,24
2026-01-14,KHUM,66.2,50.0,56.2,65.4,21,21,24
2026-01-14,KMSY,66.0,50.0,56.3,65.2,24,24,24
2026-01-14,KNEW,63.0,52.0,56.2,62.4,24,24,24
2026-01-15,KASD,53.0,31.0,43.5,51.1,24,24,24
2026-01-15,KBTR,53.0,34.0,44.3,51.2,24,24,24
2026-01-15,KHUM,55.4,35.0,46.9,53.6,22,22,24
2026-01-15,KMSY,53.0,38.0,47.0,52.2,24,24,24
2026-01-15,KNEW,54.0,42.0,48.5,53.4,24,24,24
2026-01-16,KASD,67.0,30.0,50.9,66.2,24,24,24
2026-01-16,KBTR,69.0,32.0,53.3,68.4,23,23,24
2026-01-16,KHUM,68.0,32.0,51.2,67.4,21,21,24
2026-01-16,KMSY,69.0,35.0,54.4,68.3,24,24,24
2026-01-16,KNEW,67.0,41.0,55.2,66.3,24,24,24
2026-01-17,KASD,57.0,43.0,50.6,55.7,24,24,24
2026-01-17,KBTR,58.0,42.0,48.8,57.7,24,24,24
2026-01-17,KHUM,57.2,44.0,52.1,56.0,21,21,24
2026-01-17,KMSY,57.0,45.0,52.8,56.8,24,24,24
2026-01-17,KNEW,59.0,46.0,53.0,57.9,24,24,24
2026-01-18,KASD,48.0,29.0,38.4,45.8,24,24,24
2026-01-18,KBTR,46.0,28.0,37.0,43.8,24,24,24
2026-01-18,KHUM,50.0,31.3,40.3,47.9,21,21,24
2026-01-18,KMSY,48.0,34.0,41.8,45.9,24,24,24
2026-01-18,KNEW,47.0,38.0,43.8,45.1,24,24,24
2026-01-19,KASD,59.0,26.0,39.8,57.4,24,24,24
2026-01-19,KBTR,61.0,27.0,42.1,59.5,24,24,24
2026-01-19,KHUM,59.0,30.0,41.9,57.4,21,21,24
2026-01-19,KMSY,57.0,31.0,43.9,55.3,24,24,24
2026-01-19,KNEW,55.0,44.0,48.5,53.4,24,24,24
2026-01-20,KASD,62.0,29.0,45.2,60.8,24,24,24
2026-01-20,KBTR,65.0,34.0,48.0,63.8,23,23,24
2026-01-20,KHUM,64.4,35.6,47.6,63.4,17,17,24
2026-01-20,KMSY,61.0,36.0,49.7,59.9,24,24,24
2026-01-20,KNEW,60.0,43.0,51.2,58.8,24,24,24
2026-01-21,KASD,68.0,41.0,57.3,67.6,24,24,24
2026-01-21,KBTR,68.0,45.0,57.3,67.7,24,24,24
2026-01-21,KHUM,71.6,50.0,61.0,71.4,19,19,24
2026-01-21,KMSY,70.0,49.0,60.8,69.7,24,24,24
2026-01-21,KNEW,70.0,51.0,60.0,69.6,24,24,24
2026-01-22,KASD,69.0,59.0,62.8,69.1,24,24,24
2026-01-22,KBTR,65.0,58.0,61.0,65.1,24,24,24
2026-01-22,KHUM,75.2,53.6,63.8,75.3,17,17,24
2026-01-22,KMSY,68.0,58.0,62.3,68.1,24,24,24
2026-01-22,KNEW,64.0,56.0,60.0,64.1,24,24,24
2026-01-23,KASD,66.0,54.0,58.4,65.7,24,24,24
2026-01-23,KBTR,66.0,56.0,59.0,65.7,23,23,24
2026-01-23,KHUM,71.6,59.0,62.6,71.6,12,12,24
2026-01-23,KMSY,62.0,57.0,58.4,61.8,24,24,24
2026-01-23,KNEW,60.0,56.0,57.6,59.9,24,24,24
2026-01-24,KASD,68.0,50.0,55.3,68.5,24,24,24
2026-01-24,KBTR,55.0,46.0,49.8,54.6,24,24,24
2026-01-24,KHUM,62.6,55.4,58.7,62.6,14,14,24
2026-01-24,KMSY,67.0,53.0,56.9,67.5,24,24,24
2026-01-24,KNEW,70.0,53.0,57.7,70.5,24,24,24
2026-01-25,KASD,70.0,31.0,50.1,70.5,24,24,24
2026-01-25,KBTR,51.0,29.0,36.6,50.8,24,24,24
2026-01-25,KHUM,71.6,37.4,50.0,72.2,13,13,24
2026-01-25,KMSY,72.0,34.0,50.4,72.6,24,24,24
2026-01-25,KNEW,72.0,35.0,52.0,72.6,24,24,24
2026-01-26,KASD,40.0,25.0,30.7,37.8,24,24,24
2026-01-26,KBTR,37.0,23.0,28.5,35.0,24,24,24
2026-01-26,KHUM,42.8,28.4,33.8,40.9,11,11,24
2026-01-26,KMSY,41.0,27.0,32.9,38.9,24,24,24
2026-01-26,KNEW,42.0,29.0,33.8,40.0,24,24,24
2026-01-27,KASD,49.0,20.0,32.7,47.0,24,24,24
2026-01-27,KBTR,48.0,19.0,33.2,45.9,24,24,24
2026-01-27,KHUM,51.8,23.0,37.7,49.7,12,12,24
2026-01-27,KMSY,46.0,28.0,36.6,43.7,24,24,24
2026-01-27,KNEW,46.0,28.0,37.1,44.1,24,24,24
2026-01-28,KASD,54.0,26.0,38.1,52.4,24,24,24
2026-01-28,KBTR,55.0,27.0,39.2,53.2,24,24,24
2026-01-28,KHUM,55.4,26.6,44.5,53.7,13,13,24
2026-01-28,KMSY,53.0,29.0,41.1,51.3,24,24,24
2026-01-28,KNEW,50.0,41.0,44.5,48.5,24,24,24
2026-01-29,KASD,57.0,26.0,41.2,55.6,24,24,24
2026-01-29,KBTR,60.0,28.0,43.5,58.5,24,24,24
2026-01-29,KHUM,60.8,28.4,48.1,59.7,13,13,24
2026-01-29,KMSY,59.0,31.0,45.7,57.8,24,24,24
2026-01-29,KNEW,57.0,36.0,47.5,55.7,24,24,24
2026-01-30,KASD,61.0,32.0,45.7,60.4,24,24,24
2026-01-30,KBTR,58.0,35.0,45.5,56.8,24,24,24
2026-01-30,KHUM,60.8,41.0,53.1,59.7,12,12,24
2026-01-30,KMSY,58.0,39.0,48.7,57.1,24,24,24
2026-01-30,KNEW,55.0,41.0,49.1,54.4,24,24,24
2026-01-31,KASD,35.0,24.0,30.2,32.3,24,24,24
2026-01-31,KBTR,35.0,22.0,30.1,32.4,24,24,24
2026-01-31,KHUM,39.2,30.2,34.8,36.7,13,13,24
2026-01-31,KMSY,39.0,28.0,33.4,37.1,24,24,24
2026-01-31,KNEW,39.0,27.0,33.5,37.3,24,24,24
2026-02-01,KASD,46.0,18.0,30.7,43.9,24,24,24
2026-02-01,KBTR,46.0,20.0,31.9,43.8,24,24,24
2026-02-01,KHUM,48.2,23.0,37.3,46.0,13,13,24
2026-02-01,KMSY,45.0,26.0,34.0,42.8,24,24,24
2026-02-01,KNEW,43.0,27.0,34.9,41.1,23,23,24
2026-02-02,KASD,57.0,24.0,40.8,55.4,24,24,24
2026-02-02,KBTR,64.0,26.0,45.2,62.8,24,24,24
2026-02-02,KHUM,57.2,26.6,44.4,55.8,12,12,24
2026-02-02,KMSY,58.0,30.0,44.5,56.5,24,24,24
2026-02-02,KNEW,52.0,32.0,45.2,50.8,24,24,24
2026-02-03,KASD,70.0,34.0,54.5,69.5,24,24,24
2026-02-03,KBTR,72.0,40.0,56.1,71.5,24,24,24
2026-02-03,KHUM,71.6,42.8,62.2,71.1,13,13,24
2026-02-03,KMSY,72.0,43.0,58.5,71.4,24,24,24
2026-02-03,KNEW,69.0,44.0,57.9,68.4,24,24,24
2026-02-04,KASD,62.0,40.0,55.0,61.0,24,24,24
2026-02-04,KBTR,60.0,41.0,52.9,58.8,24,24,24
2026-02-04,KHUM,62.6,53.6,59.3,61.8,14,14,24
2026-02-04,KMSY,60.0,44.0,55.0,59.0,24,24,24
2026-02-04,KNEW,58.0,45.0,52.5,57.7,24,24,24
2026-02-05,KASD,54.0,31.0,40.9,52.4,24,24,24
2026-02-05,KBTR,55.0,32.0,43.1,53.5,24,24,24
2026-02-05,KHUM,55.4,35.6,47.8,53.9,13,13,24
2026-02-05,KMSY,53.0,36.0,44.0,51.5,24,24,24
2026-02-05,KNEW,51.0,37.0,44.5,49.6,24,24,24
2026-02-06,KASD,71.0,33.0,55.3,70.2,24,24,24
2026-02-06,KBTR,76.0,43.0,57.8,75.3,24,24,24
2026-02-06,KHUM,71.6,44.6,59.8,71.0,13,13,24
2026-02-06,KMSY,74.0,43.0,58.7,73.3,24,24,24
2026-02-06,KNEW,64.0,45.0,54.5,63.4,24,24,24
2026-02-07,KASD,69.0,37.0,52.9,67.8,24,24,24
2026-02-07,KBTR,70.0,43.0,55.2,69.0,24,24,24
2026-02-07,KHUM,69.8,41.0,59.3,68.9,12,12,24
2026-02-07,KMSY,66.0,47.0,55.5,64.8,24,24,24
2026-02-07,KNEW,60.0,49.0,53.7,59.1,24,24,24
2026-02-08,KASD,71.0,31.0,51.9,70.2,24,24,24
2026-02-08,KBTR,75.0,38.0,57.1,74.3,24,24,24
2026-02-08,KHUM,71.6,35.6,58.6,71.3,12,12,24
2026-02-08,KMSY,70.0,44.0,57.4,69.4,24,24,24
2026-02-08,KNEW,66.0,48.0,55.9,65.3,24,24,24
2026-02-09,KASD,72.0,46.0,58.9,71.9,24,24,24
2026-02-09,KBTR,75.0,56.0,63.0,74.8,24,24,24
2026-02-09,KHUM,75.2,48.2,62.4,75.1,11,11,24
2026-02-09,KMSY,76.0,54.0,62.3,75.8,24,24,24
2026-02-09,KNEW,64.0,54.0,58.7,63.9,24,24,24
2026-02-10,KASD,76.0,56.0,64.6,75.7,24,24,24
2026-02-10,KBTR,77.0,56.0,65.8,76.8,24,24,24
2026-02-10,KHUM,73.4,50.0,64.9,73.3,12,12,24
2026-02-10,KMSY,78.0,54.0,65.2,77.8,24,24,24
2026-02-10,KNEW,76.0,54.0,65.0,75.9,24,24,24
2026-02-11,KASD,79.0,58.0,67.2,79.0,24,24,24
2026-02-11,KBTR,81.0,58.0,69.7,81.1,24,24,24
2026-02-11,KHUM,78.8,60.8,68.9,78.8,12,12,24
2026-02-11,KMSY,77.0,63.0,68.0,77.2,24,24,24
2026-02-11,KNEW,76.0,58.0,66.2,76.0,24,24,24
2026-02-12,KASD,71.0,56.0,62.8,70.9,24,24,24
2026-02-12,KBTR,76.0,58.0,66.0,76.0,24,24,24
2026-02-12,KHUM,71.6,60.8,65.6,71.8,13,13,24
2026-02-12,KMSY,69.0,59.0,63.3,69.1,24,24,24
2026-02-12,KNEW,66.0,58.0,61.3,66.1,24,24,24
2026-02-13,KASD,71.0,57.0,62.2,70.9,24,24,24
2026-02-13,KBTR,76.0,60.0,66.3,76.0,24,24,24
2026-02-13,KHUM,73.4,57.2,66.4,73.5,12,12,24
2026-02-13,KMSY,68.0,59.0,62.5,68.0,24,24,24
2026-02-13,KNEW,66.0,59.0,61.2,66.1,24,24,24
2026-02-14,KASD,71.0,55.0,64.2,70.9,24,24,24
2026-02-14,KBTR,75.0,59.0,66.9,75.0,24,24,24
2026-02-14,KHUM,75.2,60.8,69.0,75.3,12,12,24
2026-02-14,KMSY,75.0,57.0,66.1,75.1,24,24,24
2026-02-14,KNEW,73.0,57.0,65.5,73.2,24,24,24
2026-02-15,KASD,72.0,58.0,64.2,71.7,24,24,24
2026-02-15,KBTR,72.0,56.0,63.7,71.8,23,23,24
2026-02-15,KHUM,75.2,62.6,69.0,75.1,12,12,24
2026-02-15,KMSY,74.0,60.0,65.4,73.8,24,24,24
2026-02-15,KNEW,69.0,58.0,61.5,69.4,24,24,24
2026-02-16,KASD,60.0,55.0,57.0,59.5,24,24,24
2026-02-16,KBTR,66.0,52.0,57.5,65.6,24,24,24
2026-02-16,KHUM,102.2,55.4,63.1,99.8,12,12,24
2026-02-16,KMSY,60.0,52.0,56.6,59.5,24,24,24
2026-02-16,KNEW,59.0,56.0,57.3,58.6,24,24,24
2026-02-17,KASD,72.0,50.0,62.1,71.8,24,24,24
2026-02-17,KBTR,72.0,51.0,61.8,71.7,24,24,24
2026-02-17,KHUM,73.4,51.8,66.6,73.4,13,13,24
2026-02-17,KMSY,72.0,49.0,63.2,71.9,24,24,24
2026-02-17,KNEW,72.0,55.0,63.3,71.9,24,24,24
2026-02-18,KASD,78.0,58.0,68.7,78.1,24,24,24
2026-02-18,KBTR,77.0,62.0,69.3,77.0,24,24,24
2026-02-18,KHUM,77.0,57.2,70.1,77.2,12,12,24
2026-02-18,KMSY,79.0,59.0,69.6,79.1,24,24,24
2026-02-18,KNEW,78.0,61.0,69.3,78.2,24,24,24
2026-02-19,KASD,82.0,68.0,74.1,84.5,24,24,24
2026-02-19,KBTR,87.0,69.0,75.5,86.4,24,24,24
2026-02-19,KHUM,80.6,69.8,75.2,83.9,13,13,24
2026-02-19,KMSY,82.0,69.0,74.7,84.9,24,24,24
2026-02-19,KNEW,82.0,69.0,73.8,84.9,24,24,24
2026-02-20,KASD,83.0,67.0,75.0,85.6,24,24,24
2026-02-20,KBTR,83.0,69.0,76.0,84.8,24,24,24
2026-02-20,KHUM,80.6,66.2,75.2,84.6,12,12,24
2026-02-20,KMSY,83.0,68.0,74.6,86.1,24,24,24
2026-02-20,KNEW,83.0,68.0,74.9,85.6,24,24,24
2026-02-21,KASD,83.0,59.0,73.9,85.2,24,24,24
2026-02-21,KBTR,82.0,57.0,72.0,84.2,24,24,24
2026-02-21,KHUM,84.2,68.0,78.0,86.5,13,13,24
2026-02-21,KMSY,86.0,63.0,75.5,87.8,24,24,24
2026-02-21,KNEW,81.0,63.0,73.3,83.4,24,24,24
2026-02-22,KASD,60.0,42.0,51.8,58.2,24,24,24
2026-02-22,KBTR,60.0,44.0,51.9,58.2,24,24,24
2026-02-22,KHUM,62.6,48.2,56.1,61.0,13,13,24
2026-02-22,KMSY,61.0,50.0,54.8,59.4,24,24,24
2026-02-22,KNEW,61.0,50.0,55.1,59.5,24,24,24
2026-02-23,KASD,57.0,32.0,43.6,55.1,24,24,24
2026-02-23,KBTR,57.0,38.0,45.8,55.1,24,24,24
2026-02-23,KHUM,59.0,41.0,51.5,57.3,13,13,24
2026-02-23,KMSY,57.0,43.0,49.2,55.3,24,24,24
2026-02-23,KNEW,57.0,43.0,49.6,55.4,24,24,24
2026-02-24,KASD,60.0,26.0,44.2,58.7,24,24,24
2026-02-24,KBTR,64.0,31.0,47.8,62.6,24,24,24
2026-02-24,KHUM,60.8,30.2,49.2,59.4,12,12,24
2026-02-24,KMSY,60.0,36.0,49.8,58.6,24,24,24
2026-02-24,KNEW,59.0,40.0,50.0,57.6,24,24,24
2026-02-25,KASD,74.0,42.0,61.9,73.7,24,24,24
2026-02-25,KBTR,72.0,47.0,62.8,71.7,24,24,24
2026-02-25,KHUM,73.4,53.6,68.3,73.3,14,14,24
2026-02-25,KMSY,74.0,52.0,64.3,73.7,24,24,24
2026-02-25,KNEW,73.0,53.0,64.5,72.8,24,24,24
2026-02-26,KASD,76.0,62.0,68.5,76.1,24,24,24
2026-02-26,KBTR,79.0,64.0,70.2,79.2,24,24,24
2026-02-26,KHUM,75.2,64.4,70.0,75.5,12,12,24
2026-02-26,KMSY,75.0,64.0,69.0,75.2,24,24,24
2026-02-26,KNEW,76.0,65.0,69.9,76.2,24,24,24
2026-02-27,KASD,81.0,57.0,68.0,81.4,24,24,24
2026-02-27,KBTR,81.0,57.0,69.8,80.5,24,24,24
2026-02-27,KHUM,78.8,64.4,71.2,79.0,13,13,24
2026-02-27,KMSY,78.0,62.0,70.0,78.0,24,24,24
2026-02-27,KNEW,75.0,63.0,67.2,75.2,24,24,24
2026-02-28,KASD,76.0,52.0,61.7,75.5,24,24,24
2026-02-28,KBTR,80.0,54.0,67.1,79.4,24,24,24
2026-02-28,KHUM,77.0,60.8,70.1,76.6,14,14,24
2026-02-28,KMSY,75.0,58.0,64.3,74.6,24,24,24
2026-02-28,KNEW,72.0,57.0,62.9,71.8,24,24,24
2026-03-01,KASD,75.0,45.0,59.2,74.7,24,24,24
2026-03-01,KBTR,79.0,49.0,64.2,78.7,24,24,24
2026-03-01,KHUM,75.2,53.6,67.9,75.0,14,14,24
2026-03-01,KMSY,75.0,55.0,64.2,74.8,24,24,24
2026-03-01,KNEW,74.0,58.0,65.1,73.7,24,24,24
2026-03-02,KASD,75.0,45.0,62.4,74.9,22,22,24
2026-03-02,KBTR,80.0,50.0,65.0,79.8,23,23,24
2026-03-02,KHUM,75.2,51.8,68.1,75.3,13,13,24
2026-03-02,KMSY,76.0,55.0,66.0,76.0,23,23,24
2026-03-02,KNEW,77.0,59.0,66.5,76.8,23,23,24
2026-03-03,KASD,79.0,66.0,70.9,79.3,23,23,24
2026-03-03,KBTR,83.0,58.0,70.8,82.7,24,24,24
2026-03-03,KHUM,78.8,57.2,72.4,79.3,14,14,24
2026-03-03,KMSY,81.0,59.0,71.1,83.4,24,24,24
2026-03-03,KNEW,80.0,61.0,70.6,82.1,24,24,24
2026-03-04,KASD,77.0,68.0,71.5,77.3,24,24,24
2026-03-04,KBTR,73.0,65.0,69.1,73.6,24,24,24
2026-03-04,KHUM,73.4,66.2,70.5,73.9,12,12,24
2026-03-04,KMSY,80.0,69.0,72.8,80.9,24,24,24
2026-03-04,KNEW,79.0,69.0,72.7,79.2,24,24,24
2026-03-05,KASD,79.0,68.0,72.1,79.3,24,24,24
2026-03-05,KBTR,83.0,67.0,73.3,84.8,24,24,24
2026-03-05,KHUM,78.8,68.0,74.2,79.4,14,14,24
2026-03-05,KMSY,82.0,68.0,73.2,83.8,24,24,24
2026-03-05,KNEW,80.0,69.0,72.7,82.1,23,23,24
2026-03-06,KASD,81.0,71.0,75.0,84.1,24,24,24
2026-03-06,KBTR,88.0,69.0,76.5,90.4,24,24,24
2026-03-06,KHUM,80.6,71.6,77.5,84.6,14,14,24
2026-03-06,KMSY,82.0,71.0,75.5,85.8,24,24,24
2026-03-06,KNEW,84.0,71.0,75.6,87.2,24,24,24
2026-03-07,KASD,82.0,72.0,75.2,85.8,24,24,24
2026-03-07,KBTR,86.0,67.0,75.8,89.4,24,24,24
2026-03-07,KHUM,80.6,73.4,78.4,85.3,13,13,24
2026-03-07,KMSY,82.0,73.0,76.2,86.3,24,24,24
2026-03-07,KNEW,83.0,73.0,76.4,87.7,24,24,24
2026-03-08,KASD,76.0,64.0,68.5,76.3,23,23,23
2026-03-08,KBTR,79.0,65.0,70.0,79.3,23,23,23
2026-03-08,KHUM,75.2,66.2,71.3,75.7,12,12,23
2026-03-08,KMSY,75.0,66.0,70.1,75.3,23,23,23
2026-03-08,KNEW,72.0,67.0,69.4,72.6,23,23,23
2026-03-09,KASD,81.0,62.0,71.9,84.1,24,24,24
2026-03-09,KBTR,83.0,65.0,73.5,86.6,24,24,24
2026-03-09,KHUM,80.6,71.6,76.3,84.6,13,13,24
2026-03-09,KMSY,82.0,67.0,74.3,85.4,24,24,24
2026-03-09,KNEW,83.0,68.0,74.5,85.6,24,24,24
2026-03-10,KASD,83.0,68.0,75.1,86.6,24,24,24
2026-03-10,KBTR,85.0,70.0,76.0,86.8,24,24,24
2026-03-10,KHUM,82.4,71.6,77.6,88.3,13,13,24
2026-03-10,KMSY,82.0,70.0,75.6,86.3,24,24,24
2026-03-10,KNEW,83.0,70.0,76.1,86.1,24,24,24
2026-03-11,KASD,83.0,63.0,75.2,87.1,24,24,24
2026-03-11,KBTR,84.0,63.0,74.2,86.7,24,24,24
2026-03-11,KHUM,80.6,71.6,77.2,84.6,11,11,24
2026-03-11,KMSY,83.0,64.0,76.1,87.1,24,24,24
2026-03-11,KNEW,83.0,65.0,75.9,86.6,24,24,24
2026-03-12,KASD,64.0,45.0,57.1,63.2,24,24,24
2026-03-12,KBTR,64.0,46.0,56.8,63.2,24,24,24
2026-03-12,KHUM,64.4,55.4,62.0,63.6,9,9,24
2026-03-12,KMSY,65.0,54.0,60.4,65.1,24,24,24
2026-03-12,KNEW,66.0,55.0,61.3,66.2,24,24,24
2026-03-13,KASD,70.0,39.0,54.8,69.4,24,24,24
2026-03-13,KBTR,73.0,42.0,57.2,72.3,24,24,24
2026-03-13,KHUM,69.8,44.6,60.2,69.5,12,12,24
2026-03-13,KMSY,70.0,48.0,59.7,69.5,24,24,24
2026-03-13,KNEW,68.0,57.0,62.1,67.5,24,24,24
2026-03-14,KASD,73.0,46.0,60.3,72.8,24,24,24
2026-03-14,KBTR,77.0,47.0,63.1,76.8,24,24,24
2026-03-14,KHUM,,,,,0,0,24
2026-03-14,KMSY,74.0,52.0,64.3,73.8,24,24,24
2026-03-14,KNEW,73.0,56.0,65.2,72.8,24,24,24
2026-03-15,KASD,82.0,59.0,72.1,83.5,24,24,24
2026-03-15,KBTR,83.0,61.0,71.9,84.1,24,24,24
2026-03-15,KHUM,80.6,60.8,74.6,83.9,13,13,24
2026-03-15,KMSY,81.0,64.0,72.7,82.8,24,24,24
2026-03-15,KNEW,82.0,65.0,73.6,84.2,24,24,24
2026-03-16,KASD,73.0,39.0,51.2,73.6,24,24,24
2026-03-16,KBTR,55.0,42.0,49.2,54.7,24,24,24
2026-03-16,KHUM,64.4,46.4,54.0,63.1,13,13,24
2026-03-16,KMSY,73.0,47.0,53.8,73.6,24,24,24
2026-03-16,KNEW,73.0,47.0,54.5,73.6,24,24,24
2026-03-17,KASD,57.0,31.0,42.3,55.2,24,24,24
2026-03-17,KBTR,57.0,33.0,44.2,55.1,24,24,24
2026-03-17,KHUM,57.2,37.4,47.9,55.5,13,13,24
2026-03-17,KMSY,53.0,42.0,46.4,51.1,24,24,24
2026-03-17,KNEW,53.0,42.0,48.0,51.4,24,24,24
2026-03-18,KASD,62.0,32.0,47.8,60.6,24,24,24
2026-03-18,KBTR,65.0,37.0,50.5,63.8,24,24,24
2026-03-18,KHUM,60.8,37.4,53.7,59.7,14,14,24
2026-03-18,KMSY,60.0,41.0,52.0,58.8,24,24,24
2026-03-18,KNEW,61.0,45.0,53.2,59.8,24,24,24
2026-03-19,KASD,71.0,36.0,55.4,70.0,24,24,24
2026-03-19,KBTR,76.0,41.0,59.5,75.5,24,24,24
2026-03-19,KHUM,71.6,42.8,60.8,70.8,14,14,24
2026-03-19,KMSY,72.0,44.0,59.6,71.1,22,22,24
2026-03-19,KNEW,68.0,49.0,58.9,67.4,24,24,24
2026-03-20,KASD,75.0,45.0,61.4,74.5,24,24,24
2026-03-20,KBTR,79.0,51.0,65.4,78.9,24,24,24
2026-03-20,KHUM,73.4,46.4,64.8,73.0,13,13,24
2026-03-20,KMSY,75.0,52.0,63.3,74.5,24,24,24
2026-03-20,KNEW,74.0,55.0,64.1,73.4,24,24,24
2026-03-21,KASD,79.0,48.0,65.0,78.8,24,24,24
2026-03-21,KBTR,80.0,55.0,68.2,81.0,24,24,24
2026-03-21,KHUM,78.8,48.2,69.0,78.8,14,14,24
2026-03-21,KMSY,80.0,55.0,67.0,79.9,24,24,24
2026-03-21,KNEW,77.0,56.0,66.5,77.0,24,24,24
2026-03-22,KASD,80.0,61.0,70.1,81.0,24,24,24
2026-03-22,KBTR,83.0,64.0,71.5,82.6,24,24,24
2026-03-22,KHUM,78.8,53.6,70.7,78.9,14,14,24
2026-03-22,KMSY,81.0,61.0,69.5,81.6,24,24,24
2026-03-22,KNEW,80.0,63.0,70.4,81.2,24,24,24
2026-03-23,KASD,82.0,54.0,69.0,81.8,24,24,24
2026-03-23,KBTR,82.0,60.0,69.9,82.4,24,24,24
2026-03-23,KHUM,82.4,53.6,72.2,82.9,14,14,24
2026-03-23,KMSY,79.0,60.0,69.9,79.0,24,24,24
2026-03-23,KNEW,75.0,64.0,69.8,75.3,24,24,24
2026-03-24,KASD,78.0,56.0,66.7,77.8,24,24,24
2026-03-24,KBTR,82.0,55.0,68.0,81.8,24,24,24
2026-03-24,KHUM,80.6,60.8,72.4,81.8,14,14,24
2026-03-24,KMSY,78.0,64.0,70.0,78.0,24,24,24
2026-03-24,KNEW,76.0,65.0,69.7,76.0,24,24,24
2026-03-25,KASD,79.0,53.0,66.4,79.1,24,24,24
2026-03-25,KBTR,83.0,58.0,70.8,82.7,24,24,24
2026-03-25,KHUM,80.6,55.4,72.3,82.8,12,12,24
2026-03-25,KMSY,79.0,61.0,70.3,79.2,24,24,24
2026-03-25,KNEW,78.0,63.0,70.5,78.2,24,24,24
2026-03-26,KASD,80.0,62.0,71.0,81.8,24,24,24
2026-03-26,KBTR,84.0,61.0,71.8,84.0,24,24,24
2026-03-26,KHUM,80.6,57.2,73.0,82.3,12,12,24
2026-03-26,KMSY,81.0,65.0,72.4,82.8,24,24,24
2026-03-26,KNEW,79.0,66.0,72.2,79.4,24,24,24
2026-03-27,KASD,82.0,61.0,71.2,82.6,24,24,24
2026-03-27,KBTR,84.0,61.0,72.0,83.8,24,24,24
2026-03-27,KHUM,84.2,59.0,74.7,85.0,14,14,24
2026-03-27,KMSY,82.0,62.0,72.3,82.6,24,24,24
2026-03-27,KNEW,80.0,67.0,73.2,81.4,24,24,24
2026-03-28,KASD,76.0,54.0,65.7,75.2,24,24,24
2026-03-28,KBTR,74.0,57.0,64.5,73.1,24,24,24
2026-03-28,KHUM,73.4,60.8,68.3,72.9,14,14,24
2026-03-28,KMSY,73.0,63.0,68.5,72.2,24,24,24
2026-03-28,KNEW,73.0,63.0,69.1,72.5,24,24,24
2026-03-29,KASD,70.0,47.0,60.4,70.2,24,24,24
2026-03-29,KBTR,79.0,50.0,65.6,78.9,24,24,24
2026-03-29,KHUM,78.8,53.6,68.6,78.9,13,13,24
2026-03-29,KMSY,74.0,59.0,68.2,74.3,24,24,24
2026-03-29,KNEW,72.0,62.0,67.7,72.3,24,24,24
2026-03-30,KASD,75.0,64.0,69.8,75.5,24,24,24
2026-03-30,KBTR,82.0,65.0,71.5,84.2,24,24,24
2026-03-30,KHUM,78.8,66.2,73.0,79.3,14,14,24
2026-03-30,KMSY,78.0,69.0,71.9,78.4,24,24,24
2026-03-30,KNEW,76.0,68.0,71.4,76.5,24,24,24
2026-03-31,KASD,81.0,69.0,74.1,82.6,24,24,24
2026-03-31,KBTR,85.0,68.0,75.1,85.8,24,24,24
2026-03-31,KHUM,80.6,69.8,75.2,83.9,12,12,24
2026-03-31,KMSY,81.0,69.0,74.0,83.8,24,24,24
2026-03-31,KNEW,80.0,70.0,74.1,82.6,24,24,24
2026-04-01,KASD,83.0,68.0,74.7,85.6,24,24,24
2026-04-01,KBTR,87.0,63.0,73.1,87.5,24,24,24
2026-04-01,KHUM,80.6,66.2,76.2,83.9,13,13,24
2026-04-01,KMSY,83.0,68.0,74.8,85.2,24,24,24
2026-04-01,KNEW,84.0,69.0,75.1,86.7,24,24,24
2026-04-02,KASD,79.0,69.0,74.3,79.4,24,24,24
2026-04-02,KBTR,80.0,68.0,72.8,82.6,24,24,24
2026-04-02,KHUM,80.6,73.4,78.3,84.6,12,12,24
2026-04-02,KMSY,83.0,70.0,75.3,86.1,24,24,24
2026-04-02,KNEW,82.0,70.0,75.4,85.4,24,24,24
2026-04-03,KASD,81.0,68.0,74.9,83.1,20,20,24
2026-04-03,KBTR,82.0,70.0,74.5,85.4,21,21,24
2026-04-03,KHUM,80.6,71.6,77.8,84.6,12,12,24
2026-04-03,KMSY,84.0,71.0,76.5,87.2,20,20,24
2026-04-03,KNEW,80.0,71.0,75.2,82.6,21,21,24
2026-04-04,KASD,83.0,69.0,75.5,85.6,24,24,24
2026-04-04,KBTR,82.0,69.0,74.5,86.8,24,24,24
2026-04-04,KHUM,82.4,73.4,78.8,87.2,13,13,24
2026-04-04,KMSY,83.0,72.0,76.0,86.1,24,24,24
2026-04-04,KNEW,82.0,72.0,76.6,85.4,24,24,24
2026-04-05,KASD,71.0,59.0,66.2,71.6,24,24,24
2026-04-05,KBTR,72.0,59.0,65.7,71.9,24,24,24
2026-04-05,KHUM,71.6,64.4,68.8,72.4,12,12,24
2026-04-05,KMSY,72.0,64.0,68.4,72.7,24,24,24
2026-04-05,KNEW,73.0,65.0,68.8,73.7,24,24,24
2026-04-06,KASD,67.0,46.0,57.8,66.0,24,24,24
2026-04-06,KBTR,71.0,51.0,59.6,70.1,24,24,24
2026-04-06,KHUM,66.2,55.4,61.4,65.5,14,14,24
2026-04-06,KMSY,68.0,61.0,63.2,67.1,24,24,24
2026-04-06,KNEW,67.0,60.0,62.9,66.1,24,24,24
2026-04-07,KASD,78.0,40.0,58.6,77.2,24,24,24
2026-04-07,KBTR,78.0,44.0,60.3,77.3,24,24,24
2026-04-07,KHUM,73.4,50.0,66.5,73.0,13,13,24
2026-04-07,KMSY,76.0,59.0,65.8,75.0,24,24,24
2026-04-07,KNEW,74.0,58.0,65.5,73.1,24,24,24
2026-04-08,KASD,77.0,47.0,63.2,76.5,24,24,24
2026-04-08,KBTR,79.0,51.0,65.4,78.7,24,24,24
2026-04-08,KHUM,77.0,55.4,69.3,77.0,14,14,24
2026-04-08,KMSY,77.0,56.0,68.3,76.7,24,24,24
2026-04-08,KNEW,74.0,63.0,69.1,73.6,24,24,24
2026-04-09,KASD,74.0,57.0,67.1,73.9,24,24,24
2026-04-09,KBTR,76.0,58.0,66.6,76.0,24,24,24
2026-04-09,KHUM,75.2,66.2,71.0,75.3,14,14,24
2026-04-09,KMSY,73.0,65.0,69.0,72.9,24,24,24
2026-04-09,KNEW,71.0,67.0,68.8,71.1,24,24,24
2026-04-10,KASD,77.0,53.0,65.2,77.2,24,24,24
2026-04-10,KBTR,83.0,58.0,69.0,84.1,24,24,24
2026-04-10,KHUM,78.8,62.6,72.4,79.0,14,14,24
2026-04-10,KMSY,78.0,64.0,70.2,78.2,24,24,24
2026-04-10,KNEW,75.0,66.0,70.2,75.3,24,24,24
2026-04-11,KASD,80.0,55.0,67.2,79.9,24,24,24
2026-04-11,KBTR,83.0,62.0,71.0,82.5,24,24,24
2026-04-11,KHUM,78.8,60.8,72.3,78.9,12,12,24
2026-04-11,KMSY,80.0,61.0,71.7,80.0,24,24,24
2026-04-11,KNEW,79.0,66.0,72.0,79.1,24,24,24
2026-04-12,KASD,80.0,53.0,68.0,81.0,24,24,24
2026-04-12,KBTR,82.0,57.0,70.8,82.4,24,24,24
2026-04-12,KHUM,80.6,60.8,73.5,81.8,13,13,24
2026-04-12,KMSY,80.0,64.0,72.2,81.0,24,24,24
2026-04-12,KNEW,81.0,66.0,73.1,81.8,24,24,24
2026-04-13,KASD,81.0,59.0,70.6,81.4,24,24,24
2026-04-13,KBTR,85.0,65.0,74.2,84.9,24,24,24
2026-04-13,KHUM,80.6,69.8,76.5,82.8,12,12,24
2026-04-13,KMSY,82.0,67.0,74.0,83.2,24,24,24
2026-04-13,KNEW,82.0,67.0,74.2,83.2,24,24,24
2026-04-14,KASD,80.0,57.0,70.0,80.0,24,24,24
2026-04-14,KBTR,85.0,63.0,73.6,85.2,24,24,24
2026-04-14,KHUM,80.6,66.2,75.8,81.8,14,14,24
2026-04-14,KMSY,80.0,66.0,73.4,81.2,24,24,24
2026-04-14,KNEW,81.0,67.0,73.8,81.4,24,24,24
2026-04-15,KASD,80.0,60.0,71.3,81.0,23,23,24
2026-04-15,KBTR,84.0,59.0,72.4,85.2,24,24,24
2026-04-15,KHUM,82.4,69.8,76.6,82.5,13,13,24
2026-04-15,KMSY,82.0,69.0,74.8,82.4,24,24,24
2026-04-15,KNEW,83.0,70.0,75.0,83.2,24,24,24
2026-04-16,KASD,83.0,62.0,73.3,84.5,24,24,24
2026-04-16,KBTR,83.0,64.0,74.4,84.5,24,24,24
2026-04-16,KHUM,82.4,69.8,77.5,85.4,14,14,24
2026-04-16,KMSY,81.0,69.0,74.5,83.1,24,24,24
2026-04-16,KNEW,82.0,69.0,74.9,83.2,24,24,24
2026-04-17,KASD,83.0,59.0,71.9,82.9,24,24,24
2026-04-17,KBTR,85.0,66.0,74.9,86.3,24,24,24
2026-04-17,KHUM,80.6,66.2,76.4,83.3,13,13,24
2026-04-17,KMSY,83.0,67.0,74.9,83.8,24,24,24
2026-04-17,KNEW,83.0,68.0,75.3,83.5,24,24,24
2026-04-18,KASD,83.0,59.0,73.3,84.4,24,24,24
2026-04-18,KBTR,83.0,66.0,73.8,85.2,24,24,24
2026-04-18,KHUM,82.4,69.8,77.9,86.2,14,14,24
2026-04-18,KMSY,86.0,68.0,76.2,86.9,24,24,24
2026-04-18,KNEW,84.0,68.0,75.7,85.4,24,24,24
2026-04-19,KASD,71.0,49.0,59.4,71.6,24,24,24
2026-04-19,KBTR,70.0,51.0,58.9,69.1,24,24,24
2026-04-19,KHUM,69.8,57.2,62.3,68.9,14,14,24
2026-04-19,KMSY,73.0,57.0,64.6,73.5,24,24,24
2026-04-19,KNEW,74.0,58.0,64.8,74.4,24,24,24
2026-04-20,KASD,75.0,43.0,58.5,74.3,24,24,24
2026-04-20,KBTR,74.0,47.0,60.5,73.4,24,24,24
2026-04-20,KHUM,73.4,53.6,67.2,72.9,13,13,24
2026-04-20,KMSY,73.0,60.0,66.6,72.2,24,24,24
2026-04-20,KNEW,72.0,61.0,65.9,71.4,24,24,24
2026-04-21,KASD,77.0,44.0,62.5,76.7,24,24,24
2026-04-21,KBTR,77.0,51.0,64.5,76.8,24,24,24
2026-04-21,KHUM,78.8,57.2,69.7,78.7,13,13,24
2026-04-21,KMSY,79.0,52.0,68.0,78.8,24,24,24
2026-04-21,KNEW,78.0,61.0,70.2,77.8,24,24,24
2026-04-22,KASD,79.0,60.0,69.3,79.1,24,24,24
2026-04-22,KBTR,83.0,62.0,71.3,82.7,24,24,24
2026-04-22,KHUM,78.8,59.0,72.3,79.0,13,13,24
2026-04-22,KMSY,82.0,66.0,73.2,82.2,24,24,24
2026-04-22,KNEW,79.0,68.0,73.4,79.2,24,24,24
2026-04-23,KASD,79.0,56.0,68.8,79.1,24,24,24
2026-04-23,KBTR,84.0,62.0,72.3,84.0,24,24,24
2026-04-23,KHUM,80.6,62.6,74.4,82.3,14,14,24
2026-04-23,KMSY,82.0,65.0,73.5,82.4,24,24,24
2026-04-23,KNEW,80.0,67.0,72.7,81.2,22,22,24
2026-04-24,KASD,82.0,62.0,72.4,84.2,24,24,24
2026-04-24,KBTR,83.0,65.0,74.8,86.1,24,24,24
2026-04-24,KHUM,80.6,66.2,76.3,83.9,13,13,24
2026-04-24,KMSY,81.0,70.0,75.4,84.1,24,24,24
2026-04-24,KNEW,83.0,70.0,75.6,86.1,24,24,24
2026-04-25,KASD,81.0,64.0,73.5,83.1,24,24,24
2026-04-25,KBTR,84.0,65.0,74.6,89.0,24,24,24
2026-04-25,KHUM,82.4,66.2,76.7,87.2,11,11,24
2026-04-25,KMSY,82.0,66.0,75.0,85.8,24,24,24
2026-04-25,KNEW,78.0,66.0,74.0,78.6,24,24,24
2026-04-26,KASD,82.0,66.0,74.1,84.2,24,24,24
2026-04-26,KBTR,86.0,72.0,77.6,91.5,24,24,24
2026-04-26,KHUM,82.4,75.2,79.5,87.2,13,13,24
2026-04-26,KMSY,83.0,71.0,76.7,86.3,24,24,24
2026-04-26,KNEW,83.0,67.0,76.0,86.6,24,24,24
2026-04-27,KASD,86.0,67.0,76.6,87.8,24,24,24
2026-04-27,KBTR,89.0,73.0,79.8,91.5,24,24,24
2026-04-27,KHUM,84.2,75.2,81.2,88.5,12,12,24
2026-04-27,KMSY,85.0,73.0,78.4,89.0,24,24,24
2026-04-27,KNEW,87.0,74.0,78.9,88.8,24,24,24
2026-04-28,KASD,85.0,70.0,77.5,88.9,24,24,24
2026-04-28,KBTR,88.0,71.0,79.2,93.1,24,24,24
2026-04-28,KHUM,82.4,75.2,79.7,87.2,14,14,24
2026-04-28,KMSY,84.0,73.0,78.2,89.0,24,24,24
2026-04-28,KNEW,86.0,72.0,78.5,90.2,24,24,24
2026-04-29,KASD,85.0,67.0,75.7,88.9,24,24,24
2026-04-29,KBTR,88.0,68.0,77.4,91.0,24,24,24
2026-04-29,KHUM,84.2,73.4,79.7,89.6,12,12,24
2026-04-29,KMSY,86.0,72.0,78.2,90.8,24,24,24
2026-04-29,KNEW,85.0,71.0,77.4,88.9,24,24,24
2026-04-30,KASD,74.0,67.0,70.0,74.6,24,24,24
2026-04-30,KBTR,75.0,65.0,69.5,75.6,24,24,24
2026-04-30,KHUM,84.2,71.6,80.0,89.6,14,14,24
2026-04-30,KMSY,77.0,71.0,73.2,77.8,24,24,24
2026-04-30,KNEW,77.0,70.0,73.0,77.8,24,24,24
2026-05-01,KASD,68.0,55.0,61.5,68.4,24,24,24
2026-05-01,KBTR,65.0,54.0,60.1,65.4,24,24,24
2026-05-01,KHUM,73.4,62.6,69.8,74.0,12,12,24
2026-05-01,KMSY,72.0,60.0,66.3,72.6,24,24,24
2026-05-01,KNEW,73.0,60.0,65.8,73.6,24,24,24
2026-05-02,KASD,72.0,53.0,61.0,71.3,24,24,24
2026-05-02,KBTR,73.0,53.0,61.8,72.3,24,24,24
2026-05-02,KHUM,73.4,55.4,66.2,73.1,14,14,24
2026-05-02,KMSY,73.0,57.0,65.2,72.3,24,24,24
2026-05-02,KNEW,73.0,57.0,65.2,72.5,24,24,24
2026-05-03,KASD,75.0,45.0,61.8,74.3,24,24,24
2026-05-03,KBTR,77.0,48.0,63.5,76.5,24,24,24
2026-05-03,KHUM,75.2,48.2,68.5,74.6,14,14,24
2026-05-03,KMSY,75.0,56.0,67.4,74.3,24,24,24
2026-05-03,KNEW,73.0,64.0,68.8,72.4,24,24,24
2026-05-04,KASD,76.0,50.0,64.4,75.6,24,24,24
2026-05-04,KBTR,79.0,52.0,66.7,78.7,24,24,24
2026-05-04,KHUM,75.2,53.6,70.5,74.8,13,13,24
2026-05-04,KMSY,76.0,58.0,68.0,75.6,24,24,24
2026-05-04,KNEW,77.0,61.0,69.5,76.5,24,24,24
2026-05-05,KASD,82.0,54.0,70.0,84.2,24,24,24
2026-05-05,KBTR,82.0,57.0,72.0,84.9,24,24,24
2026-05-05,KHUM,80.6,62.6,75.5,83.9,14,14,24
2026-05-05,KMSY,83.0,63.0,73.8,85.6,24,24,24
2026-05-05,KNEW,82.0,65.0,73.9,84.2,24,24,24
2026-05-06,KASD,84.0,72.0,77.8,91.1,24,24,24
2026-05-06,KBTR,86.0,73.0,78.8,94.0,24,24,24
2026-05-06,KHUM,84.2,75.2,80.2,92.5,14,14,24
2026-05-06,KMSY,85.0,74.0,78.9,93.5,24,24,24
2026-05-06,KNEW,86.0,73.0,78.9,95.0,24,24,24
2026-05-07,KASD,78.0,68.0,74.1,78.8,24,24,24
2026-05-07,KBTR,77.0,61.0,68.5,77.9,24,24,24
2026-05-07,KHUM,78.8,71.6,74.9,79.7,14,14,24
2026-05-07,KMSY,78.0,70.0,74.5,78.9,24,24,24
2026-05-07,KNEW,78.0,71.0,74.4,78.9,24,24,24
2026-05-08,KASD,72.0,66.0,67.6,72.3,24,24,24
2026-05-08,KBTR,68.0,63.0,65.8,68.5,24,24,24
2026-05-08,KHUM,84.2,68.0,73.3,91.0,14,14,24
2026-05-08,KMSY,78.0,68.0,71.2,78.5,24,24,24
2026-05-08,KNEW,75.0,68.0,70.5,75.5,24,24,24
2026-05-09,KASD,72.0,65.0,68.1,72.6,24,24,24
2026-05-09,KBTR,70.0,65.0,67.2,70.5,24,24,24
2026-05-09,KHUM,78.8,66.2,70.4,79.7,13,13,24
2026-05-09,KMSY,75.0,67.0,69.9,75.8,24,24,24
2026-05-09,KNEW,74.0,67.0,69.8,74.7,24,24,24
2026-05-10,KASD,82.0,65.0,72.5,84.9,24,24,24
2026-05-10,KBTR,85.0,66.0,74.2,88.9,24,24,24
2026-05-10,KHUM,80.6,66.2,75.8,84.6,14,14,24
2026-05-10,KMSY,83.0,68.0,74.8,85.8,24,24,24
2026-05-10,KNEW,81.0,68.0,74.5,84.5,24,24,24
2026-05-11,KASD,79.0,67.0,71.5,79.3,24,24,24
2026-05-11,KBTR,81.0,67.0,72.6,84.5,24,24,24
2026-05-11,KHUM,78.8,71.6,74.9,79.6,11,11,24
2026-05-11,KMSY,77.0,69.0,73.9,77.7,24,24,24
2026-05-11,KNEW,76.0,70.0,73.5,76.6,24,24,24
2026-05-12,KASD,82.0,67.0,73.0,84.5,24,24,24
2026-05-12,KBTR,83.0,67.0,74.4,84.1,24,24,24
2026-05-12,KHUM,82.4,68.0,76.6,84.6,13,13,24
2026-05-12,KMSY,83.0,69.0,74.8,85.2,24,24,24
2026-05-12,KNEW,79.0,68.0,74.0,79.5,24,24,24
2026-05-13,KASD,84.0,65.0,73.4,85.0,24,24,24
2026-05-13,KBTR,86.0,64.0,74.5,84.9,24,24,24
2026-05-13,KHUM,84.2,66.2,78.4,86.5,13,13,24
2026-05-13,KMSY,84.0,70.0,76.1,83.8,24,24,24
2026-05-13,KNEW,81.0,72.0,76.2,83.1,24,24,24
2026-05-14,KASD,86.0,60.0,73.5,85.2,24,24,24
2026-05-14,KBTR,87.0,63.0,75.5,86.7,24,24,24
2026-05-14,KHUM,87.8,64.4,79.8,88.5,14,14,24
2026-05-14,KMSY,87.0,69.0,78.2,86.7,24,24,24
2026-05-14,KNEW,84.0,74.0,78.7,87.2,24,24,24
2026-05-15,KASD,84.0,60.0,73.6,87.7,24,24,24
2026-05-15,KBTR,88.0,65.0,77.0,91.7,24,24,24
2026-05-15,KHUM,86.0,66.2,80.0,88.5,14,14,24
2026-05-15,KMSY,85.0,71.0,77.9,88.9,24,24,24
2026-05-15,KNEW,85.0,73.0,79.1,89.6,24,24,24
2026-05-16,KASD,83.0,66.0,74.4,83.8,24,24,24
2026-05-16,KBTR,86.0,68.0,77.2,86.5,24,24,24
2026-05-16,KHUM,82.4,69.8,78.9,85.4,14,14,24
2026-05-16,KMSY,83.0,71.0,77.2,84.8,24,24,24
2026-05-16,KNEW,85.0,73.0,78.0,85.9,24,24,24
2026-05-17,KASD,84.0,65.0,75.7,89.6,23,23,24
2026-05-17,KBTR,88.0,69.0,78.8,93.6,23,23,24
2026-05-17,KHUM,84.2,75.2,81.4,92.5,13,13,24
2026-05-17,KMSY,86.0,73.0,79.5,93.1,23,23,24
2026-05-17,KNEW,85.0,73.0,79.0,91.8,23,23,24
2026-05-18,KASD,84.0,68.0,78.5,91.2,23,23,24
2026-05-18,KBTR,92.0,73.0,81.5,98.6,23,23,24
2026-05-18,KHUM,86.0,73.4,81.8,95.2,14,14,24
2026-05-18,KMSY,88.0,75.0,81.4,96.8,23,23,24
2026-05-18,KNEW,87.0,75.0,80.7,95.4,23,23,24
2026-05-19,KASD,86.0,73.0,79.5,94.0,24,24,24
2026-05-19,KBTR,89.0,76.0,80.4,96.1,24,24,24
2026-05-19,KHUM,86.0,75.2,83.0,95.2,13,13,24
2026-05-19,KMSY,87.0,77.0,81.4,95.4,24,24,24
2026-05-19,KNEW,87.0,77.0,81.5,94.5,24,24,24
2026-05-20,KASD,86.0,71.0,76.7,90.8,24,24,24
2026-05-20,KBTR,86.0,73.0,76.4,91.8,24,24,24
2026-05-20,KHUM,84.2,73.4,80.1,91.0,14,14,24
2026-05-20,KMSY,87.0,73.0,78.5,92.0,24,24,24
2026-05-20,KNEW,86.0,74.0,79.4,91.5,24,24,24
2026-05-21,KASD,82.0,70.0,74.5,87.4,24,24,24
2026-05-21,KBTR,82.0,72.0,76.2,86.3,24,24,24
2026-05-21,KHUM,80.6,73.4,76.7,85.3,14,14,24
2026-05-21,KMSY,80.0,73.0,76.3,84.5,24,24,24
2026-05-21,KNEW,80.0,75.0,77.0,84.9,24,24,24
2026-05-22,KASD,87.0,70.0,76.7,94.5,24,24,24
2026-05-22,KBTR,87.0,73.0,78.3,94.5,23,23,24
2026-05-22,KHUM,87.8,77.0,82.1,95.9,14,14,24
2026-05-22,KMSY,88.0,74.0,78.4,96.8,23,23,24
2026-05-22,KNEW,87.0,74.0,79.8,95.4,18,18,24
2026-05-23,KASD,80.0,69.0,73.8,85.7,24,24,24
2026-05-23,KBTR,79.0,70.0,72.3,79.5,24,24,24
2026-05-23,KHUM,75.2,69.8,71.6,76.0,14,14,24
2026-05-23,KMSY,77.0,70.0,73.2,77.8,24,24,24
2026-05-23,KNEW,77.0,72.0,74.8,78.0,24,24,24
2026-05-24,KASD,80.0,71.0,74.5,83.8,24,24,24
2026-05-24,KBTR,78.0,68.0,73.8,78.7,24,24,24
2026-05-24,KHUM,77.0,69.8,73.9,77.7,12,12,24
2026-05-24,KMSY,79.0,70.0,74.2,79.7,24,24,24
2026-05-24,KNEW,79.0,71.0,75.6,79.7,24,24,24
2026-05-25,KASD,74.0,69.0,72.0,74.7,24,24,24
2026-05-25,KBTR,80.0,69.0,74.7,83.5,24,24,24
2026-05-25,KHUM,80.6,71.6,75.2,85.3,12,12,24
2026-05-25,KMSY,76.0,72.0,73.9,76.6,24,24,24
2026-05-25,KNEW,76.0,72.0,74.1,76.7,24,24,24
2026-05-26,KASD,85.0,67.0,75.1,92.6,24,24,24
2026-05-26,KBTR,89.0,68.0,77.8,95.2,23,23,24
2026-05-26,KHUM,84.2,69.8,79.2,92.5,14,14,24
2026-05-26,KMSY,85.0,69.0,77.2,93.5,24,24,24
2026-05-26,KNEW,85.0,70.0,77.6,92.6,24,24,24
2026-05-27,KASD,86.0,73.0,79.3,91.0,24,24,24
2026-05-27,KBTR,86.0,74.0,77.7,92.3,24,24,24
2026-05-27,KHUM,84.2,77.0,82.0,92.5,14,14,24
2026-05-27,KMSY,86.0,75.0,80.9,92.3,24,24,24
2026-05-27,KNEW,87.0,76.0,81.1,93.1,24,24,24
2026-05-28,KASD,84.0,73.0,77.6,91.1,24,24,24
2026-05-28,KBTR,88.0,75.0,80.1,95.8,24,24,24
2026-05-28,KHUM,86.0,78.8,82.1,90.6,14,14,24
2026-05-28,KMSY,87.0,75.0,80.3,91.5,24,24,24
2026-05-28,KNEW,87.0,75.0,80.4,92.7,24,24,24
2026-05-29,KASD,88.0,69.0,77.6,93.1,24,24,24
2026-05-29,KBTR,90.0,73.0,81.1,96.4,24,24,24
2026-05-29,KHUM,89.6,71.6,82.5,98.3,14,14,24
2026-05-29,KMSY,86.0,73.0,79.2,93.1,24,24,24
2026-05-29,KNEW,85.0,73.0,79.4,92.6,24,24,24
2026-05-30,KASD,89.0,72.0,80.5,94.5,24,24,24
2026-05-30,KBTR,91.0,75.0,82.7,99.4,24,24,24
2026-05-30,KHUM,87.8,73.4,83.6,97.8,14,14,24
2026-05-30,KMSY,89.0,73.0,81.4,98.1,24,24,24
2026-05-30,KNEW,89.0,76.0,82.2,96.1,24,24,24
2026-05-31,KASD,91.0,74.0,82.7,98.6,24,24,24
2026-05-31,KBTR,93.0,75.0,83.4,100.1,24,24,24
2026-05-31,KHUM,89.6,75.2,84.5,100.3,13,13,24
2026-05-31,KMSY,89.0,76.0,81.0,99.2,24,24,24
2026-05-31,KNEW,89.0,79.0,83.1,100.4,24,24,24
2026-06-01,KASD,89.0,75.0,81.8,97.1,24,24,24
2026-06-01,KBTR,89.0,75.0,80.2,98.1,24,24,24
2026-06-01,KHUM,89.6,78.8,83.4,100.3,14,14,24
2026-06-01,KMSY,86.0,77.0,81.4,95.0,24,24,24
2026-06-01,KNEW,87.0,79.0,82.4,97.2,24,24,24
2026-06-02,KASD,89.0,72.0,79.1,97.1,24,24,24
2026-06-02,KBTR,90.0,70.0,79.5,99.4,24,24,24
2026-06-02,KHUM,89.6,73.4,80.5,105.2,13,13,24
2026-06-02,KMSY,88.0,74.0,80.1,95.8,24,24,24
2026-06-02,KNEW,87.0,75.0,81.1,96.1,24,24,24
2026-06-03,KASD,82.0,70.0,75.6,87.4,24,24,24
2026-06-03,KBTR,86.0,71.0,76.1,93.1,24,24,24
2026-06-03,KHUM,82.4,73.4,77.1,89.5,14,14,24
2026-06-03,KMSY,84.0,75.0,78.3,89.6,24,24,24
2026-06-03,KNEW,82.0,75.0,78.8,88.7,24,24,24
2026-06-04,KASD,83.0,68.0,76.3,85.2,24,24,24
2026-06-04,KBTR,86.0,72.0,77.6,90.8,24,24,24
2026-06-04,KHUM,82.4,75.2,79.1,89.5,13,13,24
2026-06-04,KMSY,84.0,75.0,79.6,87.1,24,24,24
2026-06-04,KNEW,82.0,77.0,79.8,85.4,24,24,24
2026-06-05,KASD,83.0,66.0,75.3,89.6,24,24,24
2026-06-05,KBTR,88.0,67.0,77.8,95.4,24,24,24
2026-06-05,KHUM,84.2,73.4,80.0,91.0,14,14,24
2026-06-05,KMSY,86.0,76.0,79.8,92.6,24,24,24
2026-06-05,KNEW,85.0,77.0,80.5,92.6,24,24,24
2026-06-06,KASD,87.0,75.0,78.5,96.5,24,24,24
2026-06-06,KBTR,87.0,76.0,79.7,96.5,24,24,24
2026-06-06,KHUM,87.8,78.8,84.8,100.0,13,13,24
2026-06-06,KMSY,85.0,76.0,79.5,95.6,24,24,24
2026-06-06,KNEW,86.0,77.0,79.7,96.1,24,24,24
2026-06-07,KASD,88.0,75.0,81.6,99.0,24,24,24
2026-06-07,KBTR,90.0,78.0,83.0,100.6,24,24,24
2026-06-07,KHUM,87.8,78.8,84.5,100.0,14,14,24
2026-06-07,KMSY,87.0,78.0,82.5,97.6,24,24,24
2026-06-07,KNEW,89.0,78.0,82.9,98.1,24,24,24
2026-06-08,KASD,86.0,72.0,79.9,91.0,23,23,24
2026-06-08,KBTR,90.0,75.0,82.2,101.8,23,23,24
2026-06-08,KHUM,86.0,77.0,82.9,93.5,14,14,24
2026-06-08,KMSY,86.0,78.0,81.8,94.0,23,23,24
2026-06-08,KNEW,87.0,78.0,82.0,92.7,23,23,24
2026-06-09,KASD,89.0,73.0,80.8,97.1,24,24,24
2026-06-09,KBTR,92.0,72.0,81.5,102.0,24,24,24
2026-06-09,KHUM,89.6,75.2,84.8,100.3,14,14,24
2026-06-09,KMSY,89.0,77.0,82.7,99.0,24,24,24
2026-06-09,KNEW,88.0,79.0,82.8,97.6,24,24,24
2026-06-10,KASD,89.0,69.0,80.0,94.3,24,24,24
2026-06-10,KBTR,93.0,71.0,82.1,100.1,24,24,24
2026-06-10,KHUM,89.6,73.4,84.8,100.3,14,14,24
2026-06-10,KMSY,90.0,76.0,83.2,98.4,24,24,24
2026-06-10,KNEW,90.0,77.0,83.2,98.1,24,24,24
2026-06-11,KASD,90.0,69.0,80.2,97.1,24,24,24
2026-06-11,KBTR,93.0,73.0,83.5,100.1,24,24,24
2026-06-11,KHUM,89.6,73.4,84.6,100.3,14,14,24
2026-06-11,KMSY,90.0,76.0,83.0,96.8,24,24,24
2026-06-11,KNEW,89.0,77.0,83.1,99.2,24,24,24
2026-06-12,KASD,90.0,72.0,81.3,99.4,24,24,24
2026-06-12,KBTR,91.0,76.0,80.8,100.7,24,24,24
2026-06-12,KHUM,89.6,77.0,85.0,100.3,14,14,24
2026-06-12,KMSY,89.0,78.0,82.4,100.4,24,24,24
2026-06-12,KNEW,90.0,78.0,83.9,100.6,24,24,24
2026-06-13,KASD,91.0,74.0,83.0,99.4,24,24,24
2026-06-13,KBTR,93.0,75.0,84.2,101.1,24,24,24
2026-06-13,KHUM,91.4,77.0,86.5,102.7,14,14,24
2026-06-13,KMSY,90.0,77.0,83.1,99.4,24,24,24
2026-06-13,KNEW,90.0,80.0,84.6,99.4,24,24,24
2026-06-14,KASD,93.0,76.0,84.6,101.1,24,24,24
2026-06-14,KBTR,94.0,77.0,83.5,103.3,24,24,24
2026-06-14,KHUM,91.4,78.8,88.0,100.6,10,10,24
2026-06-14,KMSY,93.0,77.0,85.3,103.3,24,24,24
2026-06-14,KNEW,92.0,81.0,86.2,104.6,24,24,24
2026-06-15,KASD,88.0,74.0,78.7,99.0,24,24,24
2026-06-15,KBTR,87.0,74.0,77.9,98.8,24,24,24
2026-06-15,KHUM,89.6,80.6,85.9,105.2,13,13,24
2026-06-15,KMSY,88.0,77.0,82.0,103.0,24,24,24
2026-06-15,KNEW,85.0,78.0,81.5,97.9,24,24,24
2026-06-16,KASD,83.0,74.0,76.5,91.2,24,24,24
2026-06-16,KBTR,82.0,74.0,76.0,88.7,24,24,24
2026-06-16,KHUM,86.0,80.6,83.8,95.2,13,13,24
2026-06-16,KMSY,83.0,77.0,79.8,94.1,24,24,24
2026-06-16,KNEW,84.0,77.0,80.3,93.8,24,24,24
2026-06-17,KASD,89.0,75.0,82.3,100.4,24,24,24
2026-06-17,KBTR,89.0,75.0,80.3,100.4,24,24,24
2026-06-17,KHUM,86.0,80.6,83.7,99.4,14,14,24
2026-06-17,KMSY,88.0,78.0,82.3,99.0,24,24,24
2026-06-17,KNEW,89.0,77.0,82.8,100.4,24,24,24
2026-06-18,KASD,87.0,74.0,81.4,101.4,24,24,24
2026-06-18,KBTR,91.0,76.0,82.7,103.2,24,24,24
2026-06-18,KHUM,87.8,80.6,85.2,105.2,13,13,24
2026-06-18,KMSY,90.0,73.0,82.9,106.2,24,24,24
2026-06-18,KNEW,88.0,77.0,83.0,104.6,24,24,24
2026-06-19,KASD,92.0,75.0,84.5,103.3,24,24,24
2026-06-19,KBTR,94.0,75.0,84.5,107.3,24,24,24
2026-06-19,KHUM,91.4,73.4,86.4,107.9,13,12,24
2026-06-19,KMSY,93.0,77.0,84.6,105.9,24,24,24
2026-06-19,KNEW,92.0,78.0,83.8,107.6,24,24,24
2026-06-20,KASD,87.0,74.0,78.4,100.0,24,24,24
2026-06-20,KBTR,84.0,73.0,76.9,94.9,24,24,24
2026-06-20,KHUM,87.8,73.4,82.0,102.4,14,14,24
2026-06-20,KMSY,88.0,75.0,80.0,100.3,24,24,24
2026-06-20,KNEW,87.0,76.0,80.0,101.1,24,24,24
2026-06-21,KASD,89.0,74.0,82.5,99.2,24,24,24
2026-06-21,KBTR,88.0,74.0,81.2,97.6,24,24,24
2026-06-21,KHUM,87.8,80.6,85.2,97.8,11,11,24
2026-06-21,KMSY,90.0,77.0,83.1,100.6,24,24,24
2026-06-21,KNEW,89.0,78.0,83.4,100.4,24,24,24
2026-06-22,KASD,90.0,80.0,84.4,99.2,24,24,24
2026-06-22,KBTR,90.0,80.0,83.7,100.6,24,24,24
2026-06-22,KHUM,89.6,80.6,86.0,98.3,13,13,24
2026-06-22,KMSY,90.0,79.0,84.0,100.4,24,24,24
2026-06-22,KNEW,89.0,81.0,84.8,103.1,24,24,24
2026-06-23,KASD,92.0,78.0,84.4,103.3,24,24,24
2026-06-23,KBTR,93.0,77.0,84.4,103.3,24,24,24
2026-06-23,KHUM,91.4,78.8,86.6,102.7,14,14,24
2026-06-23,KMSY,92.0,78.0,84.9,103.3,24,24,24
2026-06-23,KNEW,90.0,80.0,85.4,104.6,24,24,24
2026-06-24,KASD,89.0,74.0,79.4,100.3,24,24,24
2026-06-24,KBTR,92.0,77.0,83.0,102.0,24,24,24
2026-06-24,KHUM,91.4,75.2,84.9,102.7,13,13,24
2026-06-24,KMSY,91.0,78.0,84.4,101.7,24,24,24
2026-06-24,KNEW,91.0,82.0,84.8,106.0,24,24,24
2026-06-25,KASD,91.0,72.0,80.7,99.2,24,24,24
2026-06-25,KBTR,91.0,73.0,82.4,98.4,24,24,24
2026-06-25,KHUM,91.4,75.2,84.5,105.2,14,14,24
2026-06-25,KMSY,90.0,78.0,83.8,101.7,24,24,24
2026-06-25,KNEW,90.0,80.0,84.5,101.6,24,24,24
2026-06-26,KASD,91.0,75.0,83.6,99.4,24,24,24
2026-06-26,KBTR,93.0,74.0,84.0,102.2,24,24,24
2026-06-26,KHUM,91.4,77.0,86.1,100.3,13,13,24
2026-06-26,KMSY,92.0,78.0,84.5,102.0,24,24,24
2026-06-26,KNEW,92.0,80.0,85.8,102.0,24,24,24
2026-06-27,KASD,92.0,75.0,83.7,99.8,24,24,24
2026-06-27,KBTR,94.0,76.0,85.0,101.3,24,24,24
2026-06-27,KHUM,91.4,73.4,85.4,105.1,12,11,24
2026-06-27,KMSY,91.0,79.0,82.6,103.2,24,24,24
2026-06-27,KNEW,91.0,78.0,83.8,100.7,24,24,24
2026-06-28,KASD,92.0,75.0,84.8,100.6,24,24,24
2026-06-28,KBTR,94.0,76.0,85.8,104.6,24,24,24
2026-06-28,KHUM,91.4,78.8,87.2,105.1,14,14,24
2026-06-28,KMSY,92.0,77.0,84.3,104.6,24,24,24
2026-06-28,KNEW,92.0,79.0,85.2,104.6,24,24,24
2026-06-29,KASD,93.0,74.0,84.0,98.3,24,24,24
2026-06-29,KBTR,95.0,77.0,85.8,103.6,24,24,24
2026-06-29,KHUM,91.4,77.0,87.4,100.6,14,14,24
2026-06-29,KMSY,92.0,77.0,85.5,103.3,24,24,24
2026-06-29,KNEW,92.0,80.0,85.8,103.3,24,24,24
2026-06-30,KASD,93.0,74.0,83.9,106.0,24,24,24
2026-06-30,KBTR,95.0,75.0,85.0,105.9,24,24,24
2026-06-30,KHUM,91.4,73.4,86.0,102.7,14,13,24
2026-06-30,KMSY,93.0,78.0,86.3,102.0,24,24,24
2026-06-30,KNEW,93.0,82.0,87.3,103.2,24,24,24
2026-07-01,KASD,94.0,76.0,83.5,104.6,24,24,24
2026-07-01,KBTR,95.0,75.0,81.6,105.9,24,24,24
2026-07-01,KHUM,91.4,73.4,80.7,102.7,14,14,24
2026-07-01,KMSY,93.0,79.0,84.1,104.6,24,24,24
2026-07-01,KNEW,93.0,81.0,86.3,105.9,24,24,24
2026-07-02,KASD,91.0,74.0,81.8,100.7,24,24,24
2026-07-02,KBTR,88.0,73.0,79.4,99.0,24,24,24
2026-07-02,KHUM,87.8,73.4,81.2,100.0,13,13,24
2026-07-02,KMSY,89.0,78.0,83.8,100.3,24,24,24
2026-07-02,KNEW,89.0,80.0,84.0,100.4,24,24,24
2026-07-03,KASD,93.0,74.0,83.2,99.2,24,24,24
2026-07-03,KBTR,94.0,74.0,82.1,103.5,24,24,24
2026-07-03,KHUM,89.6,69.8,81.0,100.3,13,12,24
2026-07-03,KMSY,93.0,79.0,83.9,101.1,24,24,24
2026-07-03,KNEW,92.0,81.0,86.0,101.9,24,24,24
2026-07-04,KASD,94.0,75.0,84.3,102.2,24,24,24
2026-07-04,KBTR,95.0,74.0,83.5,104.8,24,24,24
2026-07-04,KHUM,89.6,75.2,83.1,102.6,13,13,24
2026-07-04,KMSY,94.0,77.0,84.2,103.3,24,24,24
2026-07-04,KNEW,93.0,83.0,86.8,100.3,24,24,24
2026-07-05,KASD,90.0,73.0,78.5,101.8,24,24,24
2026-07-05,KBTR,91.0,73.0,79.1,104.6,24,24,24
2026-07-05,KHUM,91.4,75.2,82.1,105.1,13,13,24
2026-07-05,KMSY,92.0,74.0,79.7,106.0,24,24,24
2026-07-05,KNEW,90.0,76.0,82.4,104.6,22,22,24
2026-07-06,KASD,90.0,72.0,81.2,100.6,24,24,24
2026-07-06,KBTR,92.0,73.0,81.8,102.0,24,24,24
2026-07-06,KHUM,91.4,73.4,83.4,102.7,14,14,24
2026-07-06,KMSY,90.0,74.0,82.2,101.8,24,24,24
2026-07-06,KNEW,89.0,76.0,83.5,101.7,24,24,24
2026-07-07,KASD,91.0,72.0,80.4,100.7,24,24,24
2026-07-07,KBTR,88.0,72.0,78.6,97.9,24,24,24
2026-07-07,KHUM,89.6,77.0,82.8,100.3,13,13,24
2026-07-07,KMSY,91.0,76.0,82.1,99.6,24,24,24
2026-07-07,KNEW,90.0,75.0,81.8,99.4,24,24,24
2026-07-08,KASD,92.0,72.0,81.0,99.4,24,24,24
2026-07-08,KBTR,93.0,73.0,79.6,103.3,24,24,24
2026-07-08,KHUM,87.8,73.4,83.0,97.8,13,13,24
2026-07-08,KMSY,89.0,75.0,81.4,100.4,24,24,24
2026-07-08,KNEW,88.0,79.0,84.2,98.8,24,24,24
2026-07-09,KASD,92.0,74.0,82.1,100.6,24,24,24
2026-07-09,KBTR,92.0,73.0,81.9,102.0,24,24,24
2026-07-09,KHUM,89.6,75.2,82.7,100.3,12,12,24
2026-07-09,KMSY,89.0,77.0,82.5,99.2,24,24,24
2026-07-09,KNEW,91.0,78.0,84.0,103.2,24,24,24
2026-07-10,KASD,91.0,75.0,82.3,99.6,24,24,24
2026-07-10,KBTR,87.0,75.0,80.4,97.2,24,24,24
2026-07-10,KHUM,87.8,69.8,81.9,102.4,14,13,24
2026-07-10,KMSY,89.0,79.0,83.9,101.7,24,24,24
2026-07-10,KNEW,89.0,78.0,83.7,103.1,24,24,24
2026-07-11,KASD,93.0,74.0,79.7,103.3,24,24,24
2026-07-11,KBTR,91.0,74.0,79.1,101.9,24,24,24
2026-07-11,KHUM,89.6,75.2,81.4,105.2,14,14,24
2026-07-11,KMSY,89.0,76.0,81.7,100.4,24,24,24
2026-07-11,KNEW,90.0,77.0,82.7,103.2,24,24,24
2026-07-12,KASD,90.0,74.0,79.2,101.8,24,24,24
2026-07-12,KBTR,88.0,73.0,78.1,98.8,24,24,24
2026-07-12,KHUM,86.0,73.4,81.2,95.2,13,13,24
2026-07-12,KMSY,90.0,76.0,80.1,101.8,24,24,24
2026-07-12,KNEW,87.0,78.0,81.5,97.6,24,24,24
2026-07-13,KASD,80.0,74.0,76.8,84.9,24,24,24
2026-07-13,KBTR,80.0,75.0,77.2,84.1,24,24,24
2026-07-13,KHUM,84.2,73.4,78.7,91.0,14,14,24
2026-07-13,KMSY,84.0,73.0,78.2,91.1,24,24,24
2026-07-13,KNEW,84.0,77.0,80.5,92.9,24,24,24
2026-07-14,KASD,80.0,74.0,77.1,84.5,24,24,24
2026-07-14,KBTR,83.0,73.0,77.4,87.7,24,24,24
2026-07-14,KHUM,86.0,68.0,78.2,90.6,14,14,24
2026-07-14,KMSY,84.0,73.0,77.9,90.4,24,24,24
2026-07-14,KNEW,83.0,74.0,79.3,89.6,24,24,24
2026-07-15,KASD,91.0,73.0,81.4,97.6,24,24,24
2026-07-15,KBTR,90.0,74.0,81.3,98.4,24,24,24
2026-07-15,KHUM,89.6,75.2,83.8,102.4,14,14,24
2026-07-15,KMSY,92.0,76.0,83.6,98.9,24,24,24
2026-07-15,KNEW,90.0,79.0,84.7,99.0,24,24,24
2026-07-16,KASD,91.0,72.0,81.6,96.7,24,24,24
2026-07-16,KBTR,91.0,76.0,83.0,103.2,24,24,24
2026-07-16,KHUM,91.4,73.4,85.1,107.9,14,14,24
2026-07-16,KMSY,91.0,78.0,84.7,103.2,24,24,24
2026-07-16,KNEW,91.0,80.0,85.3,103.2,24,24,24
2026-07-17,KASD,93.0,75.0,83.8,106.0,24,24,24
2026-07-17,KBTR,93.0,76.0,85.2,104.6,24,24,24
2026-07-17,KHUM,93.2,77.0,87.4,105.2,14,14,24
2026-07-17,KMSY,93.0,79.0,85.2,103.3,24,24,24
2026-07-17,KNEW,92.0,83.0,87.1,104.6,24,24,24
2026-07-18,KASD,95.0,77.0,85.2,107.2,24,24,24
2026-07-18,KBTR,94.0,77.0,85.0,101.3,24,24,24
2026-07-18,KHUM,95.0,80.6,89.7,102.7,13,13,24
2026-07-18,KMSY,94.0,80.0,85.5,106.0,24,24,24
2026-07-18,KNEW,92.0,84.0,87.5,106.2,24,24,24
2026-07-19,KASD,95.0,75.0,85.0,103.6,24,24,24
2026-07-19,KBTR,94.0,74.0,84.3,105.9,24,24,24
2026-07-19,KHUM,93.2,78.8,88.7,102.9,12,12,24
2026-07-19,KMSY,94.0,77.0,85.0,103.2,24,24,24
2026-07-19,KNEW,92.0,83.0,87.8,106.2,24,24,24
2026-07-20,KASD,96.0,74.0,85.0,103.6,24,24,24
2026-07-20,KBTR,94.0,77.0,85.2,107.3,24,24,24
2026-07-20,KHUM,95.0,78.8,88.8,105.2,14,14,24
2026-07-20,KMSY,94.0,79.0,86.9,104.6,24,24,24
2026-07-20,KNEW,93.0,83.0,88.5,109.3,24,24,24
2026-07-21,KASD,95.0,76.0,85.1,105.9,24,24,24
2026-07-21,KBTR,92.0,79.0,83.7,109.1,24,24,24
2026-07-21,KHUM,93.2,80.6,86.0,107.9,12,12,24
2026-07-21,KMSY,95.0,83.0,87.0,111.6,24,24,24
2026-07-21,KNEW,95.0,84.0,87.8,115.1,24,24,24
2026-07-22,KASD,84.0,78.0,80.5,96.0,24,24,24
2026-07-22,KBTR,94.0,77.0,85.1,107.3,24,24,24
2026-07-22,KHUM,89.6,78.8,83.9,100.3,14,14,24
2026-07-22,KMSY,87.0,80.0,83.2,98.8,24,24,24
2026-07-22,KNEW,87.0,81.0,83.2,101.1,24,24,24
2026-07-23,KASD,88.0,78.0,83.5,100.3,24,24,24
2026-07-23,KBTR,91.0,79.0,84.2,100.4,24,24,24
2026-07-23,KHUM,87.8,80.6,84.3,100.0,14,14,24
2026-07-23,KMSY,90.0,80.0,84.0,100.6,24,24,24
2026-07-23,KNEW,91.0,80.0,83.6,101.9,24,24,24
2026-07-24,KASD,92.0,75.0,84.0,98.9,24,24,24
2026-07-24,KBTR,95.0,77.0,85.8,103.2,24,24,24
2026-07-24,KHUM,89.6,75.2,85.7,100.3,13,13,24
2026-07-24,KMSY,92.0,78.0,84.5,102.0,24,24,24
2026-07-24,KNEW,90.0,79.0,84.2,103.2,24,24,24
2026-07-25,KASD,93.0,73.0,82.8,99.2,24,24,24
2026-07-25,KBTR,93.0,76.0,85.0,103.3,24,24,24
2026-07-25,KHUM,91.4,75.2,87.3,107.9,11,11,24
2026-07-25,KMSY,93.0,77.0,84.8,103.3,24,24,24
2026-07-25,KNEW,91.0,81.0,85.8,104.6,24,24,24
2026-07-26,KASD,93.0,76.0,84.7,103.3,24,24,24
2026-07-26,KBTR,94.0,77.0,85.6,104.6,24,24,24
2026-07-26,KHUM,93.2,75.2,87.8,105.1,13,13,24
2026-07-26,KMSY,94.0,78.0,85.6,103.5,24,24,24
2026-07-26,KNEW,92.0,82.0,86.6,104.6,24,24,24
2026-07-27,KASD,94.0,78.0,86.3,107.3,23,23,24
2026-07-27,KBTR,94.0,78.0,85.9,104.6,23,23,24
2026-07-27,KHUM,93.2,77.0,87.6,105.1,12,12,24
2026-07-27,KMSY,95.0,79.0,86.2,107.3,23,23,24
2026-07-27,KNEW,92.0,83.0,87.6,107.5,23,23,24
2026-07-28,KASD,94.0,79.0,86.2,108.7,24,24,24
2026-07-28,KBTR,94.0,78.0,85.5,105.9,24,24,24
2026-07-28,KHUM,93.2,80.6,88.5,105.1,13,13,24
2026-07-28,KMSY,94.0,79.0,86.1,105.9,24,24,24
2026-07-28,KNEW,92.0,84.0,87.8,107.6,24,24,24
2026-07-29,KASD,93.0,78.0,85.8,106.0,24,24,24
2026-07-29,KBTR,93.0,78.0,85.0,104.6,24,24,24
2026-07-29,KHUM,93.2,78.8,87.9,105.1,14,14,24
2026-07-29,KMSY,93.0,79.0,85.4,104.6,24,24,24
2026-07-29,KNEW,92.0,84.0,87.5,106.1,24,24,24
2026-07-30,KASD,94.0,80.0,85.5,108.9,24,24,24
2026-07-30,KBTR,95.0,80.0,87.0,107.5,24,24,24
2026-07-30,KHUM,95.0,78.8,88.4,107.9,14,14,24
2026-07-30,KMSY,95.0,80.0,86.4,105.9,24,24,24
2026-07-30,KNEW,92.0,84.0,87.7,109.3,24,24,24
2026-07-31,KASD,94.0,79.0,86.3,104.6,24,24,24
2026-07-31,KBTR,95.0,80.0,86.5,103.6,24,24,24
2026-07-31,KHUM,93.2,80.6,88.3,102.9,14,14,24
2026-07-31,KMSY,94.0,81.0,86.6,103.5,24,24,24
2026-07-31,KNEW,93.0,84.0,87.7,107.3,24,24,24
2026-08-01,KASD,93.0,80.0,86.7,104.6,24,24,24
2026-08-01,KBTR,96.0,77.0,85.7,106.0,24,24,24
2026-08-01,KHUM,93.2,80.6,89.1,107.6,12,12,24
2026-08-01,KMSY,95.0,78.0,85.9,107.3,24,24,24
2026-08-01,KNEW,94.0,82.0,87.3,108.7,24,24,24
2026-08-02,KASD,85.0,76.0,81.6,96.7,24,24,24
2026-08-02,KBTR,89.0,77.0,82.9,94.1,24,24,24
2026-08-02,KHUM,82.4,75.2,78.4,88.3,12,12,24
2026-08-02,KMSY,83.0,76.0,80.2,92.9,24,24,24
2026-08-02,KNEW,85.0,75.0,81.6,99.2,24,24,24
2026-08-03,KASD,91.0,70.0,79.9,95.1,24,24,24
2026-08-03,KBTR,92.0,73.0,82.8,96.3,24,24,24
2026-08-03,KHUM,91.4,73.4,84.6,97.0,12,12,24
2026-08-03,KMSY,93.0,75.0,83.8,98.3,24,24,24
2026-08-03,KNEW,90.0,76.0,84.4,94.7,24,24,24
2026-08-04,KASD,93.0,70.0,82.8,96.0,22,22,24
2026-08-04,KBTR,94.0,73.0,82.4,100.4,24,24,24
2026-08-04,KHUM,91.4,73.4,83.0,100.6,14,14,24
2026-08-04,KMSY,93.0,76.0,83.8,99.4,24,24,24
2026-08-04,KNEW,92.0,80.0,85.0,96.8,24,24,24
2026-08-05,KASD,93.0,73.0,81.4,100.9,24,24,24
2026-08-05,KBTR,96.0,75.0,82.8,102.9,24,24,24
2026-08-05,KHUM,87.8,77.0,85.1,100.0,12,12,24
2026-08-05,KMSY,94.0,77.0,82.5,107.3,24,24,24
2026-08-05,KNEW,90.0,80.0,84.8,101.7,24,24,24
2026-08-06,KASD,93.0,73.0,81.2,100.7,24,24,24
2026-08-06,KBTR,90.0,76.0,81.5,96.5,24,24,24
2026-08-06,KHUM,89.6,77.0,82.7,100.3,11,11,24
2026-08-06,KMSY,91.0,77.0,82.2,100.7,24,24,24
2026-08-06,KNEW,90.0,81.0,84.5,100.4,24,24,24
2026-08-07,KASD,90.0,72.0,80.8,99.4,24,24,24
2026-08-07,KBTR,95.0,74.0,82.5,101.6,20,20,24
2026-08-07,KHUM,91.4,73.4,81.6,102.7,14,14,24
2026-08-07,KMSY,90.0,76.0,83.2,99.4,24,24,24
2026-08-07,KNEW,89.0,81.0,84.8,100.3,24,24,24
2026-08-08,KASD,91.0,72.0,82.0,100.7,24,24,24
2026-08-08,KBTR,,,,,0,0,24
2026-08-08,KHUM,89.6,75.2,84.8,102.6,14,14,24
2026-08-08,KMSY,90.0,77.0,83.7,100.6,24,24,24
2026-08-08,KNEW,92.0,81.0,85.7,102.0,24,24,24
2026-08-09,KASD,92.0,72.0,81.5,100.6,24,24,24
2026-08-09,KBTR,,,,,0,0,24
2026-08-09,KHUM,89.6,75.2,83.8,102.6,14,14,24
2026-08-09,KMSY,90.0,76.0,82.4,101.8,24,24,24
2026-08-09,KNEW,89.0,80.0,84.5,97.9,24,24,24
2026-08-10,KASD,92.0,74.0,81.5,101.9,24,24,24
2026-08-10,KBTR,88.0,77.0,82.0,99.0,13,13,24
2026-08-10,KHUM,89.6,75.2,84.8,100.3,14,14,24
2026-08-10,KMSY,92.0,77.0,84.0,100.9,24,24,24
2026-08-10,KNEW,91.0,81.0,83.9,101.9,24,24,24
2026-08-11,KASD,93.0,75.0,84.3,101.1,24,24,24
2026-08-11,KBTR,96.0,74.0,85.0,104.9,24,24,24
2026-08-11,KHUM,91.4,75.2,85.9,102.7,14,14,24
2026-08-11,KMSY,92.0,78.0,84.5,103.3,24,24,24
2026-08-11,KNEW,90.0,81.0,85.5,103.2,24,24,24
2026-08-12,KASD,93.0,75.0,84.4,103.3,24,24,24
2026-08-12,KBTR,96.0,77.0,86.3,106.0,24,24,24
2026-08-12,KHUM,91.4,78.8,85.7,107.9,13,13,24
2026-08-12,KMSY,93.0,78.0,84.5,108.9,24,24,24
2026-08-12,KNEW,83.0,81.0,82.0,92.0,4,4,24
2026-08-13,KASD,95.0,79.0,86.8,103.3,24,24,24
2026-08-13,KBTR,98.0,80.0,87.5,109.9,24,24,24
2026-08-13,KHUM,93.2,78.8,87.9,105.1,13,13,24
2026-08-13,KMSY,95.0,80.0,86.4,104.8,24,24,24
2026-08-13,KNEW,94.0,83.0,88.1,107.5,20,20,24
2026-08-14,KASD,95.0,74.0,85.7,101.3,24,24,24
2026-08-14,KBTR,97.0,75.0,86.2,103.2,24,24,24
2026-08-14,KHUM,93.2,75.2,86.3,105.1,13,13,24
2026-08-14,KMSY,95.0,77.0,85.5,104.8,24,24,24
2026-08-14,KNEW,93.0,82.0,87.1,107.3,24,24,24
2026-08-15,KASD,95.0,75.0,86.1,104.6,24,24,24
2026-08-15,KBTR,97.0,78.0,87.7,105.1,24,24,24
2026-08-15,KHUM,95.0,77.0,88.3,110.4,14,14,24
2026-08-15,KMSY,96.0,79.0,86.8,103.2,24,24,24
2026-08-15,KNEW,94.0,82.0,87.5,106.0,24,24,24
2026-08-16,KASD,95.0,77.0,84.6,110.0,24,24,24
2026-08-16,KBTR,97.0,78.0,85.3,108.6,24,24,24
2026-08-16,KHUM,93.2,77.0,87.9,107.9,14,14,24
2026-08-16,KMSY,96.0,79.0,87.0,105.9,24,24,24
2026-08-16,KNEW,94.0,84.0,87.9,104.6,24,24,24
2026-08-17,KASD,96.0,76.0,85.5,111.6,24,24,24
2026-08-17,KBTR,96.0,79.0,86.5,108.6,24,24,24
2026-08-17,KHUM,93.2,78.8,87.9,105.1,14,14,24
2026-08-17,KMSY,93.0,79.0,85.8,107.5,24,24,24
2026-08-17,KNEW,93.0,85.0,87.6,107.6,24,24,24
2026-08-18,KASD,96.0,78.0,84.7,105.9,24,24,24
2026-08-18,KBTR,96.0,79.0,87.0,108.5,24,24,24
2026-08-18,KHUM,93.2,77.0,87.5,107.6,14,14,24
2026-08-18,KMSY,95.0,80.0,86.2,105.9,24,24,24
2026-08-18,KNEW,94.0,84.0,87.7,107.3,24,24,24
2026-08-19,KASD,96.0,77.0,85.9,107.2,24,24,24
2026-08-19,KBTR,96.0,79.0,86.8,107.2,24,24,24
2026-08-19,KHUM,93.2,78.8,88.4,107.6,13,13,24
2026-08-19,KMSY,95.0,79.0,85.8,105.9,24,24,24
2026-08-19,KNEW,93.0,83.0,87.3,107.5,24,24,24
2026-08-20,KASD,94.0,79.0,86.4,105.9,24,24,24
2026-08-20,KBTR,95.0,78.0,86.5,102.4,24,24,24
2026-08-20,KHUM,93.2,75.2,87.4,100.9,13,13,24
2026-08-20,KMSY,95.0,77.0,85.8,101.6,24,24,24
2026-08-20,KNEW,93.0,83.0,87.1,103.0,24,24,24
2026-08-21,KASD,95.0,73.0,81.7,108.6,24,24,24
2026-08-21,KBTR,99.0,74.0,83.7,108.8,24,24,24
2026-08-21,KHUM,95.0,77.0,88.8,107.5,13,13,24
2026-08-21,KMSY,96.0,76.0,85.0,107.2,24,24,24
2026-08-21,KNEW,94.0,77.0,85.7,110.2,24,24,24
2026-08-22,KASD,96.0,72.0,83.1,107.3,24,24,24
2026-08-22,KBTR,98.0,74.0,85.4,112.7,24,24,24
2026-08-22,KHUM,93.2,73.4,86.4,110.4,14,14,24
2026-08-22,KMSY,95.0,74.0,84.5,107.3,24,24,24
2026-08-22,KNEW,93.0,78.0,86.0,109.1,24,24,24
2026-08-23,KASD,96.0,76.0,84.2,107.2,24,24,24
2026-08-23,KBTR,98.0,79.0,86.5,109.9,24,24,24
2026-08-23,KHUM,96.8,80.6,90.7,110.4,13,13,24
2026-08-23,KMSY,97.0,81.0,86.0,108.5,24,24,24
2026-08-23,KNEW,96.0,84.0,87.3,107.5,24,24,24
2026-08-24,KASD,92.0,74.0,79.7,103.3,24,24,24
2026-08-24,KBTR,92.0,76.0,81.5,104.6,24,24,24
2026-08-24,KHUM,93.2,71.6,84.5,107.9,13,13,24
2026-08-24,KMSY,93.0,76.0,81.7,108.9,24,24,24
2026-08-24,KNEW,91.0,77.0,83.5,109.3,24,24,24
2026-08-25,KASD,92.0,71.0,78.3,104.6,24,24,24
2026-08-25,KBTR,91.0,75.0,80.8,100.0,24,24,24
2026-08-25,KHUM,93.2,73.4,84.2,105.2,13,13,24
2026-08-25,KMSY,93.0,76.0,81.6,104.6,24,24,24
2026-08-25,KNEW,90.0,79.0,83.0,106.1,24,24,24
2026-08-26,KASD,95.0,73.0,83.4,104.6,24,24,24
2026-08-26,KBTR,96.0,75.0,85.3,108.5,24,24,24
2026-08-26,KHUM,91.4,75.2,85.1,107.9,10,10,24
2026-08-26,KMSY,94.0,76.0,84.4,103.3,24,24,24
2026-08-26,KNEW,92.0,78.0,86.1,104.6,24,24,24
2026-08-27,KASD,85.0,72.0,78.2,93.8,24,24,24
2026-08-27,KBTR,88.0,74.0,81.5,96.0,24,24,24
2026-08-27,KHUM,86.0,73.4,79.7,93.5,12,12,24
2026-08-27,KMSY,86.0,74.0,81.1,93.1,24,24,24
2026-08-27,KNEW,86.0,75.0,81.0,96.0,24,24,24
2026-08-28,KASD,93.0,71.0,81.5,100.9,24,24,24
2026-08-28,KBTR,96.0,76.0,85.0,102.0,24,24,24
2026-08-28,KHUM,91.4,77.0,85.4,102.7,12,12,24
2026-08-28,KMSY,92.0,76.0,83.8,100.9,24,24,24
2026-08-28,KNEW,91.0,79.0,84.6,99.6,24,24,24
2026-08-29,KASD,94.0,74.0,83.6,100.6,24,24,24
2026-08-29,KBTR,96.0,75.0,84.0,100.1,24,24,24
2026-08-29,KHUM,93.2,75.2,86.3,102.6,13,13,24
2026-08-29,KMSY,94.0,79.0,86.0,100.4,24,24,24
2026-08-29,KNEW,94.0,83.0,86.0,99.4,24,24,24
2026-08-30,KASD,89.0,74.0,81.3,98.1,24,24,24
2026-08-30,KBTR,93.0,74.0,82.0,100.1,24,24,24
2026-08-30,KHUM,87.8,78.8,85.2,100.0,13,13,24
2026-08-30,KMSY,90.0,82.0,84.9,98.8,24,24,24
2026-08-30,KNEW,88.0,81.0,84.4,99.0,24,24,24
2026-08-31,KASD,89.0,76.0,81.8,99.2,24,24,24
2026-08-31,KBTR,92.0,75.0,80.8,102.0,24,24,24
2026-08-31,KHUM,87.8,77.0,83.7,100.0,14,14,24
2026-08-31,KMSY,89.0,78.0,83.8,100.4,24,24,24
2026-08-31,KNEW,88.0,79.0,84.1,99.0,24,24,24
2026-09-01,KASD,92.0,75.0,82.0,100.9,24,24,24
2026-09-01,KBTR,88.0,76.0,79.8,100.3,24,24,24
2026-09-01,KHUM,87.8,78.8,83.9,102.4,12,12,24
2026-09-01,KMSY,90.0,80.0,83.2,100.6,24,24,24
2026-09-01,KNEW,90.0,81.0,84.0,101.8,24,24,24
2026-09-02,KASD,90.0,74.0,80.2,98.4,24,24,24
2026-09-02,KBTR,94.0,75.0,81.5,102.4,24,24,24
2026-09-02,KHUM,87.8,75.2,83.1,102.4,13,13,24
2026-09-02,KMSY,91.0,78.0,82.7,100.7,24,24,24
2026-09-02,KNEW,91.0,80.0,84.7,100.3,24,24,24
2026-09-03,KASD,92.0,73.0,82.2,103.2,23,23,24
2026-09-03,KBTR,95.0,74.0,83.4,102.6,23,23,24
2026-09-03,KHUM,91.4,75.2,83.0,102.7,12,12,24
2026-09-03,KMSY,89.0,77.0,83.0,100.4,23,23,24
2026-09-03,KNEW,92.0,81.0,85.5,101.7,23,23,24
2026-09-04,KASD,86.0,74.0,79.0,95.0,24,24,24
2026-09-04,KBTR,90.0,75.0,80.8,98.4,24,24,24
2026-09-04,KHUM,89.6,77.0,81.4,98.3,13,13,24
2026-09-04,KMSY,87.0,75.0,81.5,96.5,24,24,24
2026-09-04,KNEW,87.0,77.0,82.8,98.8,24,24,24
2026-09-05,KASD,86.0,76.0,79.3,96.1,24,24,24
2026-09-05,KBTR,92.0,74.0,80.4,101.9,24,24,24
2026-09-05,KHUM,89.6,75.2,80.3,100.3,13,13,24
2026-09-05,KMSY,89.0,77.0,80.2,99.2,24,24,24
2026-09-05,KNEW,89.0,77.0,82.2,100.4,24,24,24
