date,ldh_region,high_f,low_f,average_f,peak_heat_index_f,morning_low_f,hi_hours_105,hi_hours_108,hi_2day_mean_f,hi_3day_mean_f,consecutive_hi108_days,temperature_hours,heat_index_hours,expected_hours,weather_sources,fallback_used,source_count,population_2020
2023-01-01,1,,,,,,,,,,,,,,,,0,892057
2023-01-01,2,,,,,,,,,,,,,,,,0,696328
2023-01-01,3,,,,,,,,,,,,,,,,0,343394
2023-01-01,9,,,,,,,,,,,,,,,,0,596392
2023-01-02,1,,,,,,,,,,,,,,,,0,892057
2023-01-02,2,,,,,,,,,,,,,,,,0,696328
2023-01-02,3,,,,,,,,,,,,,,,,0,343394
2023-01-02,9,,,,,,,,,,,,,,,,0,596392
2023-01-03,1,,,,,,,,,,,,,,,,0,892057
2023-01-03,2,,,,,,,,,,,,,,,,0,696328
2023-01-03,3,,,,,,,,,,,,,,,,0,343394
2023-01-03,9,,,,,,,,,,,,,,,,0,596392
2023-01-04,1,,,,,,,,,,,,,,,,0,892057
2023-01-04,2,,,,,,,,,,,,,,,,0,696328
2023-01-04,3,,,,,,,,,,,,,,,,0,343394
2023-01-04,9,,,,,,,,,,,,,,,,0,596392
2023-01-05,1,,,,,,,,,,,,,,,,0,892057
2023-01-05,2,,,,,,,,,,,,,,,,0,696328
2023-01-05,3,,,,,,,,,,,,,,,,0,343394
2023-01-05,9,,,,,,,,,,,,,,,,0,596392
2023-01-06,1,,,,,,,,,,,,,,,,0,892057
2023-01-06,2,,,,,,,,,,,,,,,,0,696328
2023-01-06,3,,,,,,,,,,,,,,,,0,343394
2023-01-06,9,,,,,,,,,,,,,,,,0,596392
2023-01-07,1,,,,,,,,,,,,,,,,0,892057
2023-01-07,2,,,,,,,,,,,,,,,,0,696328
2023-01-07,3,,,,,,,,,,,,,,,,0,343394
2023-01-07,9,,,,,,,,,,,,,,,,0,596392
2023-01-08,1,,,,,,,,,,,,,,,,0,892057
2023-01-08,2,,,,,,,,,,,,,,,,0,696328
2023-01-08,3,,,,,,,,,,,,,,,,0,343394
2023-01-08,9,,,,,,,,,,,,,,,,0,596392
2023-01-09,1,,,,,,,,,,,,,,,,0,892057
2023-01-09,2,,,,,,,,,,,,,,,,0,696328
2023-01-09,3,,,,,,,,,,,,,,,,0,343394
2023-01-09,9,,,,,,,,,,,,,,,,0,596392
2023-01-10,1,,,,,,,,,,,,,,,,0,892057
2023-01-10,2,,,,,,,,,,,,,,,,0,696328
2023-01-10,3,,,,,,,,,,,,,,,,0,343394
2023-01-10,9,,,,,,,,,,,,,,,,0,596392
2023-01-11,1,,,,,,,,,,,,,,,,0,892057
2023-01-11,2,,,,,,,,,,,,,,,,0,696328
2023-01-11,3,,,,,,,,,,,,,,,,0,343394
2023-01-11,9,,,,,,,,,,,,,,,,0,596392
2023-01-12,1,,,,,,,,,,,,,,,,0,892057
2023-01-12,2,,,,,,,,,,,,,,,,0,696328
2023-01-12,3,,,,,,,,,,,,,,,,0,343394
2023-01-12,9,,,,,,,,,,,,,,,,0,596392
2023-01-13,1,,,,,,,,,,,,,,,,0,892057
2023-01-13,2,,,,,,,,,,,,,,,,0,696328
2023-01-13,3,,,,,,,,,,,,,,,,0,343394
2023-01-13,9,,,,,,,,,,,,,,,,0,596392
2023-01-14,1,,,,,,,,,,,,,,,,0,892057
2023-01-14,2,,,,,,,,,,,,,,,,0,696328
2023-01-14,3,,,,,,,,,,,,,,,,0,343394
2023-01-14,9,,,,,,,,,,,,,,,,0,596392
2023-01-15,1,,,,,,,,,,,,,,,,0,892057
2023-01-15,2,,,,,,,,,,,,,,,,0,696328
2023-01-15,3,,,,,,,,,,,,,,,,0,343394
2023-01-15,9,,,,,,,,,,,,,,,,0,596392
2023-01-16,1,,,,,,,,,,,,,,,,0,892057
2023-01-16,2,,,,,,,,,,,,,,,,0,696328
2023-01-16,3,,,,,,,,,,,,,,,,0,343394
2023-01-16,9,,,,,,,,,,,,,,,,0,596392
2023-01-17,1,,,,,,,,,,,,,,,,0,892057
2023-01-17,2,,,,,,,,,,,,,,,,0,696328
2023-01-17,3,,,,,,,,,,,,,,,,0,343394
2023-01-17,9,,,,,,,,,,,,,,,,0,596392
2023-01-18,1,,,,,,,,,,,,,,,,0,892057
2023-01-18,2,,,,,,,,,,,,,,,,0,696328
2023-01-18,3,,,,,,,,,,,,,,,,0,343394
2023-01-18,9,,,,,,,,,,,,,,,,0,596392
2023-01-19,1,,,,,,,,,,,,,,,,0,892057
2023-01-19,2,,,,,,,,,,,,,,,,0,696328
2023-01-19,3,,,,,,,,,,,,,,,,0,343394
2023-01-19,9,,,,,,,,,,,,,,,,0,596392
2023-01-20,1,,,,,,,,,,,,,,,,0,892057
2023-01-20,2,,,,,,,,,,,,,,,,0,696328
2023-01-20,3,,,,,,,,,,,,,,,,0,343394
2023-01-20,9,,,,,,,,,,,,,,,,0,596392
2023-01-21,1,,,,,,,,,,,,,,,,0,892057
2023-01-21,2,,,,,,,,,,,,,,,,0,696328
2023-01-21,3,,,,,,,,,,,,,,,,0,343394
2023-01-21,9,,,,,,,,,,,,,,,,0,596392
2023-01-22,1,,,,,,,,,,,,,,,,0,892057
2023-01-22,2,,,,,,,,,,,,,,,,0,696328
2023-01-22,3,,,,,,,,,,,,,,,,0,343394
2023-01-22,9,,,,,,,,,,,,,,,,0,596392
2023-01-23,1,,,,,,,,,,,,,,,,0,892057
2023-01-23,2,,,,,,,,,,,,,,,,0,696328
2023-01-23,3,,,,,,,,,,,,,,,,0,343394
2023-01-23,9,,,,,,,,,,,,,,,,0,596392
2023-01-24,1,,,,,,,,,,,,,,,,0,892057
2023-01-24,2,,,,,,,,,,,,,,,,0,696328
2023-01-24,3,,,,,,,,,,,,,,,,0,343394
2023-01-24,9,,,,,,,,,,,,,,,,0,596392
2023-01-25,1,,,,,,,,,,,,,,,,0,892057
2023-01-25,2,,,,,,,,,,,,,,,,0,696328
2023-01-25,3,,,,,,,,,,,,,,,,0,343394
2023-01-25,9,,,,,,,,,,,,,,,,0,596392
2023-01-26,1,,,,,,,,,,,,,,,,0,892057
2023-01-26,2,,,,,,,,,,,,,,,,0,696328
2023-01-26,3,,,,,,,,,,,,,,,,0,343394
2023-01-26,9,,,,,,,,,,,,,,,,0,596392
2023-01-27,1,,,,,,,,,,,,,,,,0,892057
2023-01-27,2,,,,,,,,,,,,,,,,0,696328
2023-01-27,3,,,,,,,,,,,,,,,,0,343394
2023-01-27,9,,,,,,,,,,,,,,,,0,596392
2023-01-28,1,,,,,,,,,,,,,,,,0,892057
2023-01-28,2,,,,,,,,,,,,,,,,0,696328
2023-01-28,3,,,,,,,,,,,,,,,,0,343394
2023-01-28,9,,,,,,,,,,,,,,,,0,596392
2023-01-29,1,,,,,,,,,,,,,,,,0,892057
2023-01-29,2,,,,,,,,,,,,,,,,0,696328
2023-01-29,3,,,,,,,,,,,,,,,,0,343394
2023-01-29,9,,,,,,,,,,,,,,,,0,596392
2023-01-30,1,,,,,,,,,,,,,,,,0,892057
2023-01-30,2,,,,,,,,,,,,,,,,0,696328
2023-01-30,3,,,,,,,,,,,,,,,,0,343394
2023-01-30,9,,,,,,,,,,,,,,,,0,596392
2023-01-31,1,,,,,,,,,,,,,,,,0,892057
2023-01-31,2,,,,,,,,,,,,,,,,0,696328
2023-01-31,3,,,,,,,,,,,,,,,,0,343394
2023-01-31,9,,,,,,,,,,,,,,,,0,596392
2023-02-01,1,,,,,,,,,,,,,,,,0,892057
2023-02-01,2,,,,,,,,,,,,,,,,0,696328
2023-02-01,3,,,,,,,,,,,,,,,,0,343394
2023-02-01,9,,,,,,,,,,,,,,,,0,596392
2023-02-02,1,,,,,,,,,,,,,,,,0,892057
2023-02-02,2,,,,,,,,,,,,,,,,0,696328
2023-02-02,3,,,,,,,,,,,,,,,,0,343394
2023-02-02,9,,,,,,,,,,,,,,,,0,596392
2023-02-03,1,,,,,,,,,,,,,,,,0,892057
2023-02-03,2,,,,,,,,,,,,,,,,0,696328
2023-02-03,3,,,,,,,,,,,,,,,,0,343394
2023-02-03,9,,,,,,,,,,,,,,,,0,596392
2023-02-04,1,,,,,,,,,,,,,,,,0,892057
2023-02-04,2,,,,,,,,,,,,,,,,0,696328
2023-02-04,3,,,,,,,,,,,,,,,,0,343394
2023-02-04,9,,,,,,,,,,,,,,,,0,596392
2023-02-05,1,,,,,,,,,,,,,,,,0,892057
2023-02-05,2,,,,,,,,,,,,,,,,0,696328
2023-02-05,3,,,,,,,,,,,,,,,,0,343394
2023-02-05,9,,,,,,,,,,,,,,,,0,596392
2023-02-06,1,,,,,,,,,,,,,,,,0,892057
2023-02-06,2,,,,,,,,,,,,,,,,0,696328
2023-02-06,3,,,,,,,,,,,,,,,,0,343394
2023-02-06,9,,,,,,,,,,,,,,,,0,596392
2023-02-07,1,,,,,,,,,,,,,,,,0,892057
2023-02-07,2,,,,,,,,,,,,,,,,0,696328
2023-02-07,3,,,,,,,,,,,,,,,,0,343394
2023-02-07,9,,,,,,,,,,,,,,,,0,596392
2023-02-08,1,,,,,,,,,,,,,,,,0,892057
2023-02-08,2,,,,,,,,,,,,,,,,0,696328
2023-02-08,3,,,,,,,,,,,,,,,,0,343394
2023-02-08,9,,,,,,,,,,,,,,,,0,596392
2023-02-09,1,,,,,,,,,,,,,,,,0,892057
2023-02-09,2,,,,,,,,,,,,,,,,0,696328
2023-02-09,3,,,,,,,,,,,,,,,,0,343394
2023-02-09,9,,,,,,,,,,,,,,,,0,596392
2023-02-10,1,,,,,,,,,,,,,,,,0,892057
2023-02-10,2,,,,,,,,,,,,,,,,0,696328
2023-02-10,3,,,,,,,,,,,,,,,,0,343394
2023-02-10,9,,,,,,,,,,,,,,,,0,596392
2023-02-11,1,,,,,,,,,,,,,,,,0,892057
2023-02-11,2,,,,,,,,,,,,,,,,0,696328
2023-02-11,3,,,,,,,,,,,,,,,,0,343394
2023-02-11,9,,,,,,,,,,,,,,,,0,596392
2023-02-12,1,,,,,,,,,,,,,,,,0,892057
2023-02-12,2,,,,,,,,,,,,,,,,0,696328
2023-02-12,3,,,,,,,,,,,,,,,,0,343394
2023-02-12,9,,,,,,,,,,,,,,,,0,596392
2023-02-13,1,,,,,,,,,,,,,,,,0,892057
2023-02-13,2,,,,,,,,,,,,,,,,0,696328
2023-02-13,3,,,,,,,,,,,,,,,,0,343394
2023-02-13,9,,,,,,,,,,,,,,,,0,596392
2023-02-14,1,,,,,,,,,,,,,,,,0,892057
2023-02-14,2,,,,,,,,,,,,,,,,0,696328
2023-02-14,3,,,,,,,,,,,,,,,,0,343394
2023-02-14,9,,,,,,,,,,,,,,,,0,596392
2023-02-15,1,,,,,,,,,,,,,,,,0,892057
2023-02-15,2,,,,,,,,,,,,,,,,0,696328
2023-02-15,3,,,,,,,,,,,,,,,,0,343394
2023-02-15,9,,,,,,,,,,,,,,,,0,596392
2023-02-16,1,,,,,,,,,,,,,,,,0,892057
2023-02-16,2,,,,,,,,,,,,,,,,0,696328
2023-02-16,3,,,,,,,,,,,,,,,,0,343394
2023-02-16,9,,,,,,,,,,,,,,,,0,596392
2023-02-17,1,,,,,,,,,,,,,,,,0,892057
2023-02-17,2,,,,,,,,,,,,,,,,0,696328
2023-02-17,3,,,,,,,,,,,,,,,,0,343394
2023-02-17,9,,,,,,,,,,,,,,,,0,596392
2023-02-18,1,,,,,,,,,,,,,,,,0,892057
2023-02-18,2,,,,,,,,,,,,,,,,0,696328
2023-02-18,3,,,,,,,,,,,,,,,,0,343394
2023-02-18,9,,,,,,,,,,,,,,,,0,596392
2023-02-19,1,,,,,,,,,,,,,,,,0,892057
2023-02-19,2,,,,,,,,,,,,,,,,0,696328
2023-02-19,3,,,,,,,,,,,,,,,,0,343394
2023-02-19,9,,,,,,,,,,,,,,,,0,596392
2023-02-20,1,,,,,,,,,,,,,,,,0,892057
2023-02-20,2,,,,,,,,,,,,,,,,0,696328
2023-02-20,3,,,,,,,,,,,,,,,,0,343394
2023-02-20,9,,,,,,,,,,,,,,,,0,596392
2023-02-21,1,,,,,,,,,,,,,,,,0,892057
2023-02-21,2,,,,,,,,,,,,,,,,0,696328
2023-02-21,3,,,,,,,,,,,,,,,,0,343394
2023-02-21,9,,,,,,,,,,,,,,,,0,596392
2023-02-22,1,,,,,,,,,,,,,,,,0,892057
2023-02-22,2,,,,,,,,,,,,,,,,0,696328
2023-02-22,3,,,,,,,,,,,,,,,,0,343394
2023-02-22,9,,,,,,,,,,,,,,,,0,596392
2023-02-23,1,,,,,,,,,,,,,,,,0,892057
2023-02-23,2,,,,,,,,,,,,,,,,0,696328
2023-02-23,3,,,,,,,,,,,,,,,,0,343394
2023-02-23,9,,,,,,,,,,,,,,,,0,596392
2023-02-24,1,,,,,,,,,,,,,,,,0,892057
2023-02-24,2,,,,,,,,,,,,,,,,0,696328
2023-02-24,3,,,,,,,,,,,,,,,,0,343394
2023-02-24,9,,,,,,,,,,,,,,,,0,596392
2023-02-25,1,,,,,,,,,,,,,,,,0,892057
2023-02-25,2,,,,,,,,,,,,,,,,0,696328
2023-02-25,3,,,,,,,,,,,,,,,,0,343394
2023-02-25,9,,,,,,,,,,,,,,,,0,596392
2023-02-26,1,,,,,,,,,,,,,,,,0,892057
2023-02-26,2,,,,,,,,,,,,,,,,0,696328
2023-02-26,3,,,,,,,,,,,,,,,,0,343394
2023-02-26,9,,,,,,,,,,,,,,,,0,596392
2023-02-27,1,,,,,,,,,,,,,,,,0,892057
2023-02-27,2,,,,,,,,,,,,,,,,0,696328
2023-02-27,3,,,,,,,,,,,,,,,,0,343394
2023-02-27,9,,,,,,,,,,,,,,,,0,596392
2023-02-28,1,,,,,,,,,,,,,,,,0,892057
2023-02-28,2,,,,,,,,,,,,,,,,0,696328
2023-02-28,3,,,,,,,,,,,,,,,,0,343394
2023-02-28,9,,,,,,,,,,,,,,,,0,596392
2023-03-01,1,,,,,,,,,,,,,,,,0,892057
2023-03-01,2,,,,,,,,,,,,,,,,0,696328
2023-03-01,3,,,,,,,,,,,,,,,,0,343394
2023-03-01,9,,,,,,,,,,,,,,,,0,596392
2023-03-02,1,,,,,,,,,,,,,,,,0,892057
2023-03-02,2,,,,,,,,,,,,,,,,0,696328
2023-03-02,3,,,,,,,,,,,,,,,,0,343394
2023-03-02,9,,,,,,,,,,,,,,,,0,596392
2023-03-03,1,,,,,,,,,,,,,,,,0,892057
2023-03-03,2,,,,,,,,,,,,,,,,0,696328
2023-03-03,3,,,,,,,,,,,,,,,,0,343394
2023-03-03,9,,,,,,,,,,,,,,,,0,596392
2023-03-04,1,,,,,,,,,,,,,,,,0,892057
2023-03-04,2,,,,,,,,,,,,,,,,0,696328
2023-03-04,3,,,,,,,,,,,,,,,,0,343394
2023-03-04,9,,,,,,,,,,,,,,,,0,596392
2023-03-05,1,,,,,,,,,,,,,,,,0,892057
2023-03-05,2,,,,,,,,,,,,,,,,0,696328
2023-03-05,3,,,,,,,,,,,,,,,,0,343394
2023-03-05,9,,,,,,,,,,,,,,,,0,596392
2023-03-06,1,,,,,,,,,,,,,,,,0,892057
2023-03-06,2,,,,,,,,,,,,,,,,0,696328
2023-03-06,3,,,,,,,,,,,,,,,,0,343394
2023-03-06,9,,,,,,,,,,,,,,,,0,596392
2023-03-07,1,,,,,,,,,,,,,,,,0,892057
2023-03-07,2,,,,,,,,,,,,,,,,0,696328
2023-03-07,3,,,,,,,,,,,,,,,,0,343394
2023-03-07,9,,,,,,,,,,,,,,,,0,596392
2023-03-08,1,,,,,,,,,,,,,,,,0,892057
2023-03-08,2,,,,,,,,,,,,,,,,0,696328
2023-03-08,3,,,,,,,,,,,,,,,,0,343394
2023-03-08,9,,,,,,,,,,,,,,,,0,596392
2023-03-09,1,,,,,,,,,,,,,,,,0,892057
2023-03-09,2,,,,,,,,,,,,,,,,0,696328
2023-03-09,3,,,,,,,,,,,,,,,,0,343394
2023-03-09,9,,,,,,,,,,,,,,,,0,596392
2023-03-10,1,,,,,,,,,,,,,,,,0,892057
2023-03-10,2,,,,,,,,,,,,,,,,0,696328
2023-03-10,3,,,,,,,,,,,,,,,,0,343394
2023-03-10,9,,,,,,,,,,,,,,,,0,596392
2023-03-11,1,,,,,,,,,,,,,,,,0,892057
2023-03-11,2,,,,,,,,,,,,,,,,0,696328
2023-03-11,3,,,,,,,,,,,,,,,,0,343394
2023-03-11,9,,,,,,,,,,,,,,,,0,596392
2023-03-12,1,,,,,,,,,,,,,,,,0,892057
2023-03-12,2,,,,,,,,,,,,,,,,0,696328
2023-03-12,3,,,,,,,,,,,,,,,,0,343394
2023-03-12,9,,,,,,,,,,,,,,,,0,596392
2023-03-13,1,,,,,,,,,,,,,,,,0,892057
2023-03-13,2,,,,,,,,,,,,,,,,0,696328
2023-03-13,3,,,,,,,,,,,,,,,,0,343394
2023-03-13,9,,,,,,,,,,,,,,,,0,596392
2023-03-14,1,,,,,,,,,,,,,,,,0,892057
2023-03-14,2,,,,,,,,,,,,,,,,0,696328
2023-03-14,3,,,,,,,,,,,,,,,,0,343394
2023-03-14,9,,,,,,,,,,,,,,,,0,596392
2023-03-15,1,,,,,,,,,,,,,,,,0,892057
2023-03-15,2,,,,,,,,,,,,,,,,0,696328
2023-03-15,3,,,,,,,,,,,,,,,,0,343394
2023-03-15,9,,,,,,,,,,,,,,,,0,596392
2023-03-16,1,,,,,,,,,,,,,,,,0,892057
2023-03-16,2,,,,,,,,,,,,,,,,0,696328
2023-03-16,3,,,,,,,,,,,,,,,,0,343394
2023-03-16,9,,,,,,,,,,,,,,,,0,596392
2023-03-17,1,,,,,,,,,,,,,,,,0,892057
2023-03-17,2,,,,,,,,,,,,,,,,0,696328
2023-03-17,3,,,,,,,,,,,,,,,,0,343394
2023-03-17,9,,,,,,,,,,,,,,,,0,596392
2023-03-18,1,,,,,,,,,,,,,,,,0,892057
2023-03-18,2,,,,,,,,,,,,,,,,0,696328
2023-03-18,3,,,,,,,,,,,,,,,,0,343394
2023-03-18,9,,,,,,,,,,,,,,,,0,596392
2023-03-19,1,,,,,,,,,,,,,,,,0,892057
2023-03-19,2,,,,,,,,,,,,,,,,0,696328
2023-03-19,3,,,,,,,,,,,,,,,,0,343394
2023-03-19,9,,,,,,,,,,,,,,,,0,596392
2023-03-20,1,,,,,,,,,,,,,,,,0,892057
2023-03-20,2,,,,,,,,,,,,,,,,0,696328
2023-03-20,3,,,,,,,,,,,,,,,,0,343394
2023-03-20,9,,,,,,,,,,,,,,,,0,596392
2023-03-21,1,,,,,,,,,,,,,,,,0,892057
2023-03-21,2,,,,,,,,,,,,,,,,0,696328
2023-03-21,3,,,,,,,,,,,,,,,,0,343394
2023-03-21,9,,,,,,,,,,,,,,,,0,596392
2023-03-22,1,,,,,,,,,,,,,,,,0,892057
2023-03-22,2,,,,,,,,,,,,,,,,0,696328
2023-03-22,3,,,,,,,,,,,,,,,,0,343394
2023-03-22,9,,,,,,,,,,,,,,,,0,596392
2023-03-23,1,,,,,,,,,,,,,,,,0,892057
2023-03-23,2,,,,,,,,,,,,,,,,0,696328
2023-03-23,3,,,,,,,,,,,,,,,,0,343394
2023-03-23,9,,,,,,,,,,,,,,,,0,596392
2023-03-24,1,,,,,,,,,,,,,,,,0,892057
2023-03-24,2,,,,,,,,,,,,,,,,0,696328
2023-03-24,3,,,,,,,,,,,,,,,,0,343394
2023-03-24,9,,,,,,,,,,,,,,,,0,596392
2023-03-25,1,,,,,,,,,,,,,,,,0,892057
2023-03-25,2,,,,,,,,,,,,,,,,0,696328
2023-03-25,3,,,,,,,,,,,,,,,,0,343394
2023-03-25,9,,,,,,,,,,,,,,,,0,596392
2023-03-26,1,,,,,,,,,,,,,,,,0,892057
2023-03-26,2,,,,,,,,,,,,,,,,0,696328
2023-03-26,3,,,,,,,,,,,,,,,,0,343394
2023-03-26,9,,,,,,,,,,,,,,,,0,596392
2023-03-27,1,,,,,,,,,,,,,,,,0,892057
2023-03-27,2,,,,,,,,,,,,,,,,0,696328
2023-03-27,3,,,,,,,,,,,,,,,,0,343394
2023-03-27,9,,,,,,,,,,,,,,,,0,596392
2023-03-28,1,,,,,,,,,,,,,,,,0,892057
2023-03-28,2,,,,,,,,,,,,,,,,0,696328
2023-03-28,3,,,,,,,,,,,,,,,,0,343394
2023-03-28,9,,,,,,,,,,,,,,,,0,596392
2023-03-29,1,,,,,,,,,,,,,,,,0,892057
2023-03-29,2,,,,,,,,,,,,,,,,0,696328
2023-03-29,3,,,,,,,,,,,,,,,,0,343394
2023-03-29,9,,,,,,,,,,,,,,,,0,596392
2023-03-30,1,,,,,,,,,,,,,,,,0,892057
2023-03-30,2,,,,,,,,,,,,,,,,0,696328
2023-03-30,3,,,,,,,,,,,,,,,,0,343394
2023-03-30,9,,,,,,,,,,,,,,,,0,596392
2023-03-31,1,,,,,,,,,,,,,,,,0,892057
2023-03-31,2,,,,,,,,,,,,,,,,0,696328
2023-03-31,3,,,,,,,,,,,,,,,,0,343394
2023-03-31,9,,,,,,,,,,,,,,,,0,596392
2023-04-01,1,,,,,,,,,,,,,,,,0,892057
2023-04-01,2,,,,,,,,,,,,,,,,0,696328
2023-04-01,3,,,,,,,,,,,,,,,,0,343394
2023-04-01,9,,,,,,,,,,,,,,,,0,596392
2023-04-02,1,,,,,,,,,,,,,,,,0,892057
2023-04-02,2,,,,,,,,,,,,,,,,0,696328
2023-04-02,3,,,,,,,,,,,,,,,,0,343394
2023-04-02,9,,,,,,,,,,,,,,,,0,596392
2023-04-03,1,,,,,,,,,,,,,,,,0,892057
2023-04-03,2,,,,,,,,,,,,,,,,0,696328
2023-04-03,3,,,,,,,,,,,,,,,,0,343394
2023-04-03,9,,,,,,,,,,,,,,,,0,596392
2023-04-04,1,,,,,,,,,,,,,,,,0,892057
2023-04-04,2,,,,,,,,,,,,,,,,0,696328
2023-04-04,3,,,,,,,,,,,,,,,,0,343394
2023-04-04,9,,,,,,,,,,,,,,,,0,596392
2023-04-05,1,,,,,,,,,,,,,,,,0,892057
2023-04-05,2,,,,,,,,,,,,,,,,0,696328
2023-04-05,3,,,,,,,,,,,,,,,,0,343394
2023-04-05,9,,,,,,,,,,,,,,,,0,596392
2023-04-06,1,,,,,,,,,,,,,,,,0,892057
2023-04-06,2,,,,,,,,,,,,,,,,0,696328
2023-04-06,3,,,,,,,,,,,,,,,,0,343394
2023-04-06,9,,,,,,,,,,,,,,,,0,596392
2023-04-07,1,,,,,,,,,,,,,,,,0,892057
2023-04-07,2,,,,,,,,,,,,,,,,0,696328
2023-04-07,3,,,,,,,,,,,,,,,,0,343394
2023-04-07,9,,,,,,,,,,,,,,,,0,596392
2023-04-08,1,,,,,,,,,,,,,,,,0,892057
2023-04-08,2,,,,,,,,,,,,,,,,0,696328
2023-04-08,3,,,,,,,,,,,,,,,,0,343394
2023-04-08,9,,,,,,,,,,,,,,,,0,596392
2023-04-09,1,,,,,,,,,,,,,,,,0,892057
2023-04-09,2,,,,,,,,,,,,,,,,0,696328
2023-04-09,3,,,,,,,,,,,,,,,,0,343394
2023-04-09,9,,,,,,,,,,,,,,,,0,596392
2023-04-10,1,,,,,,,,,,,,,,,,0,892057
2023-04-10,2,,,,,,,,,,,,,,,,0,696328
2023-04-10,3,,,,,,,,,,,,,,,,0,343394
2023-04-10,9,,,,,,,,,,,,,,,,0,596392
2023-04-11,1,,,,,,,,,,,,,,,,0,892057
2023-04-11,2,,,,,,,,,,,,,,,,0,696328
2023-04-11,3,,,,,,,,,,,,,,,,0,343394
2023-04-11,9,,,,,,,,,,,,,,,,0,596392
2023-04-12,1,,,,,,,,,,,,,,,,0,892057
2023-04-12,2,,,,,,,,,,,,,,,,0,696328
2023-04-12,3,,,,,,,,,,,,,,,,0,343394
2023-04-12,9,,,,,,,,,,,,,,,,0,596392
2023-04-13,1,,,,,,,,,,,,,,,,0,892057
2023-04-13,2,,,,,,,,,,,,,,,,0,696328
2023-04-13,3,,,,,,,,,,,,,,,,0,343394
2023-04-13,9,,,,,,,,,,,,,,,,0,596392
2023-04-14,1,,,,,,,,,,,,,,,,0,892057
2023-04-14,2,,,,,,,,,,,,,,,,0,696328
2023-04-14,3,,,,,,,,,,,,,,,,0,343394
2023-04-14,9,,,,,,,,,,,,,,,,0,596392
2023-04-15,1,,,,,,,,,,,,,,,,0,892057
2023-04-15,2,,,,,,,,,,,,,,,,0,696328
2023-04-15,3,,,,,,,,,,,,,,,,0,343394
2023-04-15,9,,,,,,,,,,,,,,,,0,596392
2023-04-16,1,,,,,,,,,,,,,,,,0,892057
2023-04-16,2,,,,,,,,,,,,,,,,0,696328
2023-04-16,3,,,,,,,,,,,,,,,,0,343394
2023-04-16,9,,,,,,,,,,,,,,,,0,596392
2023-04-17,1,,,,,,,,,,,,,,,,0,892057
2023-04-17,2,,,,,,,,,,,,,,,,0,696328
2023-04-17,3,,,,,,,,,,,,,,,,0,343394
2023-04-17,9,,,,,,,,,,,,,,,,0,596392
2023-04-18,1,,,,,,,,,,,,,,,,0,892057
2023-04-18,2,,,,,,,,,,,,,,,,0,696328
2023-04-18,3,,,,,,,,,,,,,,,,0,343394
2023-04-18,9,,,,,,,,,,,,,,,,0,596392
2023-04-19,1,,,,,,,,,,,,,,,,0,892057
2023-04-19,2,,,,,,,,,,,,,,,,0,696328
2023-04-19,3,,,,,,,,,,,,,,,,0,343394
2023-04-19,9,,,,,,,,,,,,,,,,0,596392
2023-04-20,1,,,,,,,,,,,,,,,,0,892057
2023-04-20,2,,,,,,,,,,,,,,,,0,696328
2023-04-20,3,,,,,,,,,,,,,,,,0,343394
2023-04-20,9,,,,,,,,,,,,,,,,0,596392
2023-04-21,1,,,,,,,,,,,,,,,,0,892057
2023-04-21,2,,,,,,,,,,,,,,,,0,696328
2023-04-21,3,,,,,,,,,,,,,,,,0,343394
2023-04-21,9,,,,,,,,,,,,,,,,0,596392
2023-04-22,1,,,,,,,,,,,,,,,,0,892057
2023-04-22,2,,,,,,,,,,,,,,,,0,696328
2023-04-22,3,,,,,,,,,,,,,,,,0,343394
2023-04-22,9,,,,,,,,,,,,,,,,0,596392
2023-04-23,1,,,,,,,,,,,,,,,,0,892057
2023-04-23,2,,,,,,,,,,,,,,,,0,696328
2023-04-23,3,,,,,,,,,,,,,,,,0,343394
2023-04-23,9,,,,,,,,,,,,,,,,0,596392
2023-04-24,1,,,,,,,,,,,,,,,,0,892057
2023-04-24,2,,,,,,,,,,,,,,,,0,696328
2023-04-24,3,,,,,,,,,,,,,,,,0,343394
2023-04-24,9,,,,,,,,,,,,,,,,0,596392
2023-04-25,1,,,,,,,,,,,,,,,,0,892057
2023-04-25,2,,,,,,,,,,,,,,,,0,696328
2023-04-25,3,,,,,,,,,,,,,,,,0,343394
2023-04-25,9,,,,,,,,,,,,,,,,0,596392
2023-04-26,1,,,,,,,,,,,,,,,,0,892057
2023-04-26,2,,,,,,,,,,,,,,,,0,696328
2023-04-26,3,,,,,,,,,,,,,,,,0,343394
2023-04-26,9,,,,,,,,,,,,,,,,0,596392
2023-04-27,1,,,,,,,,,,,,,,,,0,892057
2023-04-27,2,,,,,,,,,,,,,,,,0,696328
2023-04-27,3,,,,,,,,,,,,,,,,0,343394
2023-04-27,9,,,,,,,,,,,,,,,,0,596392
2023-04-28,1,,,,,,,,,,,,,,,,0,892057
2023-04-28,2,,,,,,,,,,,,,,,,0,696328
2023-04-28,3,,,,,,,,,,,,,,,,0,343394
2023-04-28,9,,,,,,,,,,,,,,,,0,596392
2023-04-29,1,,,,,,,,,,,,,,,,0,892057
2023-04-29,2,,,,,,,,,,,,,,,,0,696328
2023-04-29,3,,,,,,,,,,,,,,,,0,343394
2023-04-29,9,,,,,,,,,,,,,,,,0,596392
2023-04-30,1,,,,,,,,,,,,,,,,0,892057
2023-04-30,2,,,,,,,,,,,,,,,,0,696328
2023-04-30,3,,,,,,,,,,,,,,,,0,343394
2023-04-30,9,,,,,,,,,,,,,,,,0,596392
2023-05-01,1,,,,,,,,,,,,,,,,0,892057
2023-05-01,2,,,,,,,,,,,,,,,,0,696328
2023-05-01,3,,,,,,,,,,,,,,,,0,343394
2023-05-01,9,,,,,,,,,,,,,,,,0,596392
2023-05-02,1,,,,,,,,,,,,,,,,0,892057
2023-05-02,2,,,,,,,,,,,,,,,,0,696328
2023-05-02,3,,,,,,,,,,,,,,,,0,343394
2023-05-02,9,,,,,,,,,,,,,,,,0,596392
2023-05-03,1,,,,,,,,,,,,,,,,0,892057
2023-05-03,2,,,,,,,,,,,,,,,,0,696328
2023-05-03,3,,,,,,,,,,,,,,,,0,343394
2023-05-03,9,,,,,,,,,,,,,,,,0,596392
2023-05-04,1,,,,,,,,,,,,,,,,0,892057
2023-05-04,2,,,,,,,,,,,,,,,,0,696328
2023-05-04,3,,,,,,,,,,,,,,,,0,343394
2023-05-04,9,,,,,,,,,,,,,,,,0,596392
2023-05-05,1,,,,,,,,,,,,,,,,0,892057
2023-05-05,2,,,,,,,,,,,,,,,,0,696328
2023-05-05,3,,,,,,,,,,,,,,,,0,343394
2023-05-05,9,,,,,,,,,,,,,,,,0,596392
2023-05-06,1,,,,,,,,,,,,,,,,0,892057
2023-05-06,2,,,,,,,,,,,,,,,,0,696328
2023-05-06,3,,,,,,,,,,,,,,,,0,343394
2023-05-06,9,,,,,,,,,,,,,,,,0,596392
2023-05-07,1,,,,,,,,,,,,,,,,0,892057
2023-05-07,2,,,,,,,,,,,,,,,,0,696328
2023-05-07,3,,,,,,,,,,,,,,,,0,343394
2023-05-07,9,,,,,,,,,,,,,,,,0,596392
2023-05-08,1,,,,,,,,,,,,,,,,0,892057
2023-05-08,2,,,,,,,,,,,,,,,,0,696328
2023-05-08,3,,,,,,,,,,,,,,,,0,343394
2023-05-08,9,,,,,,,,,,,,,,,,0,596392
2023-05-09,1,,,,,,,,,,,,,,,,0,892057
2023-05-09,2,,,,,,,,,,,,,,,,0,696328
2023-05-09,3,,,,,,,,,,,,,,,,0,343394
2023-05-09,9,,,,,,,,,,,,,,,,0,596392
2023-05-10,1,,,,,,,,,,,,,,,,0,892057
2023-05-10,2,,,,,,,,,,,,,,,,0,696328
2023-05-10,3,,,,,,,,,,,,,,,,0,343394
2023-05-10,9,,,,,,,,,,,,,,,,0,596392
2023-05-11,1,,,,,,,,,,,,,,,,0,892057
2023-05-11,2,,,,,,,,,,,,,,,,0,696328
2023-05-11,3,,,,,,,,,,,,,,,,0,343394
2023-05-11,9,,,,,,,,,,,,,,,,0,596392
2023-05-12,1,,,,,,,,,,,,,,,,0,892057
2023-05-12,2,,,,,,,,,,,,,,,,0,696328
2023-05-12,3,,,,,,,,,,,,,,,,0,343394
2023-05-12,9,,,,,,,,,,,,,,,,0,596392
2023-05-13,1,,,,,,,,,,,,,,,,0,892057
2023-05-13,2,,,,,,,,,,,,,,,,0,696328
2023-05-13,3,,,,,,,,,,,,,,,,0,343394
2023-05-13,9,,,,,,,,,,,,,,,,0,596392
2023-05-14,1,,,,,,,,,,,,,,,,0,892057
2023-05-14,2,,,,,,,,,,,,,,,,0,696328
2023-05-14,3,,,,,,,,,,,,,,,,0,343394
2023-05-14,9,,,,,,,,,,,,,,,,0,596392
2023-05-15,1,,,,,,,,,,,,,,,,0,892057
2023-05-15,2,,,,,,,,,,,,,,,,0,696328
2023-05-15,3,,,,,,,,,,,,,,,,0,343394
2023-05-15,9,,,,,,,,,,,,,,,,0,596392
2023-05-16,1,,,,,,,,,,,,,,,,0,892057
2023-05-16,2,,,,,,,,,,,,,,,,0,696328
2023-05-16,3,,,,,,,,,,,,,,,,0,343394
2023-05-16,9,,,,,,,,,,,,,,,,0,596392
2023-05-17,1,,,,,,,,,,,,,,,,0,892057
2023-05-17,2,,,,,,,,,,,,,,,,0,696328
2023-05-17,3,,,,,,,,,,,,,,,,0,343394
2023-05-17,9,,,,,,,,,,,,,,,,0,596392
2023-05-18,1,,,,,,,,,,,,,,,,0,892057
2023-05-18,2,,,,,,,,,,,,,,,,0,696328
2023-05-18,3,,,,,,,,,,,,,,,,0,343394
2023-05-18,9,,,,,,,,,,,,,,,,0,596392
2023-05-19,1,,,,,,,,,,,,,,,,0,892057
2023-05-19,2,,,,,,,,,,,,,,,,0,696328
2023-05-19,3,,,,,,,,,,,,,,,,0,343394
2023-05-19,9,,,,,,,,,,,,,,,,0,596392
2023-05-20,1,,,,,,,,,,,,,,,,0,892057
2023-05-20,2,,,,,,,,,,,,,,,,0,696328
2023-05-20,3,,,,,,,,,,,,,,,,0,343394
2023-05-20,9,,,,,,,,,,,,,,,,0,596392
2023-05-21,1,,,,,,,,,,,,,,,,0,892057
2023-05-21,2,,,,,,,,,,,,,,,,0,696328
2023-05-21,3,,,,,,,,,,,,,,,,0,343394
2023-05-21,9,,,,,,,,,,,,,,,,0,596392
2023-05-22,1,,,,,,,,,,,,,,,,0,892057
2023-05-22,2,,,,,,,,,,,,,,,,0,696328
2023-05-22,3,,,,,,,,,,,,,,,,0,343394
2023-05-22,9,,,,,,,,,,,,,,,,0,596392
2023-05-23,1,,,,,,,,,,,,,,,,0,892057
2023-05-23,2,,,,,,,,,,,,,,,,0,696328
2023-05-23,3,,,,,,,,,,,,,,,,0,343394
2023-05-23,9,,,,,,,,,,,,,,,,0,596392
2023-05-24,1,,,,,,,,,,,,,,,,0,892057
2023-05-24,2,,,,,,,,,,,,,,,,0,696328
2023-05-24,3,,,,,,,,,,,,,,,,0,343394
2023-05-24,9,,,,,,,,,,,,,,,,0,596392
2023-05-25,1,,,,,,,,,,,,,,,,0,892057
2023-05-25,2,,,,,,,,,,,,,,,,0,696328
2023-05-25,3,,,,,,,,,,,,,,,,0,343394
2023-05-25,9,,,,,,,,,,,,,,,,0,596392
2023-05-26,1,,,,,,,,,,,,,,,,0,892057
2023-05-26,2,,,,,,,,,,,,,,,,0,696328
2023-05-26,3,,,,,,,,,,,,,,,,0,343394
2023-05-26,9,,,,,,,,,,,,,,,,0,596392
2023-05-27,1,,,,,,,,,,,,,,,,0,892057
2023-05-27,2,,,,,,,,,,,,,,,,0,696328
2023-05-27,3,,,,,,,,,,,,,,,,0,343394
2023-05-27,9,,,,,,,,,,,,,,,,0,596392
2023-05-28,1,,,,,,,,,,,,,,,,0,892057
2023-05-28,2,,,,,,,,,,,,,,,,0,696328
2023-05-28,3,,,,,,,,,,,,,,,,0,343394
2023-05-28,9,,,,,,,,,,,,,,,,0,596392
2023-05-29,1,,,,,,,,,,,,,,,,0,892057
2023-05-29,2,,,,,,,,,,,,,,,,0,696328
2023-05-29,3,,,,,,,,,,,,,,,,0,343394
2023-05-29,9,,,,,,,,,,,,,,,,0,596392
2023-05-30,1,,,,,,,,,,,,,,,,0,892057
2023-05-30,2,,,,,,,,,,,,,,,,0,696328
2023-05-30,3,,,,,,,,,,,,,,,,0,343394
2023-05-30,9,,,,,,,,,,,,,,,,0,596392
2023-05-31,1,,,,,,,,,,,,,,,,0,892057
2023-05-31,2,,,,,,,,,,,,,,,,0,696328
2023-05-31,3,,,,,,,,,,,,,,,,0,343394
2023-05-31,9,,,,,,,,,,,,,,,,0,596392
2023-06-01,1,,,,,,,,,,,,,,,,0,892057
2023-06-01,2,,,,,,,,,,,,,,,,0,696328
2023-06-01,3,,,,,,,,,,,,,,,,0,343394
2023-06-01,9,,,,,,,,,,,,,,,,0,596392
2023-06-02,1,,,,,,,,,,,,,,,,0,892057
2023-06-02,2,,,,,,,,,,,,,,,,0,696328
2023-06-02,3,,,,,,,,,,,,,,,,0,343394
2023-06-02,9,,,,,,,,,,,,,,,,0,596392
2023-06-03,1,,,,,,,,,,,,,,,,0,892057
2023-06-03,2,,,,,,,,,,,,,,,,0,696328
2023-06-03,3,,,,,,,,,,,,,,,,0,343394
2023-06-03,9,,,,,,,,,,,,,,,,0,596392
2023-06-04,1,,,,,,,,,,,,,,,,0,892057
2023-06-04,2,,,,,,,,,,,,,,,,0,696328
2023-06-04,3,,,,,,,,,,,,,,,,0,343394
2023-06-04,9,,,,,,,,,,,,,,,,0,596392
2023-06-05,1,,,,,,,,,,,,,,,,0,892057
2023-06-05,2,,,,,,,,,,,,,,,,0,696328
2023-06-05,3,,,,,,,,,,,,,,,,0,343394
2023-06-05,9,,,,,,,,,,,,,,,,0,596392
2023-06-06,1,,,,,,,,,,,,,,,,0,892057
2023-06-06,2,,,,,,,,,,,,,,,,0,696328
2023-06-06,3,,,,,,,,,,,,,,,,0,343394
2023-06-06,9,,,,,,,,,,,,,,,,0,596392
2023-06-07,1,,,,,,,,,,,,,,,,0,892057
2023-06-07,2,,,,,,,,,,,,,,,,0,696328
2023-06-07,3,,,,,,,,,,,,,,,,0,343394
2023-06-07,9,,,,,,,,,,,,,,,,0,596392
2023-06-08,1,,,,,,,,,,,,,,,,0,892057
2023-06-08,2,,,,,,,,,,,,,,,,0,696328
2023-06-08,3,,,,,,,,,,,,,,,,0,343394
2023-06-08,9,,,,,,,,,,,,,,,,0,596392
2023-06-09,1,,,,,,,,,,,,,,,,0,892057
2023-06-09,2,,,,,,,,,,,,,,,,0,696328
2023-06-09,3,,,,,,,,,,,,,,,,0,343394
2023-06-09,9,,,,,,,,,,,,,,,,0,596392
2023-06-10,1,,,,,,,,,,,,,,,,0,892057
2023-06-10,2,,,,,,,,,,,,,,,,0,696328
2023-06-10,3,,,,,,,,,,,,,,,,0,343394
2023-06-10,9,,,,,,,,,,,,,,,,0,596392
2023-06-11,1,,,,,,,,,,,,,,,,0,892057
2023-06-11,2,,,,,,,,,,,,,,,,0,696328
2023-06-11,3,,,,,,,,,,,,,,,,0,343394
2023-06-11,9,,,,,,,,,,,,,,,,0,596392
2023-06-12,1,,,,,,,,,,,,,,,,0,892057
2023-06-12,2,,,,,,,,,,,,,,,,0,696328
2023-06-12,3,,,,,,,,,,,,,,,,0,343394
2023-06-12,9,,,,,,,,,,,,,,,,0,596392
2023-06-13,1,,,,,,,,,,,,,,,,0,892057
2023-06-13,2,,,,,,,,,,,,,,,,0,696328
2023-06-13,3,,,,,,,,,,,,,,,,0,343394
2023-06-13,9,,,,,,,,,,,,,,,,0,596392
2023-06-14,1,,,,,,,,,,,,,,,,0,892057
2023-06-14,2,,,,,,,,,,,,,,,,0,696328
2023-06-14,3,,,,,,,,,,,,,,,,0,343394
2023-06-14,9,,,,,,,,,,,,,,,,0,596392
2023-06-15,1,,,,,,,,,,,,,,,,0,892057
2023-06-15,2,,,,,,,,,,,,,,,,0,696328
2023-06-15,3,,,,,,,,,,,,,,,,0,343394
2023-06-15,9,,,,,,,,,,,,,,,,0,596392
2023-06-16,1,,,,,,,,,,,,,,,,0,892057
2023-06-16,2,,,,,,,,,,,,,,,,0,696328
2023-06-16,3,,,,,,,,,,,,,,,,0,343394
2023-06-16,9,,,,,,,,,,,,,,,,0,596392
2023-06-17,1,,,,,,,,,,,,,,,,0,892057
2023-06-17,2,,,,,,,,,,,,,,,,0,696328
2023-06-17,3,,,,,,,,,,,,,,,,0,343394
2023-06-17,9,,,,,,,,,,,,,,,,0,596392
2023-06-18,1,,,,,,,,,,,,,,,,0,892057
2023-06-18,2,,,,,,,,,,,,,,,,0,696328
2023-06-18,3,,,,,,,,,,,,,,,,0,343394
2023-06-18,9,,,,,,,,,,,,,,,,0,596392
2023-06-19,1,,,,,,,,,,,,,,,,0,892057
2023-06-19,2,,,,,,,,,,,,,,,,0,696328
2023-06-19,3,,,,,,,,,,,,,,,,0,343394
2023-06-19,9,,,,,,,,,,,,,,,,0,596392
2023-06-20,1,,,,,,,,,,,,,,,,0,892057
2023-06-20,2,,,,,,,,,,,,,,,,0,696328
2023-06-20,3,,,,,,,,,,,,,,,,0,343394
2023-06-20,9,,,,,,,,,,,,,,,,0,596392
2023-06-21,1,,,,,,,,,,,,,,,,0,892057
2023-06-21,2,,,,,,,,,,,,,,,,0,696328
2023-06-21,3,,,,,,,,,,,,,,,,0,343394
2023-06-21,9,,,,,,,,,,,,,,,,0,596392
2023-06-22,1,,,,,,,,,,,,,,,,0,892057
2023-06-22,2,,,,,,,,,,,,,,,,0,696328
2023-06-22,3,,,,,,,,,,,,,,,,0,343394
2023-06-22,9,,,,,,,,,,,,,,,,0,596392
2023-06-23,1,,,,,,,,,,,,,,,,0,892057
2023-06-23,2,,,,,,,,,,,,,,,,0,696328
2023-06-23,3,,,,,,,,,,,,,,,,0,343394
2023-06-23,9,,,,,,,,,,,,,,,,0,596392
2023-06-24,1,,,,,,,,,,,,,,,,0,892057
2023-06-24,2,,,,,,,,,,,,,,,,0,696328
2023-06-24,3,,,,,,,,,,,,,,,,0,343394
2023-06-24,9,,,,,,,,,,,,,,,,0,596392
2023-06-25,1,,,,,,,,,,,,,,,,0,892057
2023-06-25,2,,,,,,,,,,,,,,,,0,696328
2023-06-25,3,,,,,,,,,,,,,,,,0,343394
2023-06-25,9,,,,,,,,,,,,,,,,0,596392
2023-06-26,1,,,,,,,,,,,,,,,,0,892057
2023-06-26,2,,,,,,,,,,,,,,,,0,696328
2023-06-26,3,,,,,,,,,,,,,,,,0,343394
2023-06-26,9,,,,,,,,,,,,,,,,0,596392
2023-06-27,1,,,,,,,,,,,,,,,,0,892057
2023-06-27,2,,,,,,,,,,,,,,,,0,696328
2023-06-27,3,,,,,,,,,,,,,,,,0,343394
2023-06-27,9,,,,,,,,,,,,,,,,0,596392
2023-06-28,1,,,,,,,,,,,,,,,,0,892057
2023-06-28,2,,,,,,,,,,,,,,,,0,696328
2023-06-28,3,,,,,,,,,,,,,,,,0,343394
2023-06-28,9,,,,,,,,,,,,,,,,0,596392
2023-06-29,1,,,,,,,,,,,,,,,,0,892057
2023-06-29,2,,,,,,,,,,,,,,,,0,696328
2023-06-29,3,,,,,,,,,,,,,,,,0,343394
2023-06-29,9,,,,,,,,,,,,,,,,0,596392
2023-06-30,1,,,,,,,,,,,,,,,,0,892057
2023-06-30,2,,,,,,,,,,,,,,,,0,696328
2023-06-30,3,,,,,,,,,,,,,,,,0,343394
2023-06-30,9,,,,,,,,,,,,,,,,0,596392
2023-07-01,1,,,,,,,,,,,,,,,,0,892057
2023-07-01,2,,,,,,,,,,,,,,,,0,696328
2023-07-01,3,,,,,,,,,,,,,,,,0,343394
2023-07-01,9,,,,,,,,,,,,,,,,0,596392
2023-07-02,1,,,,,,,,,,,,,,,,0,892057
2023-07-02,2,,,,,,,,,,,,,,,,0,696328
2023-07-02,3,,,,,,,,,,,,,,,,0,343394
2023-07-02,9,,,,,,,,,,,,,,,,0,596392
2023-07-03,1,,,,,,,,,,,,,,,,0,892057
2023-07-03,2,,,,,,,,,,,,,,,,0,696328
2023-07-03,3,,,,,,,,,,,,,,,,0,343394
2023-07-03,9,,,,,,,,,,,,,,,,0,596392
2023-07-04,1,,,,,,,,,,,,,,,,0,892057
2023-07-04,2,,,,,,,,,,,,,,,,0,696328
2023-07-04,3,,,,,,,,,,,,,,,,0,343394
2023-07-04,9,,,,,,,,,,,,,,,,0,596392
2023-07-05,1,,,,,,,,,,,,,,,,0,892057
2023-07-05,2,,,,,,,,,,,,,,,,0,696328
2023-07-05,3,,,,,,,,,,,,,,,,0,343394
2023-07-05,9,,,,,,,,,,,,,,,,0,596392
2023-07-06,1,,,,,,,,,,,,,,,,0,892057
2023-07-06,2,,,,,,,,,,,,,,,,0,696328
2023-07-06,3,,,,,,,,,,,,,,,,0,343394
2023-07-06,9,,,,,,,,,,,,,,,,0,596392
2023-07-07,1,,,,,,,,,,,,,,,,0,892057
2023-07-07,2,,,,,,,,,,,,,,,,0,696328
2023-07-07,3,,,,,,,,,,,,,,,,0,343394
2023-07-07,9,,,,,,,,,,,,,,,,0,596392
2023-07-08,1,,,,,,,,,,,,,,,,0,892057
2023-07-08,2,,,,,,,,,,,,,,,,0,696328
2023-07-08,3,,,,,,,,,,,,,,,,0,343394
2023-07-08,9,,,,,,,,,,,,,,,,0,596392
2023-07-09,1,,,,,,,,,,,,,,,,0,892057
2023-07-09,2,,,,,,,,,,,,,,,,0,696328
2023-07-09,3,,,,,,,,,,,,,,,,0,343394
2023-07-09,9,,,,,,,,,,,,,,,,0,596392
2023-07-10,1,,,,,,,,,,,,,,,,0,892057
2023-07-10,2,,,,,,,,,,,,,,,,0,696328
2023-07-10,3,,,,,,,,,,,,,,,,0,343394
2023-07-10,9,,,,,,,,,,,,,,,,0,596392
2023-07-11,1,,,,,,,,,,,,,,,,0,892057
2023-07-11,2,,,,,,,,,,,,,,,,0,696328
2023-07-11,3,,,,,,,,,,,,,,,,0,343394
2023-07-11,9,,,,,,,,,,,,,,,,0,596392
2023-07-12,1,,,,,,,,,,,,,,,,0,892057
2023-07-12,2,,,,,,,,,,,,,,,,0,696328
2023-07-12,3,,,,,,,,,,,,,,,,0,343394
2023-07-12,9,,,,,,,,,,,,,,,,0,596392
2023-07-13,1,,,,,,,,,,,,,,,,0,892057
2023-07-13,2,,,,,,,,,,,,,,,,0,696328
2023-07-13,3,,,,,,,,,,,,,,,,0,343394
2023-07-13,9,,,,,,,,,,,,,,,,0,596392
2023-07-14,1,,,,,,,,,,,,,,,,0,892057
2023-07-14,2,,,,,,,,,,,,,,,,0,696328
2023-07-14,3,,,,,,,,,,,,,,,,0,343394
2023-07-14,9,,,,,,,,,,,,,,,,0,596392
2023-07-15,1,,,,,,,,,,,,,,,,0,892057
2023-07-15,2,,,,,,,,,,,,,,,,0,696328
2023-07-15,3,,,,,,,,,,,,,,,,0,343394
2023-07-15,9,,,,,,,,,,,,,,,,0,596392
2023-07-16,1,,,,,,,,,,,,,,,,0,892057
2023-07-16,2,,,,,,,,,,,,,,,,0,696328
2023-07-16,3,,,,,,,,,,,,,,,,0,343394
2023-07-16,9,,,,,,,,,,,,,,,,0,596392
2023-07-17,1,,,,,,,,,,,,,,,,0,892057
2023-07-17,2,,,,,,,,,,,,,,,,0,696328
2023-07-17,3,,,,,,,,,,,,,,,,0,343394
2023-07-17,9,,,,,,,,,,,,,,,,0,596392
2023-07-18,1,,,,,,,,,,,,,,,,0,892057
2023-07-18,2,,,,,,,,,,,,,,,,0,696328
2023-07-18,3,,,,,,,,,,,,,,,,0,343394
2023-07-18,9,,,,,,,,,,,,,,,,0,596392
2023-07-19,1,,,,,,,,,,,,,,,,0,892057
2023-07-19,2,,,,,,,,,,,,,,,,0,696328
2023-07-19,3,,,,,,,,,,,,,,,,0,343394
2023-07-19,9,,,,,,,,,,,,,,,,0,596392
2023-07-20,1,,,,,,,,,,,,,,,,0,892057
2023-07-20,2,,,,,,,,,,,,,,,,0,696328
2023-07-20,3,,,,,,,,,,,,,,,,0,343394
2023-07-20,9,,,,,,,,,,,,,,,,0,596392
2023-07-21,1,,,,,,,,,,,,,,,,0,892057
2023-07-21,2,,,,,,,,,,,,,,,,0,696328
2023-07-21,3,,,,,,,,,,,,,,,,0,343394
2023-07-21,9,,,,,,,,,,,,,,,,0,596392
2023-07-22,1,,,,,,,,,,,,,,,,0,892057
2023-07-22,2,,,,,,,,,,,,,,,,0,696328
2023-07-22,3,,,,,,,,,,,,,,,,0,343394
2023-07-22,9,,,,,,,,,,,,,,,,0,596392
2023-07-23,1,,,,,,,,,,,,,,,,0,892057
2023-07-23,2,,,,,,,,,,,,,,,,0,696328
2023-07-23,3,,,,,,,,,,,,,,,,0,343394
2023-07-23,9,,,,,,,,,,,,,,,,0,596392
2023-07-24,1,,,,,,,,,,,,,,,,0,892057
2023-07-24,2,,,,,,,,,,,,,,,,0,696328
2023-07-24,3,,,,,,,,,,,,,,,,0,343394
2023-07-24,9,,,,,,,,,,,,,,,,0,596392
2023-07-25,1,,,,,,,,,,,,,,,,0,892057
2023-07-25,2,,,,,,,,,,,,,,,,0,696328
2023-07-25,3,,,,,,,,,,,,,,,,0,343394
2023-07-25,9,,,,,,,,,,,,,,,,0,596392
2023-07-26,1,,,,,,,,,,,,,,,,0,892057
2023-07-26,2,,,,,,,,,,,,,,,,0,696328
2023-07-26,3,,,,,,,,,,,,,,,,0,343394
2023-07-26,9,,,,,,,,,,,,,,,,0,596392
2023-07-27,1,,,,,,,,,,,,,,,,0,892057
2023-07-27,2,,,,,,,,,,,,,,,,0,696328
2023-07-27,3,,,,,,,,,,,,,,,,0,343394
2023-07-27,9,,,,,,,,,,,,,,,,0,596392
2023-07-28,1,,,,,,,,,,,,,,,,0,892057
2023-07-28,2,,,,,,,,,,,,,,,,0,696328
2023-07-28,3,,,,,,,,,,,,,,,,0,343394
2023-07-28,9,,,,,,,,,,,,,,,,0,596392
2023-07-29,1,,,,,,,,,,,,,,,,0,892057
2023-07-29,2,,,,,,,,,,,,,,,,0,696328
2023-07-29,3,,,,,,,,,,,,,,,,0,343394
2023-07-29,9,,,,,,,,,,,,,,,,0,596392
2023-07-30,1,,,,,,,,,,,,,,,,0,892057
2023-07-30,2,,,,,,,,,,,,,,,,0,696328
2023-07-30,3,,,,,,,,,,,,,,,,0,343394
2023-07-30,9,,,,,,,,,,,,,,,,0,596392
2023-07-31,1,,,,,,,,,,,,,,,,0,892057
2023-07-31,2,,,,,,,,,,,,,,,,0,696328
2023-07-31,3,,,,,,,,,,,,,,,,0,343394
2023-07-31,9,,,,,,,,,,,,,,,,0,596392
2023-08-01,1,,,,,,,,,,,,,,,,0,892057
2023-08-01,2,,,,,,,,,,,,,,,,0,696328
2023-08-01,3,,,,,,,,,,,,,,,,0,343394
2023-08-01,9,,,,,,,,,,,,,,,,0,596392
2023-08-02,1,,,,,,,,,,,,,,,,0,892057
2023-08-02,2,,,,,,,,,,,,,,,,0,696328
2023-08-02,3,,,,,,,,,,,,,,,,0,343394
2023-08-02,9,,,,,,,,,,,,,,,,0,596392
2023-08-03,1,,,,,,,,,,,,,,,,0,892057
2023-08-03,2,,,,,,,,,,,,,,,,0,696328
2023-08-03,3,,,,,,,,,,,,,,,,0,343394
2023-08-03,9,,,,,,,,,,,,,,,,0,596392
2023-08-04,1,,,,,,,,,,,,,,,,0,892057
2023-08-04,2,,,,,,,,,,,,,,,,0,696328
2023-08-04,3,,,,,,,,,,,,,,,,0,343394
2023-08-04,9,,,,,,,,,,,,,,,,0,596392
2023-08-05,1,,,,,,,,,,,,,,,,0,892057
2023-08-05,2,,,,,,,,,,,,,,,,0,696328
2023-08-05,3,,,,,,,,,,,,,,,,0,343394
2023-08-05,9,,,,,,,,,,,,,,,,0,596392
2023-08-06,1,,,,,,,,,,,,,,,,0,892057
2023-08-06,2,,,,,,,,,,,,,,,,0,696328
2023-08-06,3,,,,,,,,,,,,,,,,0,343394
2023-08-06,9,,,,,,,,,,,,,,,,0,596392
2023-08-07,1,,,,,,,,,,,,,,,,0,892057
2023-08-07,2,,,,,,,,,,,,,,,,0,696328
2023-08-07,3,,,,,,,,,,,,,,,,0,343394
2023-08-07,9,,,,,,,,,,,,,,,,0,596392
2023-08-08,1,,,,,,,,,,,,,,,,0,892057
2023-08-08,2,,,,,,,,,,,,,,,,0,696328
2023-08-08,3,,,,,,,,,,,,,,,,0,343394
2023-08-08,9,,,,,,,,,,,,,,,,0,596392
2023-08-09,1,,,,,,,,,,,,,,,,0,892057
2023-08-09,2,,,,,,,,,,,,,,,,0,696328
2023-08-09,3,,,,,,,,,,,,,,,,0,343394
2023-08-09,9,,,,,,,,,,,,,,,,0,596392
2023-08-10,1,,,,,,,,,,,,,,,,0,892057
2023-08-10,2,,,,,,,,,,,,,,,,0,696328
2023-08-10,3,,,,,,,,,,,,,,,,0,343394
2023-08-10,9,,,,,,,,,,,,,,,,0,596392
2023-08-11,1,,,,,,,,,,,,,,,,0,892057
2023-08-11,2,,,,,,,,,,,,,,,,0,696328
2023-08-11,3,,,,,,,,,,,,,,,,0,343394
2023-08-11,9,,,,,,,,,,,,,,,,0,596392
2023-08-12,1,,,,,,,,,,,,,,,,0,892057
2023-08-12,2,,,,,,,,,,,,,,,,0,696328
2023-08-12,3,,,,,,,,,,,,,,,,0,343394
2023-08-12,9,,,,,,,,,,,,,,,,0,596392
2023-08-13,1,,,,,,,,,,,,,,,,0,892057
2023-08-13,2,,,,,,,,,,,,,,,,0,696328
2023-08-13,3,,,,,,,,,,,,,,,,0,343394
2023-08-13,9,,,,,,,,,,,,,,,,0,596392
2023-08-14,1,,,,,,,,,,,,,,,,0,892057
2023-08-14,2,,,,,,,,,,,,,,,,0,696328
2023-08-14,3,,,,,,,,,,,,,,,,0,343394
2023-08-14,9,,,,,,,,,,,,,,,,0,596392
2023-08-15,1,,,,,,,,,,,,,,,,0,892057
2023-08-15,2,,,,,,,,,,,,,,,,0,696328
2023-08-15,3,,,,,,,,,,,,,,,,0,343394
2023-08-15,9,,,,,,,,,,,,,,,,0,596392
2023-08-16,1,,,,,,,,,,,,,,,,0,892057
2023-08-16,2,,,,,,,,,,,,,,,,0,696328
2023-08-16,3,,,,,,,,,,,,,,,,0,343394
2023-08-16,9,,,,,,,,,,,,,,,,0,596392
2023-08-17,1,,,,,,,,,,,,,,,,0,892057
2023-08-17,2,,,,,,,,,,,,,,,,0,696328
2023-08-17,3,,,,,,,,,,,,,,,,0,343394
2023-08-17,9,,,,,,,,,,,,,,,,0,596392
2023-08-18,1,,,,,,,,,,,,,,,,0,892057
2023-08-18,2,,,,,,,,,,,,,,,,0,696328
2023-08-18,3,,,,,,,,,,,,,,,,0,343394
2023-08-18,9,,,,,,,,,,,,,,,,0,596392
2023-08-19,1,,,,,,,,,,,,,,,,0,892057
2023-08-19,2,,,,,,,,,,,,,,,,0,696328
2023-08-19,3,,,,,,,,,,,,,,,,0,343394
2023-08-19,9,,,,,,,,,,,,,,,,0,596392
2023-08-20,1,,,,,,,,,,,,,,,,0,892057
2023-08-20,2,,,,,,,,,,,,,,,,0,696328
2023-08-20,3,,,,,,,,,,,,,,,,0,343394
2023-08-20,9,,,,,,,,,,,,,,,,0,596392
2023-08-21,1,,,,,,,,,,,,,,,,0,892057
2023-08-21,2,,,,,,,,,,,,,,,,0,696328
2023-08-21,3,,,,,,,,,,,,,,,,0,343394
2023-08-21,9,,,,,,,,,,,,,,,,0,596392
2023-08-22,1,,,,,,,,,,,,,,,,0,892057
2023-08-22,2,,,,,,,,,,,,,,,,0,696328
2023-08-22,3,,,,,,,,,,,,,,,,0,343394
2023-08-22,9,,,,,,,,,,,,,,,,0,596392
2023-08-23,1,,,,,,,,,,,,,,,,0,892057
2023-08-23,2,,,,,,,,,,,,,,,,0,696328
2023-08-23,3,,,,,,,,,,,,,,,,0,343394
2023-08-23,9,,,,,,,,,,,,,,,,0,596392
2023-08-24,1,,,,,,,,,,,,,,,,0,892057
2023-08-24,2,,,,,,,,,,,,,,,,0,696328
2023-08-24,3,,,,,,,,,,,,,,,,0,343394
2023-08-24,9,,,,,,,,,,,,,,,,0,596392
2023-08-25,1,,,,,,,,,,,,,,,,0,892057
2023-08-25,2,,,,,,,,,,,,,,,,0,696328
2023-08-25,3,,,,,,,,,,,,,,,,0,343394
2023-08-25,9,,,,,,,,,,,,,,,,0,596392
2023-08-26,1,,,,,,,,,,,,,,,,0,892057
2023-08-26,2,,,,,,,,,,,,,,,,0,696328
2023-08-26,3,,,,,,,,,,,,,,,,0,343394
2023-08-26,9,,,,,,,,,,,,,,,,0,596392
2023-08-27,1,,,,,,,,,,,,,,,,0,892057
2023-08-27,2,,,,,,,,,,,,,,,,0,696328
2023-08-27,3,,,,,,,,,,,,,,,,0,343394
2023-08-27,9,,,,,,,,,,,,,,,,0,596392
2023-08-28,1,,,,,,,,,,,,,,,,0,892057
2023-08-28,2,,,,,,,,,,,,,,,,0,696328
2023-08-28,3,,,,,,,,,,,,,,,,0,343394
2023-08-28,9,,,,,,,,,,,,,,,,0,596392
2023-08-29,1,,,,,,,,,,,,,,,,0,892057
2023-08-29,2,,,,,,,,,,,,,,,,0,696328
2023-08-29,3,,,,,,,,,,,,,,,,0,343394
2023-08-29,9,,,,,,,,,,,,,,,,0,596392
2023-08-30,1,,,,,,,,,,,,,,,,0,892057
2023-08-30,2,,,,,,,,,,,,,,,,0,696328
2023-08-30,3,,,,,,,,,,,,,,,,0,343394
2023-08-30,9,,,,,,,,,,,,,,,,0,596392
2023-08-31,1,,,,,,,,,,,,,,,,0,892057
2023-08-31,2,,,,,,,,,,,,,,,,0,696328
2023-08-31,3,,,,,,,,,,,,,,,,0,343394
2023-08-31,9,,,,,,,,,,,,,,,,0,596392
2023-09-01,1,,,,,,,,,,,,,,,,0,892057
2023-09-01,2,,,,,,,,,,,,,,,,0,696328
2023-09-01,3,,,,,,,,,,,,,,,,0,343394
2023-09-01,9,,,,,,,,,,,,,,,,0,596392
2023-09-02,1,,,,,,,,,,,,,,,,0,892057
2023-09-02,2,,,,,,,,,,,,,,,,0,696328
2023-09-02,3,,,,,,,,,,,,,,,,0,343394
2023-09-02,9,,,,,,,,,,,,,,,,0,596392
2023-09-03,1,,,,,,,,,,,,,,,,0,892057
2023-09-03,2,,,,,,,,,,,,,,,,0,696328
2023-09-03,3,,,,,,,,,,,,,,,,0,343394
2023-09-03,9,,,,,,,,,,,,,,,,0,596392
2023-09-04,1,,,,,,,,,,,,,,,,0,892057
2023-09-04,2,,,,,,,,,,,,,,,,0,696328
2023-09-04,3,,,,,,,,,,,,,,,,0,343394
2023-09-04,9,,,,,,,,,,,,,,,,0,596392
2023-09-05,1,,,,,,,,,,,,,,,,0,892057
2023-09-05,2,,,,,,,,,,,,,,,,0,696328
2023-09-05,3,,,,,,,,,,,,,,,,0,343394
2023-09-05,9,,,,,,,,,,,,,,,,0,596392
2023-09-06,1,,,,,,,,,,,,,,,,0,892057
2023-09-06,2,,,,,,,,,,,,,,,,0,696328
2023-09-06,3,,,,,,,,,,,,,,,,0,343394
2023-09-06,9,,,,,,,,,,,,,,,,0,596392
2023-09-07,1,,,,,,,,,,,,,,,,0,892057
2023-09-07,2,,,,,,,,,,,,,,,,0,696328
2023-09-07,3,,,,,,,,,,,,,,,,0,343394
2023-09-07,9,,,,,,,,,,,,,,,,0,596392
2023-09-08,1,,,,,,,,,,,,,,,,0,892057
2023-09-08,2,,,,,,,,,,,,,,,,0,696328
2023-09-08,3,,,,,,,,,,,,,,,,0,343394
2023-09-08,9,,,,,,,,,,,,,,,,0,596392
2023-09-09,1,,,,,,,,,,,,,,,,0,892057
2023-09-09,2,,,,,,,,,,,,,,,,0,696328
2023-09-09,3,,,,,,,,,,,,,,,,0,343394
2023-09-09,9,,,,,,,,,,,,,,,,0,596392
2023-09-10,1,,,,,,,,,,,,,,,,0,892057
2023-09-10,2,,,,,,,,,,,,,,,,0,696328
2023-09-10,3,,,,,,,,,,,,,,,,0,343394
2023-09-10,9,,,,,,,,,,,,,,,,0,596392
2023-09-11,1,,,,,,,,,,,,,,,,0,892057
2023-09-11,2,,,,,,,,,,,,,,,,0,696328
2023-09-11,3,,,,,,,,,,,,,,,,0,343394
2023-09-11,9,,,,,,,,,,,,,,,,0,596392
2023-09-12,1,,,,,,,,,,,,,,,,0,892057
2023-09-12,2,,,,,,,,,,,,,,,,0,696328
2023-09-12,3,,,,,,,,,,,,,,,,0,343394
2023-09-12,9,,,,,,,,,,,,,,,,0,596392
2023-09-13,1,,,,,,,,,,,,,,,,0,892057
2023-09-13,2,,,,,,,,,,,,,,,,0,696328
2023-09-13,3,,,,,,,,,,,,,,,,0,343394
2023-09-13,9,,,,,,,,,,,,,,,,0,596392
2023-09-14,1,,,,,,,,,,,,,,,,0,892057
2023-09-14,2,,,,,,,,,,,,,,,,0,696328
2023-09-14,3,,,,,,,,,,,,,,,,0,343394
2023-09-14,9,,,,,,,,,,,,,,,,0,596392
2023-09-15,1,,,,,,,,,,,,,,,,0,892057
2023-09-15,2,,,,,,,,,,,,,,,,0,696328
2023-09-15,3,,,,,,,,,,,,,,,,0,343394
2023-09-15,9,,,,,,,,,,,,,,,,0,596392
2023-09-16,1,,,,,,,,,,,,,,,,0,892057
2023-09-16,2,,,,,,,,,,,,,,,,0,696328
2023-09-16,3,,,,,,,,,,,,,,,,0,343394
2023-09-16,9,,,,,,,,,,,,,,,,0,596392
2023-09-17,1,,,,,,,,,,,,,,,,0,892057
2023-09-17,2,,,,,,,,,,,,,,,,0,696328
2023-09-17,3,,,,,,,,,,,,,,,,0,343394
2023-09-17,9,,,,,,,,,,,,,,,,0,596392
2023-09-18,1,,,,,,,,,,,,,,,,0,892057
2023-09-18,2,,,,,,,,,,,,,,,,0,696328
2023-09-18,3,,,,,,,,,,,,,,,,0,343394
2023-09-18,9,,,,,,,,,,,,,,,,0,596392
2023-09-19,1,,,,,,,,,,,,,,,,0,892057
2023-09-19,2,,,,,,,,,,,,,,,,0,696328
2023-09-19,3,,,,,,,,,,,,,,,,0,343394
2023-09-19,9,,,,,,,,,,,,,,,,0,596392
2023-09-20,1,,,,,,,,,,,,,,,,0,892057
2023-09-20,2,,,,,,,,,,,,,,,,0,696328
2023-09-20,3,,,,,,,,,,,,,,,,0,343394
2023-09-20,9,,,,,,,,,,,,,,,,0,596392
2023-09-21,1,,,,,,,,,,,,,,,,0,892057
2023-09-21,2,,,,,,,,,,,,,,,,0,696328
2023-09-21,3,,,,,,,,,,,,,,,,0,343394
2023-09-21,9,,,,,,,,,,,,,,,,0,596392
2023-09-22,1,,,,,,,,,,,,,,,,0,892057
2023-09-22,2,,,,,,,,,,,,,,,,0,696328
2023-09-22,3,,,,,,,,,,,,,,,,0,343394
2023-09-22,9,,,,,,,,,,,,,,,,0,596392
2023-09-23,1,,,,,,,,,,,,,,,,0,892057
2023-09-23,2,,,,,,,,,,,,,,,,0,696328
2023-09-23,3,,,,,,,,,,,,,,,,0,343394
2023-09-23,9,,,,,,,,,,,,,,,,0,596392
2023-09-24,1,,,,,,,,,,,,,,,,0,892057
2023-09-24,2,,,,,,,,,,,,,,,,0,696328
2023-09-24,3,,,,,,,,,,,,,,,,0,343394
2023-09-24,9,,,,,,,,,,,,,,,,0,596392
2023-09-25,1,,,,,,,,,,,,,,,,0,892057
2023-09-25,2,,,,,,,,,,,,,,,,0,696328
2023-09-25,3,,,,,,,,,,,,,,,,0,343394
2023-09-25,9,,,,,,,,,,,,,,,,0,596392
2023-09-26,1,,,,,,,,,,,,,,,,0,892057
2023-09-26,2,,,,,,,,,,,,,,,,0,696328
2023-09-26,3,,,,,,,,,,,,,,,,0,343394
2023-09-26,9,,,,,,,,,,,,,,,,0,596392
2023-09-27,1,,,,,,,,,,,,,,,,0,892057
2023-09-27,2,,,,,,,,,,,,,,,,0,696328
2023-09-27,3,,,,,,,,,,,,,,,,0,343394
2023-09-27,9,,,,,,,,,,,,,,,,0,596392
2023-09-28,1,,,,,,,,,,,,,,,,0,892057
2023-09-28,2,,,,,,,,,,,,,,,,0,696328
2023-09-28,3,,,,,,,,,,,,,,,,0,343394
2023-09-28,9,,,,,,,,,,,,,,,,0,596392
2023-09-29,1,,,,,,,,,,,,,,,,0,892057
2023-09-29,2,,,,,,,,,,,,,,,,0,696328
2023-09-29,3,,,,,,,,,,,,,,,,0,343394
2023-09-29,9,,,,,,,,,,,,,,,,0,596392
2023-09-30,1,,,,,,,,,,,,,,,,0,892057
2023-09-30,2,,,,,,,,,,,,,,,,0,696328
2023-09-30,3,,,,,,,,,,,,,,,,0,343394
2023-09-30,9,,,,,,,,,,,,,,,,0,596392
2023-10-01,1,,,,,,,,,,,,,,,,0,892057
2023-10-01,2,,,,,,,,,,,,,,,,0,696328
2023-10-01,3,,,,,,,,,,,,,,,,0,343394
2023-10-01,9,,,,,,,,,,,,,,,,0,596392
2023-10-02,1,,,,,,,,,,,,,,,,0,892057
2023-10-02,2,,,,,,,,,,,,,,,,0,696328
2023-10-02,3,,,,,,,,,,,,,,,,0,343394
2023-10-02,9,,,,,,,,,,,,,,,,0,596392
2023-10-03,1,,,,,,,,,,,,,,,,0,892057
2023-10-03,2,,,,,,,,,,,,,,,,0,696328
2023-10-03,3,,,,,,,,,,,,,,,,0,343394
2023-10-03,9,,,,,,,,,,,,,,,,0,596392
2023-10-04,1,,,,,,,,,,,,,,,,0,892057
2023-10-04,2,,,,,,,,,,,,,,,,0,696328
2023-10-04,3,,,,,,,,,,,,,,,,0,343394
2023-10-04,9,,,,,,,,,,,,,,,,0,596392
2023-10-05,1,,,,,,,,,,,,,,,,0,892057
2023-10-05,2,,,,,,,,,,,,,,,,0,696328
2023-10-05,3,,,,,,,,,,,,,,,,0,343394
2023-10-05,9,,,,,,,,,,,,,,,,0,596392
2023-10-06,1,,,,,,,,,,,,,,,,0,892057
2023-10-06,2,,,,,,,,,,,,,,,,0,696328
2023-10-06,3,,,,,,,,,,,,,,,,0,343394
2023-10-06,9,,,,,,,,,,,,,,,,0,596392
2023-10-07,1,,,,,,,,,,,,,,,,0,892057
2023-10-07,2,,,,,,,,,,,,,,,,0,696328
2023-10-07,3,,,,,,,,,,,,,,,,0,343394
2023-10-07,9,,,,,,,,,,,,,,,,0,596392
2023-10-08,1,,,,,,,,,,,,,,,,0,892057
2023-10-08,2,,,,,,,,,,,,,,,,0,696328
2023-10-08,3,,,,,,,,,,,,,,,,0,343394
2023-10-08,9,,,,,,,,,,,,,,,,0,596392
2023-10-09,1,,,,,,,,,,,,,,,,0,892057
2023-10-09,2,,,,,,,,,,,,,,,,0,696328
2023-10-09,3,,,,,,,,,,,,,,,,0,343394
2023-10-09,9,,,,,,,,,,,,,,,,0,596392
2023-10-10,1,,,,,,,,,,,,,,,,0,892057
2023-10-10,2,,,,,,,,,,,,,,,,0,696328
2023-10-10,3,,,,,,,,,,,,,,,,0,343394
2023-10-10,9,,,,,,,,,,,,,,,,0,596392
2023-10-11,1,,,,,,,,,,,,,,,,0,892057
2023-10-11,2,,,,,,,,,,,,,,,,0,696328
2023-10-11,3,,,,,,,,,,,,,,,,0,343394
2023-10-11,9,,,,,,,,,,,,,,,,0,596392
2023-10-12,1,,,,,,,,,,,,,,,,0,892057
2023-10-12,2,,,,,,,,,,,,,,,,0,696328
2023-10-12,3,,,,,,,,,,,,,,,,0,343394
2023-10-12,9,,,,,,,,,,,,,,,,0,596392
2023-10-13,1,,,,,,,,,,,,,,,,0,892057
2023-10-13,2,,,,,,,,,,,,,,,,0,696328
2023-10-13,3,,,,,,,,,,,,,,,,0,343394
2023-10-13,9,,,,,,,,,,,,,,,,0,596392
2023-10-14,1,,,,,,,,,,,,,,,,0,892057
2023-10-14,2,,,,,,,,,,,,,,,,0,696328
2023-10-14,3,,,,,,,,,,,,,,,,0,343394
2023-10-14,9,,,,,,,,,,,,,,,,0,596392
2023-10-15,1,,,,,,,,,,,,,,,,0,892057
2023-10-15,2,,,,,,,,,,,,,,,,0,696328
2023-10-15,3,,,,,,,,,,,,,,,,0,343394
2023-10-15,9,,,,,,,,,,,,,,,,0,596392
2023-10-16,1,,,,,,,,,,,,,,,,0,892057
2023-10-16,2,,,,,,,,,,,,,,,,0,696328
2023-10-16,3,,,,,,,,,,,,,,,,0,343394
2023-10-16,9,,,,,,,,,,,,,,,,0,596392
2023-10-17,1,,,,,,,,,,,,,,,,0,892057
2023-10-17,2,,,,,,,,,,,,,,,,0,696328
2023-10-17,3,,,,,,,,,,,,,,,,0,343394
2023-10-17,9,,,,,,,,,,,,,,,,0,596392
2023-10-18,1,,,,,,,,,,,,,,,,0,892057
2023-10-18,2,,,,,,,,,,,,,,,,0,696328
2023-10-18,3,,,,,,,,,,,,,,,,0,343394
2023-10-18,9,,,,,,,,,,,,,,,,0,596392
2023-10-19,1,,,,,,,,,,,,,,,,0,892057
2023-10-19,2,,,,,,,,,,,,,,,,0,696328
2023-10-19,3,,,,,,,,,,,,,,,,0,343394
2023-10-19,9,,,,,,,,,,,,,,,,0,596392
2023-10-20,1,,,,,,,,,,,,,,,,0,892057
2023-10-20,2,,,,,,,,,,,,,,,,0,696328
2023-10-20,3,,,,,,,,,,,,,,,,0,343394
2023-10-20,9,,,,,,,,,,,,,,,,0,596392
2023-10-21,1,,,,,,,,,,,,,,,,0,892057
2023-10-21,2,,,,,,,,,,,,,,,,0,696328
2023-10-21,3,,,,,,,,,,,,,,,,0,343394
2023-10-21,9,,,,,,,,,,,,,,,,0,596392
2023-10-22,1,,,,,,,,,,,,,,,,0,892057
2023-10-22,2,,,,,,,,,,,,,,,,0,696328
2023-10-22,3,,,,,,,,,,,,,,,,0,343394
2023-10-22,9,,,,,,,,,,,,,,,,0,596392
2023-10-23,1,,,,,,,,,,,,,,,,0,892057
2023-10-23,2,,,,,,,,,,,,,,,,0,696328
2023-10-23,3,,,,,,,,,,,,,,,,0,343394
2023-10-23,9,,,,,,,,,,,,,,,,0,596392
2023-10-24,1,,,,,,,,,,,,,,,,0,892057
2023-10-24,2,,,,,,,,,,,,,,,,0,696328
2023-10-24,3,,,,,,,,,,,,,,,,0,343394
2023-10-24,9,,,,,,,,,,,,,,,,0,596392
2023-10-25,1,,,,,,,,,,,,,,,,0,892057
2023-10-25,2,,,,,,,,,,,,,,,,0,696328
2023-10-25,3,,,,,,,,,,,,,,,,0,343394
2023-10-25,9,,,,,,,,,,,,,,,,0,596392
2023-10-26,1,,,,,,,,,,,,,,,,0,892057
2023-10-26,2,,,,,,,,,,,,,,,,0,696328
2023-10-26,3,,,,,,,,,,,,,,,,0,343394
2023-10-26,9,,,,,,,,,,,,,,,,0,596392
2023-10-27,1,,,,,,,,,,,,,,,,0,892057
2023-10-27,2,,,,,,,,,,,,,,,,0,696328
2023-10-27,3,,,,,,,,,,,,,,,,0,343394
2023-10-27,9,,,,,,,,,,,,,,,,0,596392
2023-10-28,1,,,,,,,,,,,,,,,,0,892057
2023-10-28,2,,,,,,,,,,,,,,,,0,696328
2023-10-28,3,,,,,,,,,,,,,,,,0,343394
2023-10-28,9,,,,,,,,,,,,,,,,0,596392
2023-10-29,1,,,,,,,,,,,,,,,,0,892057
2023-10-29,2,,,,,,,,,,,,,,,,0,696328
2023-10-29,3,,,,,,,,,,,,,,,,0,343394
2023-10-29,9,,,,,,,,,,,,,,,,0,596392
2023-10-30,1,,,,,,,,,,,,,,,,0,892057
2023-10-30,2,,,,,,,,,,,,,,,,0,696328
2023-10-30,3,,,,,,,,,,,,,,,,0,343394
2023-10-30,9,,,,,,,,,,,,,,,,0,596392
2023-10-31,1,,,,,,,,,,,,,,,,0,892057
2023-10-31,2,,,,,,,,,,,,,,,,0,696328
2023-10-31,3,,,,,,,,,,,,,,,,0,343394
2023-10-31,9,,,,,,,,,,,,,,,,0,596392
2023-11-01,1,,,,,,,,,,,,,,,,0,892057
2023-11-01,2,,,,,,,,,,,,,,,,0,696328
2023-11-01,3,,,,,,,,,,,,,,,,0,343394
2023-11-01,9,,,,,,,,,,,,,,,,0,596392
2023-11-02,1,,,,,,,,,,,,,,,,0,892057
2023-11-02,2,,,,,,,,,,,,,,,,0,696328
2023-11-02,3,,,,,,,,,,,,,,,,0,343394
2023-11-02,9,,,,,,,,,,,,,,,,0,596392
2023-11-03,1,,,,,,,,,,,,,,,,0,892057
2023-11-03,2,,,,,,,,,,,,,,,,0,696328
2023-11-03,3,,,,,,,,,,,,,,,,0,343394
2023-11-03,9,,,,,,,,,,,,,,,,0,596392
2023-11-04,1,,,,,,,,,,,,,,,,0,892057
2023-11-04,2,,,,,,,,,,,,,,,,0,696328
2023-11-04,3,,,,,,,,,,,,,,,,0,343394
2023-11-04,9,,,,,,,,,,,,,,,,0,596392
2023-11-05,1,,,,,,,,,,,,,,,,0,892057
2023-11-05,2,,,,,,,,,,,,,,,,0,696328
2023-11-05,3,,,,,,,,,,,,,,,,0,343394
2023-11-05,9,,,,,,,,,,,,,,,,0,596392
2023-11-06,1,,,,,,,,,,,,,,,,0,892057
2023-11-06,2,,,,,,,,,,,,,,,,0,696328
2023-11-06,3,,,,,,,,,,,,,,,,0,343394
2023-11-06,9,,,,,,,,,,,,,,,,0,596392
2023-11-07,1,,,,,,,,,,,,,,,,0,892057
2023-11-07,2,,,,,,,,,,,,,,,,0,696328
2023-11-07,3,,,,,,,,,,,,,,,,0,343394
2023-11-07,9,,,,,,,,,,,,,,,,0,596392
2023-11-08,1,,,,,,,,,,,,,,,,0,892057
2023-11-08,2,,,,,,,,,,,,,,,,0,696328
2023-11-08,3,,,,,,,,,,,,,,,,0,343394
2023-11-08,9,,,,,,,,,,,,,,,,0,596392
2023-11-09,1,,,,,,,,,,,,,,,,0,892057
2023-11-09,2,,,,,,,,,,,,,,,,0,696328
2023-11-09,3,,,,,,,,,,,,,,,,0,343394
2023-11-09,9,,,,,,,,,,,,,,,,0,596392
2023-11-10,1,,,,,,,,,,,,,,,,0,892057
2023-11-10,2,,,,,,,,,,,,,,,,0,696328
2023-11-10,3,,,,,,,,,,,,,,,,0,343394
2023-11-10,9,,,,,,,,,,,,,,,,0,596392
2023-11-11,1,,,,,,,,,,,,,,,,0,892057
2023-11-11,2,,,,,,,,,,,,,,,,0,696328
2023-11-11,3,,,,,,,,,,,,,,,,0,343394
2023-11-11,9,,,,,,,,,,,,,,,,0,596392
2023-11-12,1,,,,,,,,,,,,,,,,0,892057
2023-11-12,2,,,,,,,,,,,,,,,,0,696328
2023-11-12,3,,,,,,,,,,,,,,,,0,343394
2023-11-12,9,,,,,,,,,,,,,,,,0,596392
2023-11-13,1,,,,,,,,,,,,,,,,0,892057
2023-11-13,2,,,,,,,,,,,,,,,,0,696328
2023-11-13,3,,,,,,,,,,,,,,,,0,343394
2023-11-13,9,,,,,,,,,,,,,,,,0,596392
2023-11-14,1,,,,,,,,,,,,,,,,0,892057
2023-11-14,2,,,,,,,,,,,,,,,,0,696328
2023-11-14,3,,,,,,,,,,,,,,,,0,343394
2023-11-14,9,,,,,,,,,,,,,,,,0,596392
2023-11-15,1,,,,,,,,,,,,,,,,0,892057
2023-11-15,2,,,,,,,,,,,,,,,,0,696328
2023-11-15,3,,,,,,,,,,,,,,,,0,343394
2023-11-15,9,,,,,,,,,,,,,,,,0,596392
2023-11-16,1,,,,,,,,,,,,,,,,0,892057
2023-11-16,2,,,,,,,,,,,,,,,,0,696328
2023-11-16,3,,,,,,,,,,,,,,,,0,343394
2023-11-16,9,,,,,,,,,,,,,,,,0,596392
2023-11-17,1,,,,,,,,,,,,,,,,0,892057
2023-11-17,2,,,,,,,,,,,,,,,,0,696328
2023-11-17,3,,,,,,,,,,,,,,,,0,343394
2023-11-17,9,,,,,,,,,,,,,,,,0,596392
2023-11-18,1,,,,,,,,,,,,,,,,0,892057
2023-11-18,2,,,,,,,,,,,,,,,,0,696328
2023-11-18,3,,,,,,,,,,,,,,,,0,343394
2023-11-18,9,,,,,,,,,,,,,,,,0,596392
2023-11-19,1,,,,,,,,,,,,,,,,0,892057
2023-11-19,2,,,,,,,,,,,,,,,,0,696328
2023-11-19,3,,,,,,,,,,,,,,,,0,343394
2023-11-19,9,,,,,,,,,,,,,,,,0,596392
2023-11-20,1,,,,,,,,,,,,,,,,0,892057
2023-11-20,2,,,,,,,,,,,,,,,,0,696328
2023-11-20,3,,,,,,,,,,,,,,,,0,343394
2023-11-20,9,,,,,,,,,,,,,,,,0,596392
2023-11-21,1,,,,,,,,,,,,,,,,0,892057
2023-11-21,2,,,,,,,,,,,,,,,,0,696328
2023-11-21,3,,,,,,,,,,,,,,,,0,343394
2023-11-21,9,,,,,,,,,,,,,,,,0,596392
2023-11-22,1,,,,,,,,,,,,,,,,0,892057
2023-11-22,2,,,,,,,,,,,,,,,,0,696328
2023-11-22,3,,,,,,,,,,,,,,,,0,343394
2023-11-22,9,,,,,,,,,,,,,,,,0,596392
2023-11-23,1,,,,,,,,,,,,,,,,0,892057
2023-11-23,2,,,,,,,,,,,,,,,,0,696328
2023-11-23,3,,,,,,,,,,,,,,,,0,343394
2023-11-23,9,,,,,,,,,,,,,,,,0,596392
2023-11-24,1,,,,,,,,,,,,,,,,0,892057
2023-11-24,2,,,,,,,,,,,,,,,,0,696328
2023-11-24,3,,,,,,,,,,,,,,,,0,343394
2023-11-24,9,,,,,,,,,,,,,,,,0,596392
2023-11-25,1,,,,,,,,,,,,,,,,0,892057
2023-11-25,2,,,,,,,,,,,,,,,,0,696328
2023-11-25,3,,,,,,,,,,,,,,,,0,343394
2023-11-25,9,,,,,,,,,,,,,,,,0,596392
2023-11-26,1,,,,,,,,,,,,,,,,0,892057
2023-11-26,2,,,,,,,,,,,,,,,,0,696328
2023-11-26,3,,,,,,,,,,,,,,,,0,343394
2023-11-26,9,,,,,,,,,,,,,,,,0,596392
2023-11-27,1,,,,,,,,,,,,,,,,0,892057
2023-11-27,2,,,,,,,,,,,,,,,,0,696328
2023-11-27,3,,,,,,,,,,,,,,,,0,343394
2023-11-27,9,,,,,,,,,,,,,,,,0,596392
2023-11-28,1,,,,,,,,,,,,,,,,0,892057
2023-11-28,2,,,,,,,,,,,,,,,,0,696328
2023-11-28,3,,,,,,,,,,,,,,,,0,343394
2023-11-28,9,,,,,,,,,,,,,,,,0,596392
2023-11-29,1,,,,,,,,,,,,,,,,0,892057
2023-11-29,2,,,,,,,,,,,,,,,,0,696328
2023-11-29,3,,,,,,,,,,,,,,,,0,343394
2023-11-29,9,,,,,,,,,,,,,,,,0,596392
2023-11-30,1,,,,,,,,,,,,,,,,0,892057
2023-11-30,2,,,,,,,,,,,,,,,,0,696328
2023-11-30,3,,,,,,,,,,,,,,,,0,343394
2023-11-30,9,,,,,,,,,,,,,,,,0,596392
2023-12-01,1,,,,,,,,,,,,,,,,0,892057
2023-12-01,2,,,,,,,,,,,,,,,,0,696328
2023-12-01,3,,,,,,,,,,,,,,,,0,343394
2023-12-01,9,,,,,,,,,,,,,,,,0,596392
2023-12-02,1,,,,,,,,,,,,,,,,0,892057
2023-12-02,2,,,,,,,,,,,,,,,,0,696328
2023-12-02,3,,,,,,,,,,,,,,,,0,343394
2023-12-02,9,,,,,,,,,,,,,,,,0,596392
2023-12-03,1,,,,,,,,,,,,,,,,0,892057
2023-12-03,2,,,,,,,,,,,,,,,,0,696328
2023-12-03,3,,,,,,,,,,,,,,,,0,343394
2023-12-03,9,,,,,,,,,,,,,,,,0,596392
2023-12-04,1,,,,,,,,,,,,,,,,0,892057
2023-12-04,2,,,,,,,,,,,,,,,,0,696328
2023-12-04,3,,,,,,,,,,,,,,,,0,343394
2023-12-04,9,,,,,,,,,,,,,,,,0,596392
2023-12-05,1,,,,,,,,,,,,,,,,0,892057
2023-12-05,2,,,,,,,,,,,,,,,,0,696328
2023-12-05,3,,,,,,,,,,,,,,,,0,343394
2023-12-05,9,,,,,,,,,,,,,,,,0,596392
2023-12-06,1,,,,,,,,,,,,,,,,0,892057
2023-12-06,2,,,,,,,,,,,,,,,,0,696328
2023-12-06,3,,,,,,,,,,,,,,,,0,343394
2023-12-06,9,,,,,,,,,,,,,,,,0,596392
2023-12-07,1,,,,,,,,,,,,,,,,0,892057
2023-12-07,2,,,,,,,,,,,,,,,,0,696328
2023-12-07,3,,,,,,,,,,,,,,,,0,343394
2023-12-07,9,,,,,,,,,,,,,,,,0,596392
2023-12-08,1,,,,,,,,,,,,,,,,0,892057
2023-12-08,2,,,,,,,,,,,,,,,,0,696328
2023-12-08,3,,,,,,,,,,,,,,,,0,343394
2023-12-08,9,,,,,,,,,,,,,,,,0,596392
2023-12-09,1,,,,,,,,,,,,,,,,0,892057
2023-12-09,2,,,,,,,,,,,,,,,,0,696328
2023-12-09,3,,,,,,,,,,,,,,,,0,343394
2023-12-09,9,,,,,,,,,,,,,,,,0,596392
2023-12-10,1,,,,,,,,,,,,,,,,0,892057
2023-12-10,2,,,,,,,,,,,,,,,,0,696328
2023-12-10,3,,,,,,,,,,,,,,,,0,343394
2023-12-10,9,,,,,,,,,,,,,,,,0,596392
2023-12-11,1,,,,,,,,,,,,,,,,0,892057
2023-12-11,2,,,,,,,,,,,,,,,,0,696328
2023-12-11,3,,,,,,,,,,,,,,,,0,343394
2023-12-11,9,,,,,,,,,,,,,,,,0,596392
2023-12-12,1,,,,,,,,,,,,,,,,0,892057
2023-12-12,2,,,,,,,,,,,,,,,,0,696328
2023-12-12,3,,,,,,,,,,,,,,,,0,343394
2023-12-12,9,,,,,,,,,,,,,,,,0,596392
2023-12-13,1,,,,,,,,,,,,,,,,0,892057
2023-12-13,2,,,,,,,,,,,,,,,,0,696328
2023-12-13,3,,,,,,,,,,,,,,,,0,343394
2023-12-13,9,,,,,,,,,,,,,,,,0,596392
2023-12-14,1,,,,,,,,,,,,,,,,0,892057
2023-12-14,2,,,,,,,,,,,,,,,,0,696328
2023-12-14,3,,,,,,,,,,,,,,,,0,343394
2023-12-14,9,,,,,,,,,,,,,,,,0,596392
2023-12-15,1,,,,,,,,,,,,,,,,0,892057
2023-12-15,2,,,,,,,,,,,,,,,,0,696328
2023-12-15,3,,,,,,,,,,,,,,,,0,343394
2023-12-15,9,,,,,,,,,,,,,,,,0,596392
2023-12-16,1,,,,,,,,,,,,,,,,0,892057
2023-12-16,2,,,,,,,,,,,,,,,,0,696328
2023-12-16,3,,,,,,,,,,,,,,,,0,343394
2023-12-16,9,,,,,,,,,,,,,,,,0,596392
2023-12-17,1,,,,,,,,,,,,,,,,0,892057
2023-12-17,2,,,,,,,,,,,,,,,,0,696328
2023-12-17,3,,,,,,,,,,,,,,,,0,343394
2023-12-17,9,,,,,,,,,,,,,,,,0,596392
2023-12-18,1,,,,,,,,,,,,,,,,0,892057
2023-12-18,2,,,,,,,,,,,,,,,,0,696328
2023-12-18,3,,,,,,,,,,,,,,,,0,343394
2023-12-18,9,,,,,,,,,,,,,,,,0,596392
2023-12-19,1,,,,,,,,,,,,,,,,0,892057
2023-12-19,2,,,,,,,,,,,,,,,,0,696328
2023-12-19,3,,,,,,,,,,,,,,,,0,343394
2023-12-19,9,,,,,,,,,,,,,,,,0,596392
2023-12-20,1,,,,,,,,,,,,,,,,0,892057
2023-12-20,2,,,,,,,,,,,,,,,,0,696328
2023-12-20,3,,,,,,,,,,,,,,,,0,343394
2023-12-20,9,,,,,,,,,,,,,,,,0,596392
2023-12-21,1,,,,,,,,,,,,,,,,0,892057
2023-12-21,2,,,,,,,,,,,,,,,,0,696328
2023-12-21,3,,,,,,,,,,,,,,,,0,343394
2023-12-21,9,,,,,,,,,,,,,,,,0,596392
2023-12-22,1,,,,,,,,,,,,,,,,0,892057
2023-12-22,2,,,,,,,,,,,,,,,,0,696328
2023-12-22,3,,,,,,,,,,,,,,,,0,343394
2023-12-22,9,,,,,,,,,,,,,,,,0,596392
2023-12-23,1,,,,,,,,,,,,,,,,0,892057
2023-12-23,2,,,,,,,,,,,,,,,,0,696328
2023-12-23,3,,,,,,,,,,,,,,,,0,343394
2023-12-23,9,,,,,,,,,,,,,,,,0,596392
2023-12-24,1,,,,,,,,,,,,,,,,0,892057
2023-12-24,2,,,,,,,,,,,,,,,,0,696328
2023-12-24,3,,,,,,,,,,,,,,,,0,343394
2023-12-24,9,,,,,,,,,,,,,,,,0,596392
2023-12-25,1,,,,,,,,,,,,,,,,0,892057
2023-12-25,2,,,,,,,,,,,,,,,,0,696328
2023-12-25,3,,,,,,,,,,,,,,,,0,343394
2023-12-25,9,,,,,,,,,,,,,,,,0,596392
2023-12-26,1,,,,,,,,,,,,,,,,0,892057
2023-12-26,2,,,,,,,,,,,,,,,,0,696328
2023-12-26,3,,,,,,,,,,,,,,,,0,343394
2023-12-26,9,,,,,,,,,,,,,,,,0,596392
2023-12-27,1,,,,,,,,,,,,,,,,0,892057
2023-12-27,2,,,,,,,,,,,,,,,,0,696328
2023-12-27,3,,,,,,,,,,,,,,,,0,343394
2023-12-27,9,,,,,,,,,,,,,,,,0,596392
2023-12-28,1,,,,,,,,,,,,,,,,0,892057
2023-12-28,2,,,,,,,,,,,,,,,,0,696328
2023-12-28,3,,,,,,,,,,,,,,,,0,343394
2023-12-28,9,,,,,,,,,,,,,,,,0,596392
2023-12-29,1,,,,,,,,,,,,,,,,0,892057
2023-12-29,2,,,,,,,,,,,,,,,,0,696328
2023-12-29,3,,,,,,,,,,,,,,,,0,343394
2023-12-29,9,,,,,,,,,,,,,,,,0,596392
2023-12-30,1,,,,,,,,,,,,,,,,0,892057
2023-12-30,2,,,,,,,,,,,,,,,,0,696328
2023-12-30,3,,,,,,,,,,,,,,,,0,343394
2023-12-30,9,,,,,,,,,,,,,,,,0,596392
2023-12-31,1,,,,,,,,,,,,,,,,0,892057
2023-12-31,2,,,,,,,,,,,,,,,,0,696328
2023-12-31,3,,,,,,,,,,,,,,,,0,343394
2023-12-31,9,,,,,,,,,,,,,,,,0,596392
2024-01-01,1,,,,,,,,,,,,,,,,0,892057
2024-01-01,2,,,,,,,,,,,,,,,,0,696328
2024-01-01,3,,,,,,,,,,,,,,,,0,343394
2024-01-01,9,,,,,,,,,,,,,,,,0,596392
2024-01-02,1,,,,,,,,,,,,,,,,0,892057
2024-01-02,2,,,,,,,,,,,,,,,,0,696328
2024-01-02,3,,,,,,,,,,,,,,,,0,343394
2024-01-02,9,,,,,,,,,,,,,,,,0,596392
2024-01-03,1,,,,,,,,,,,,,,,,0,892057
2024-01-03,2,,,,,,,,,,,,,,,,0,696328
2024-01-03,3,,,,,,,,,,,,,,,,0,343394
2024-01-03,9,,,,,,,,,,,,,,,,0,596392
2024-01-04,1,,,,,,,,,,,,,,,,0,892057
2024-01-04,2,,,,,,,,,,,,,,,,0,696328
2024-01-04,3,,,,,,,,,,,,,,,,0,343394
2024-01-04,9,,,,,,,,,,,,,,,,0,596392
2024-01-05,1,,,,,,,,,,,,,,,,0,892057
2024-01-05,2,,,,,,,,,,,,,,,,0,696328
2024-01-05,3,,,,,,,,,,,,,,,,0,343394
2024-01-05,9,,,,,,,,,,,,,,,,0,596392
2024-01-06,1,,,,,,,,,,,,,,,,0,892057
2024-01-06,2,,,,,,,,,,,,,,,,0,696328
2024-01-06,3,,,,,,,,,,,,,,,,0,343394
2024-01-06,9,,,,,,,,,,,,,,,,0,596392
2024-01-07,1,,,,,,,,,,,,,,,,0,892057
2024-01-07,2,,,,,,,,,,,,,,,,0,696328
2024-01-07,3,,,,,,,,,,,,,,,,0,343394
2024-01-07,9,,,,,,,,,,,,,,,,0,596392
2024-01-08,1,,,,,,,,,,,,,,,,0,892057
2024-01-08,2,,,,,,,,,,,,,,,,0,696328
2024-01-08,3,,,,,,,,,,,,,,,,0,343394
2024-01-08,9,,,,,,,,,,,,,,,,0,596392
2024-01-09,1,,,,,,,,,,,,,,,,0,892057
2024-01-09,2,,,,,,,,,,,,,,,,0,696328
2024-01-09,3,,,,,,,,,,,,,,,,0,343394
2024-01-09,9,,,,,,,,,,,,,,,,0,596392
2024-01-10,1,,,,,,,,,,,,,,,,0,892057
2024-01-10,2,,,,,,,,,,,,,,,,0,696328
2024-01-10,3,,,,,,,,,,,,,,,,0,343394
2024-01-10,9,,,,,,,,,,,,,,,,0,596392
2024-01-11,1,,,,,,,,,,,,,,,,0,892057
2024-01-11,2,,,,,,,,,,,,,,,,0,696328
2024-01-11,3,,,,,,,,,,,,,,,,0,343394
2024-01-11,9,,,,,,,,,,,,,,,,0,596392
2024-01-12,1,,,,,,,,,,,,,,,,0,892057
2024-01-12,2,,,,,,,,,,,,,,,,0,696328
2024-01-12,3,,,,,,,,,,,,,,,,0,343394
2024-01-12,9,,,,,,,,,,,,,,,,0,596392
2024-01-13,1,,,,,,,,,,,,,,,,0,892057
2024-01-13,2,,,,,,,,,,,,,,,,0,696328
2024-01-13,3,,,,,,,,,,,,,,,,0,343394
2024-01-13,9,,,,,,,,,,,,,,,,0,596392
2024-01-14,1,,,,,,,,,,,,,,,,0,892057
2024-01-14,2,,,,,,,,,,,,,,,,0,696328
2024-01-14,3,,,,,,,,,,,,,,,,0,343394
2024-01-14,9,,,,,,,,,,,,,,,,0,596392
2024-01-15,1,,,,,,,,,,,,,,,,0,892057
2024-01-15,2,,,,,,,,,,,,,,,,0,696328
2024-01-15,3,,,,,,,,,,,,,,,,0,343394
2024-01-15,9,,,,,,,,,,,,,,,,0,596392
2024-01-16,1,,,,,,,,,,,,,,,,0,892057
2024-01-16,2,,,,,,,,,,,,,,,,0,696328
2024-01-16,3,,,,,,,,,,,,,,,,0,343394
2024-01-16,9,,,,,,,,,,,,,,,,0,596392
2024-01-17,1,,,,,,,,,,,,,,,,0,892057
2024-01-17,2,,,,,,,,,,,,,,,,0,696328
2024-01-17,3,,,,,,,,,,,,,,,,0,343394
2024-01-17,9,,,,,,,,,,,,,,,,0,596392
2024-01-18,1,,,,,,,,,,,,,,,,0,892057
2024-01-18,2,,,,,,,,,,,,,,,,0,696328
2024-01-18,3,,,,,,,,,,,,,,,,0,343394
2024-01-18,9,,,,,,,,,,,,,,,,0,596392
2024-01-19,1,,,,,,,,,,,,,,,,0,892057
2024-01-19,2,,,,,,,,,,,,,,,,0,696328
2024-01-19,3,,,,,,,,,,,,,,,,0,343394
2024-01-19,9,,,,,,,,,,,,,,,,0,596392
2024-01-20,1,,,,,,,,,,,,,,,,0,892057
2024-01-20,2,,,,,,,,,,,,,,,,0,696328
2024-01-20,3,,,,,,,,,,,,,,,,0,343394
2024-01-20,9,,,,,,,,,,,,,,,,0,596392
2024-01-21,1,,,,,,,,,,,,,,,,0,892057
2024-01-21,2,,,,,,,,,,,,,,,,0,696328
2024-01-21,3,,,,,,,,,,,,,,,,0,343394
2024-01-21,9,,,,,,,,,,,,,,,,0,596392
2024-01-22,1,,,,,,,,,,,,,,,,0,892057
2024-01-22,2,,,,,,,,,,,,,,,,0,696328
2024-01-22,3,,,,,,,,,,,,,,,,0,343394
2024-01-22,9,,,,,,,,,,,,,,,,0,596392
2024-01-23,1,,,,,,,,,,,,,,,,0,892057
2024-01-23,2,,,,,,,,,,,,,,,,0,696328
2024-01-23,3,,,,,,,,,,,,,,,,0,343394
2024-01-23,9,,,,,,,,,,,,,,,,0,596392
2024-01-24,1,,,,,,,,,,,,,,,,0,892057
2024-01-24,2,,,,,,,,,,,,,,,,0,696328
2024-01-24,3,,,,,,,,,,,,,,,,0,343394
2024-01-24,9,,,,,,,,,,,,,,,,0,596392
2024-01-25,1,,,,,,,,,,,,,,,,0,892057
2024-01-25,2,,,,,,,,,,,,,,,,0,696328
2024-01-25,3,,,,,,,,,,,,,,,,0,343394
2024-01-25,9,,,,,,,,,,,,,,,,0,596392
2024-01-26,1,,,,,,,,,,,,,,,,0,892057
2024-01-26,2,,,,,,,,,,,,,,,,0,696328
2024-01-26,3,,,,,,,,,,,,,,,,0,343394
2024-01-26,9,,,,,,,,,,,,,,,,0,596392
2024-01-27,1,,,,,,,,,,,,,,,,0,892057
2024-01-27,2,,,,,,,,,,,,,,,,0,696328
2024-01-27,3,,,,,,,,,,,,,,,,0,343394
2024-01-27,9,,,,,,,,,,,,,,,,0,596392
2024-01-28,1,,,,,,,,,,,,,,,,0,892057
2024-01-28,2,,,,,,,,,,,,,,,,0,696328
2024-01-28,3,,,,,,,,,,,,,,,,0,343394
2024-01-28,9,,,,,,,,,,,,,,,,0,596392
2024-01-29,1,,,,,,,,,,,,,,,,0,892057
2024-01-29,2,,,,,,,,,,,,,,,,0,696328
2024-01-29,3,,,,,,,,,,,,,,,,0,343394
2024-01-29,9,,,,,,,,,,,,,,,,0,596392
2024-01-30,1,,,,,,,,,,,,,,,,0,892057
2024-01-30,2,,,,,,,,,,,,,,,,0,696328
2024-01-30,3,,,,,,,,,,,,,,,,0,343394
2024-01-30,9,,,,,,,,,,,,,,,,0,596392
2024-01-31,1,,,,,,,,,,,,,,,,0,892057
2024-01-31,2,,,,,,,,,,,,,,,,0,696328
2024-01-31,3,,,,,,,,,,,,,,,,0,343394
2024-01-31,9,,,,,,,,,,,,,,,,0,596392
2024-02-01,1,,,,,,,,,,,,,,,,0,892057
2024-02-01,2,,,,,,,,,,,,,,,,0,696328
2024-02-01,3,,,,,,,,,,,,,,,,0,343394
2024-02-01,9,,,,,,,,,,,,,,,,0,596392
2024-02-02,1,,,,,,,,,,,,,,,,0,892057
2024-02-02,2,,,,,,,,,,,,,,,,0,696328
2024-02-02,3,,,,,,,,,,,,,,,,0,343394
2024-02-02,9,,,,,,,,,,,,,,,,0,596392
2024-02-03,1,,,,,,,,,,,,,,,,0,892057
2024-02-03,2,,,,,,,,,,,,,,,,0,696328
2024-02-03,3,,,,,,,,,,,,,,,,0,343394
2024-02-03,9,,,,,,,,,,,,,,,,0,596392
2024-02-04,1,,,,,,,,,,,,,,,,0,892057
2024-02-04,2,,,,,,,,,,,,,,,,0,696328
2024-02-04,3,,,,,,,,,,,,,,,,0,343394
2024-02-04,9,,,,,,,,,,,,,,,,0,596392
2024-02-05,1,,,,,,,,,,,,,,,,0,892057
2024-02-05,2,,,,,,,,,,,,,,,,0,696328
2024-02-05,3,,,,,,,,,,,,,,,,0,343394
2024-02-05,9,,,,,,,,,,,,,,,,0,596392
2024-02-06,1,,,,,,,,,,,,,,,,0,892057
2024-02-06,2,,,,,,,,,,,,,,,,0,696328
2024-02-06,3,,,,,,,,,,,,,,,,0,343394
2024-02-06,9,,,,,,,,,,,,,,,,0,596392
2024-02-07,1,,,,,,,,,,,,,,,,0,892057
2024-02-07,2,,,,,,,,,,,,,,,,0,696328
2024-02-07,3,,,,,,,,,,,,,,,,0,343394
2024-02-07,9,,,,,,,,,,,,,,,,0,596392
2024-02-08,1,,,,,,,,,,,,,,,,0,892057
2024-02-08,2,,,,,,,,,,,,,,,,0,696328
2024-02-08,3,,,,,,,,,,,,,,,,0,343394
2024-02-08,9,,,,,,,,,,,,,,,,0,596392
2024-02-09,1,,,,,,,,,,,,,,,,0,892057
2024-02-09,2,,,,,,,,,,,,,,,,0,696328
2024-02-09,3,,,,,,,,,,,,,,,,0,343394
2024-02-09,9,,,,,,,,,,,,,,,,0,596392
2024-02-10,1,,,,,,,,,,,,,,,,0,892057
2024-02-10,2,,,,,,,,,,,,,,,,0,696328
2024-02-10,3,,,,,,,,,,,,,,,,0,343394
2024-02-10,9,,,,,,,,,,,,,,,,0,596392
2024-02-11,1,,,,,,,,,,,,,,,,0,892057
2024-02-11,2,,,,,,,,,,,,,,,,0,696328
2024-02-11,3,,,,,,,,,,,,,,,,0,343394
2024-02-11,9,,,,,,,,,,,,,,,,0,596392
2024-02-12,1,,,,,,,,,,,,,,,,0,892057
2024-02-12,2,,,,,,,,,,,,,,,,0,696328
2024-02-12,3,,,,,,,,,,,,,,,,0,343394
2024-02-12,9,,,,,,,,,,,,,,,,0,596392
2024-02-13,1,,,,,,,,,,,,,,,,0,892057
2024-02-13,2,,,,,,,,,,,,,,,,0,696328
2024-02-13,3,,,,,,,,,,,,,,,,0,343394
2024-02-13,9,,,,,,,,,,,,,,,,0,596392
2024-02-14,1,,,,,,,,,,,,,,,,0,892057
2024-02-14,2,,,,,,,,,,,,,,,,0,696328
2024-02-14,3,,,,,,,,,,,,,,,,0,343394
2024-02-14,9,,,,,,,,,,,,,,,,0,596392
2024-02-15,1,,,,,,,,,,,,,,,,0,892057
2024-02-15,2,,,,,,,,,,,,,,,,0,696328
2024-02-15,3,,,,,,,,,,,,,,,,0,343394
2024-02-15,9,,,,,,,,,,,,,,,,0,596392
2024-02-16,1,,,,,,,,,,,,,,,,0,892057
2024-02-16,2,,,,,,,,,,,,,,,,0,696328
2024-02-16,3,,,,,,,,,,,,,,,,0,343394
2024-02-16,9,,,,,,,,,,,,,,,,0,596392
2024-02-17,1,,,,,,,,,,,,,,,,0,892057
2024-02-17,2,,,,,,,,,,,,,,,,0,696328
2024-02-17,3,,,,,,,,,,,,,,,,0,343394
2024-02-17,9,,,,,,,,,,,,,,,,0,596392
2024-02-18,1,,,,,,,,,,,,,,,,0,892057
2024-02-18,2,,,,,,,,,,,,,,,,0,696328
2024-02-18,3,,,,,,,,,,,,,,,,0,343394
2024-02-18,9,,,,,,,,,,,,,,,,0,596392
2024-02-19,1,,,,,,,,,,,,,,,,0,892057
2024-02-19,2,,,,,,,,,,,,,,,,0,696328
2024-02-19,3,,,,,,,,,,,,,,,,0,343394
2024-02-19,9,,,,,,,,,,,,,,,,0,596392
2024-02-20,1,,,,,,,,,,,,,,,,0,892057
2024-02-20,2,,,,,,,,,,,,,,,,0,696328
2024-02-20,3,,,,,,,,,,,,,,,,0,343394
2024-02-20,9,,,,,,,,,,,,,,,,0,596392
2024-02-21,1,,,,,,,,,,,,,,,,0,892057
2024-02-21,2,,,,,,,,,,,,,,,,0,696328
2024-02-21,3,,,,,,,,,,,,,,,,0,343394
2024-02-21,9,,,,,,,,,,,,,,,,0,596392
2024-02-22,1,,,,,,,,,,,,,,,,0,892057
2024-02-22,2,,,,,,,,,,,,,,,,0,696328
2024-02-22,3,,,,,,,,,,,,,,,,0,343394
2024-02-22,9,,,,,,,,,,,,,,,,0,596392
2024-02-23,1,,,,,,,,,,,,,,,,0,892057
2024-02-23,2,,,,,,,,,,,,,,,,0,696328
2024-02-23,3,,,,,,,,,,,,,,,,0,343394
2024-02-23,9,,,,,,,,,,,,,,,,0,596392
2024-02-24,1,,,,,,,,,,,,,,,,0,892057
2024-02-24,2,,,,,,,,,,,,,,,,0,696328
2024-02-24,3,,,,,,,,,,,,,,,,0,343394
2024-02-24,9,,,,,,,,,,,,,,,,0,596392
2024-02-25,1,,,,,,,,,,,,,,,,0,892057
2024-02-25,2,,,,,,,,,,,,,,,,0,696328
2024-02-25,3,,,,,,,,,,,,,,,,0,343394
2024-02-25,9,,,,,,,,,,,,,,,,0,596392
2024-02-26,1,,,,,,,,,,,,,,,,0,892057
2024-02-26,2,,,,,,,,,,,,,,,,0,696328
2024-02-26,3,,,,,,,,,,,,,,,,0,343394
2024-02-26,9,,,,,,,,,,,,,,,,0,596392
2024-02-27,1,,,,,,,,,,,,,,,,0,892057
2024-02-27,2,,,,,,,,,,,,,,,,0,696328
2024-02-27,3,,,,,,,,,,,,,,,,0,343394
2024-02-27,9,,,,,,,,,,,,,,,,0,596392
2024-02-28,1,,,,,,,,,,,,,,,,0,892057
2024-02-28,2,,,,,,,,,,,,,,,,0,696328
2024-02-28,3,,,,,,,,,,,,,,,,0,343394
2024-02-28,9,,,,,,,,,,,,,,,,0,596392
2024-02-29,1,,,,,,,,,,,,,,,,0,892057
2024-02-29,2,,,,,,,,,,,,,,,,0,696328
2024-02-29,3,,,,,,,,,,,,,,,,0,343394
2024-02-29,9,,,,,,,,,,,,,,,,0,596392
2024-03-01,1,,,,,,,,,,,,,,,,0,892057
2024-03-01,2,,,,,,,,,,,,,,,,0,696328
2024-03-01,3,,,,,,,,,,,,,,,,0,343394
2024-03-01,9,,,,,,,,,,,,,,,,0,596392
2024-03-02,1,,,,,,,,,,,,,,,,0,892057
2024-03-02,2,,,,,,,,,,,,,,,,0,696328
2024-03-02,3,,,,,,,,,,,,,,,,0,343394
2024-03-02,9,,,,,,,,,,,,,,,,0,596392
2024-03-03,1,,,,,,,,,,,,,,,,0,892057
2024-03-03,2,,,,,,,,,,,,,,,,0,696328
2024-03-03,3,,,,,,,,,,,,,,,,0,343394
2024-03-03,9,,,,,,,,,,,,,,,,0,596392
2024-03-04,1,,,,,,,,,,,,,,,,0,892057
2024-03-04,2,,,,,,,,,,,,,,,,0,696328
2024-03-04,3,,,,,,,,,,,,,,,,0,343394
2024-03-04,9,,,,,,,,,,,,,,,,0,596392
2024-03-05,1,,,,,,,,,,,,,,,,0,892057
2024-03-05,2,,,,,,,,,,,,,,,,0,696328
2024-03-05,3,,,,,,,,,,,,,,,,0,343394
2024-03-05,9,,,,,,,,,,,,,,,,0,596392
2024-03-06,1,,,,,,,,,,,,,,,,0,892057
2024-03-06,2,,,,,,,,,,,,,,,,0,696328
2024-03-06,3,,,,,,,,,,,,,,,,0,343394
2024-03-06,9,,,,,,,,,,,,,,,,0,596392
2024-03-07,1,,,,,,,,,,,,,,,,0,892057
2024-03-07,2,,,,,,,,,,,,,,,,0,696328
2024-03-07,3,,,,,,,,,,,,,,,,0,343394
2024-03-07,9,,,,,,,,,,,,,,,,0,596392
2024-03-08,1,,,,,,,,,,,,,,,,0,892057
2024-03-08,2,,,,,,,,,,,,,,,,0,696328
2024-03-08,3,,,,,,,,,,,,,,,,0,343394
2024-03-08,9,,,,,,,,,,,,,,,,0,596392
2024-03-09,1,,,,,,,,,,,,,,,,0,892057
2024-03-09,2,,,,,,,,,,,,,,,,0,696328
2024-03-09,3,,,,,,,,,,,,,,,,0,343394
2024-03-09,9,,,,,,,,,,,,,,,,0,596392
2024-03-10,1,,,,,,,,,,,,,,,,0,892057
2024-03-10,2,,,,,,,,,,,,,,,,0,696328
2024-03-10,3,,,,,,,,,,,,,,,,0,343394
2024-03-10,9,,,,,,,,,,,,,,,,0,596392
2024-03-11,1,,,,,,,,,,,,,,,,0,892057
2024-03-11,2,,,,,,,,,,,,,,,,0,696328
2024-03-11,3,,,,,,,,,,,,,,,,0,343394
2024-03-11,9,,,,,,,,,,,,,,,,0,596392
2024-03-12,1,,,,,,,,,,,,,,,,0,892057
2024-03-12,2,,,,,,,,,,,,,,,,0,696328
2024-03-12,3,,,,,,,,,,,,,,,,0,343394
2024-03-12,9,,,,,,,,,,,,,,,,0,596392
2024-03-13,1,,,,,,,,,,,,,,,,0,892057
2024-03-13,2,,,,,,,,,,,,,,,,0,696328
2024-03-13,3,,,,,,,,,,,,,,,,0,343394
2024-03-13,9,,,,,,,,,,,,,,,,0,596392
2024-03-14,1,,,,,,,,,,,,,,,,0,892057
2024-03-14,2,,,,,,,,,,,,,,,,0,696328
2024-03-14,3,,,,,,,,,,,,,,,,0,343394
2024-03-14,9,,,,,,,,,,,,,,,,0,596392
2024-03-15,1,,,,,,,,,,,,,,,,0,892057
2024-03-15,2,,,,,,,,,,,,,,,,0,696328
2024-03-15,3,,,,,,,,,,,,,,,,0,343394
2024-03-15,9,,,,,,,,,,,,,,,,0,596392
2024-03-16,1,,,,,,,,,,,,,,,,0,892057
2024-03-16,2,,,,,,,,,,,,,,,,0,696328
2024-03-16,3,,,,,,,,,,,,,,,,0,343394
2024-03-16,9,,,,,,,,,,,,,,,,0,596392
2024-03-17,1,,,,,,,,,,,,,,,,0,892057
2024-03-17,2,,,,,,,,,,,,,,,,0,696328
2024-03-17,3,,,,,,,,,,,,,,,,0,343394
2024-03-17,9,,,,,,,,,,,,,,,,0,596392
2024-03-18,1,,,,,,,,,,,,,,,,0,892057
2024-03-18,2,,,,,,,,,,,,,,,,0,696328
2024-03-18,3,,,,,,,,,,,,,,,,0,343394
2024-03-18,9,,,,,,,,,,,,,,,,0,596392
2024-03-19,1,,,,,,,,,,,,,,,,0,892057
2024-03-19,2,,,,,,,,,,,,,,,,0,696328
2024-03-19,3,,,,,,,,,,,,,,,,0,343394
2024-03-19,9,,,,,,,,,,,,,,,,0,596392
2024-03-20,1,,,,,,,,,,,,,,,,0,892057
2024-03-20,2,,,,,,,,,,,,,,,,0,696328
2024-03-20,3,,,,,,,,,,,,,,,,0,343394
2024-03-20,9,,,,,,,,,,,,,,,,0,596392
2024-03-21,1,,,,,,,,,,,,,,,,0,892057
2024-03-21,2,,,,,,,,,,,,,,,,0,696328
2024-03-21,3,,,,,,,,,,,,,,,,0,343394
2024-03-21,9,,,,,,,,,,,,,,,,0,596392
2024-03-22,1,,,,,,,,,,,,,,,,0,892057
2024-03-22,2,,,,,,,,,,,,,,,,0,696328
2024-03-22,3,,,,,,,,,,,,,,,,0,343394
2024-03-22,9,,,,,,,,,,,,,,,,0,596392
2024-03-23,1,,,,,,,,,,,,,,,,0,892057
2024-03-23,2,,,,,,,,,,,,,,,,0,696328
2024-03-23,3,,,,,,,,,,,,,,,,0,343394
2024-03-23,9,,,,,,,,,,,,,,,,0,596392
2024-03-24,1,,,,,,,,,,,,,,,,0,892057
2024-03-24,2,,,,,,,,,,,,,,,,0,696328
2024-03-24,3,,,,,,,,,,,,,,,,0,343394
2024-03-24,9,,,,,,,,,,,,,,,,0,596392
2024-03-25,1,,,,,,,,,,,,,,,,0,892057
2024-03-25,2,,,,,,,,,,,,,,,,0,696328
2024-03-25,3,,,,,,,,,,,,,,,,0,343394
2024-03-25,9,,,,,,,,,,,,,,,,0,596392
2024-03-26,1,,,,,,,,,,,,,,,,0,892057
2024-03-26,2,,,,,,,,,,,,,,,,0,696328
2024-03-26,3,,,,,,,,,,,,,,,,0,343394
2024-03-26,9,,,,,,,,,,,,,,,,0,596392
2024-03-27,1,,,,,,,,,,,,,,,,0,892057
2024-03-27,2,,,,,,,,,,,,,,,,0,696328
2024-03-27,3,,,,,,,,,,,,,,,,0,343394
2024-03-27,9,,,,,,,,,,,,,,,,0,596392
2024-03-28,1,,,,,,,,,,,,,,,,0,892057
2024-03-28,2,,,,,,,,,,,,,,,,0,696328
2024-03-28,3,,,,,,,,,,,,,,,,0,343394
2024-03-28,9,,,,,,,,,,,,,,,,0,596392
2024-03-29,1,,,,,,,,,,,,,,,,0,892057
2024-03-29,2,,,,,,,,,,,,,,,,0,696328
2024-03-29,3,,,,,,,,,,,,,,,,0,343394
2024-03-29,9,,,,,,,,,,,,,,,,0,596392
2024-03-30,1,,,,,,,,,,,,,,,,0,892057
2024-03-30,2,,,,,,,,,,,,,,,,0,696328
2024-03-30,3,,,,,,,,,,,,,,,,0,343394
2024-03-30,9,,,,,,,,,,,,,,,,0,596392
2024-03-31,1,,,,,,,,,,,,,,,,0,892057
2024-03-31,2,,,,,,,,,,,,,,,,0,696328
2024-03-31,3,,,,,,,,,,,,,,,,0,343394
2024-03-31,9,,,,,,,,,,,,,,,,0,596392
2024-04-01,1,,,,,,,,,,,,,,,,0,892057
2024-04-01,2,,,,,,,,,,,,,,,,0,696328
2024-04-01,3,,,,,,,,,,,,,,,,0,343394
2024-04-01,9,,,,,,,,,,,,,,,,0,596392
2024-04-02,1,,,,,,,,,,,,,,,,0,892057
2024-04-02,2,,,,,,,,,,,,,,,,0,696328
2024-04-02,3,,,,,,,,,,,,,,,,0,343394
2024-04-02,9,,,,,,,,,,,,,,,,0,596392
2024-04-03,1,,,,,,,,,,,,,,,,0,892057
2024-04-03,2,,,,,,,,,,,,,,,,0,696328
2024-04-03,3,,,,,,,,,,,,,,,,0,343394
2024-04-03,9,,,,,,,,,,,,,,,,0,596392
2024-04-04,1,,,,,,,,,,,,,,,,0,892057
2024-04-04,2,,,,,,,,,,,,,,,,0,696328
2024-04-04,3,,,,,,,,,,,,,,,,0,343394
2024-04-04,9,,,,,,,,,,,,,,,,0,596392
2024-04-05,1,,,,,,,,,,,,,,,,0,892057
2024-04-05,2,,,,,,,,,,,,,,,,0,696328
2024-04-05,3,,,,,,,,,,,,,,,,0,343394
2024-04-05,9,,,,,,,,,,,,,,,,0,596392
2024-04-06,1,,,,,,,,,,,,,,,,0,892057
2024-04-06,2,,,,,,,,,,,,,,,,0,696328
2024-04-06,3,,,,,,,,,,,,,,,,0,343394
2024-04-06,9,,,,,,,,,,,,,,,,0,596392
2024-04-07,1,,,,,,,,,,,,,,,,0,892057
2024-04-07,2,,,,,,,,,,,,,,,,0,696328
2024-04-07,3,,,,,,,,,,,,,,,,0,343394
2024-04-07,9,,,,,,,,,,,,,,,,0,596392
2024-04-08,1,,,,,,,,,,,,,,,,0,892057
2024-04-08,2,,,,,,,,,,,,,,,,0,696328
2024-04-08,3,,,,,,,,,,,,,,,,0,343394
2024-04-08,9,,,,,,,,,,,,,,,,0,596392
2024-04-09,1,,,,,,,,,,,,,,,,0,892057
2024-04-09,2,,,,,,,,,,,,,,,,0,696328
2024-04-09,3,,,,,,,,,,,,,,,,0,343394
2024-04-09,9,,,,,,,,,,,,,,,,0,596392
2024-04-10,1,,,,,,,,,,,,,,,,0,892057
2024-04-10,2,,,,,,,,,,,,,,,,0,696328
2024-04-10,3,,,,,,,,,,,,,,,,0,343394
2024-04-10,9,,,,,,,,,,,,,,,,0,596392
2024-04-11,1,,,,,,,,,,,,,,,,0,892057
2024-04-11,2,,,,,,,,,,,,,,,,0,696328
2024-04-11,3,,,,,,,,,,,,,,,,0,343394
2024-04-11,9,,,,,,,,,,,,,,,,0,596392
2024-04-12,1,,,,,,,,,,,,,,,,0,892057
2024-04-12,2,,,,,,,,,,,,,,,,0,696328
2024-04-12,3,,,,,,,,,,,,,,,,0,343394
2024-04-12,9,,,,,,,,,,,,,,,,0,596392
2024-04-13,1,,,,,,,,,,,,,,,,0,892057
2024-04-13,2,,,,,,,,,,,,,,,,0,696328
2024-04-13,3,,,,,,,,,,,,,,,,0,343394
2024-04-13,9,,,,,,,,,,,,,,,,0,596392
2024-04-14,1,,,,,,,,,,,,,,,,0,892057
2024-04-14,2,,,,,,,,,,,,,,,,0,696328
2024-04-14,3,,,,,,,,,,,,,,,,0,343394
2024-04-14,9,,,,,,,,,,,,,,,,0,596392
2024-04-15,1,,,,,,,,,,,,,,,,0,892057
2024-04-15,2,,,,,,,,,,,,,,,,0,696328
2024-04-15,3,,,,,,,,,,,,,,,,0,343394
2024-04-15,9,,,,,,,,,,,,,,,,0,596392
2024-04-16,1,,,,,,,,,,,,,,,,0,892057
2024-04-16,2,,,,,,,,,,,,,,,,0,696328
2024-04-16,3,,,,,,,,,,,,,,,,0,343394
2024-04-16,9,,,,,,,,,,,,,,,,0,596392
2024-04-17,1,,,,,,,,,,,,,,,,0,892057
2024-04-17,2,,,,,,,,,,,,,,,,0,696328
2024-04-17,3,,,,,,,,,,,,,,,,0,343394
2024-04-17,9,,,,,,,,,,,,,,,,0,596392
2024-04-18,1,,,,,,,,,,,,,,,,0,892057
2024-04-18,2,,,,,,,,,,,,,,,,0,696328
2024-04-18,3,,,,,,,,,,,,,,,,0,343394
2024-04-18,9,,,,,,,,,,,,,,,,0,596392
2024-04-19,1,,,,,,,,,,,,,,,,0,892057
2024-04-19,2,,,,,,,,,,,,,,,,0,696328
2024-04-19,3,,,,,,,,,,,,,,,,0,343394
2024-04-19,9,,,,,,,,,,,,,,,,0,596392
2024-04-20,1,,,,,,,,,,,,,,,,0,892057
2024-04-20,2,,,,,,,,,,,,,,,,0,696328
2024-04-20,3,,,,,,,,,,,,,,,,0,343394
2024-04-20,9,,,,,,,,,,,,,,,,0,596392
2024-04-21,1,,,,,,,,,,,,,,,,0,892057
2024-04-21,2,,,,,,,,,,,,,,,,0,696328
2024-04-21,3,,,,,,,,,,,,,,,,0,343394
2024-04-21,9,,,,,,,,,,,,,,,,0,596392
2024-04-22,1,,,,,,,,,,,,,,,,0,892057
2024-04-22,2,,,,,,,,,,,,,,,,0,696328
2024-04-22,3,,,,,,,,,,,,,,,,0,343394
2024-04-22,9,,,,,,,,,,,,,,,,0,596392
2024-04-23,1,,,,,,,,,,,,,,,,0,892057
2024-04-23,2,,,,,,,,,,,,,,,,0,696328
2024-04-23,3,,,,,,,,,,,,,,,,0,343394
2024-04-23,9,,,,,,,,,,,,,,,,0,596392
2024-04-24,1,,,,,,,,,,,,,,,,0,892057
2024-04-24,2,,,,,,,,,,,,,,,,0,696328
2024-04-24,3,,,,,,,,,,,,,,,,0,343394
2024-04-24,9,,,,,,,,,,,,,,,,0,596392
2024-04-25,1,,,,,,,,,,,,,,,,0,892057
2024-04-25,2,,,,,,,,,,,,,,,,0,696328
2024-04-25,3,,,,,,,,,,,,,,,,0,343394
2024-04-25,9,,,,,,,,,,,,,,,,0,596392
2024-04-26,1,,,,,,,,,,,,,,,,0,892057
2024-04-26,2,,,,,,,,,,,,,,,,0,696328
2024-04-26,3,,,,,,,,,,,,,,,,0,343394
2024-04-26,9,,,,,,,,,,,,,,,,0,596392
2024-04-27,1,,,,,,,,,,,,,,,,0,892057
2024-04-27,2,,,,,,,,,,,,,,,,0,696328
2024-04-27,3,,,,,,,,,,,,,,,,0,343394
2024-04-27,9,,,,,,,,,,,,,,,,0,596392
2024-04-28,1,,,,,,,,,,,,,,,,0,892057
2024-04-28,2,,,,,,,,,,,,,,,,0,696328
2024-04-28,3,,,,,,,,,,,,,,,,0,343394
2024-04-28,9,,,,,,,,,,,,,,,,0,596392
2024-04-29,1,,,,,,,,,,,,,,,,0,892057
2024-04-29,2,,,,,,,,,,,,,,,,0,696328
2024-04-29,3,,,,,,,,,,,,,,,,0,343394
2024-04-29,9,,,,,,,,,,,,,,,,0,596392
2024-04-30,1,,,,,,,,,,,,,,,,0,892057
2024-04-30,2,,,,,,,,,,,,,,,,0,696328
2024-04-30,3,,,,,,,,,,,,,,,,0,343394
2024-04-30,9,,,,,,,,,,,,,,,,0,596392
2024-05-01,1,,,,,,,,,,,,,,,,0,892057
2024-05-01,2,,,,,,,,,,,,,,,,0,696328
2024-05-01,3,,,,,,,,,,,,,,,,0,343394
2024-05-01,9,,,,,,,,,,,,,,,,0,596392
2024-05-02,1,,,,,,,,,,,,,,,,0,892057
2024-05-02,2,,,,,,,,,,,,,,,,0,696328
2024-05-02,3,,,,,,,,,,,,,,,,0,343394
2024-05-02,9,,,,,,,,,,,,,,,,0,596392
2024-05-03,1,,,,,,,,,,,,,,,,0,892057
2024-05-03,2,,,,,,,,,,,,,,,,0,696328
2024-05-03,3,,,,,,,,,,,,,,,,0,343394
2024-05-03,9,,,,,,,,,,,,,,,,0,596392
2024-05-04,1,,,,,,,,,,,,,,,,0,892057
2024-05-04,2,,,,,,,,,,,,,,,,0,696328
2024-05-04,3,,,,,,,,,,,,,,,,0,343394
2024-05-04,9,,,,,,,,,,,,,,,,0,596392
2024-05-05,1,,,,,,,,,,,,,,,,0,892057
2024-05-05,2,,,,,,,,,,,,,,,,0,696328
2024-05-05,3,,,,,,,,,,,,,,,,0,343394
2024-05-05,9,,,,,,,,,,,,,,,,0,596392
2024-05-06,1,,,,,,,,,,,,,,,,0,892057
2024-05-06,2,,,,,,,,,,,,,,,,0,696328
2024-05-06,3,,,,,,,,,,,,,,,,0,343394
2024-05-06,9,,,,,,,,,,,,,,,,0,596392
2024-05-07,1,,,,,,,,,,,,,,,,0,892057
2024-05-07,2,,,,,,,,,,,,,,,,0,696328
2024-05-07,3,,,,,,,,,,,,,,,,0,343394
2024-05-07,9,,,,,,,,,,,,,,,,0,596392
2024-05-08,1,,,,,,,,,,,,,,,,0,892057
2024-05-08,2,,,,,,,,,,,,,,,,0,696328
2024-05-08,3,,,,,,,,,,,,,,,,0,343394
2024-05-08,9,,,,,,,,,,,,,,,,0,596392
2024-05-09,1,,,,,,,,,,,,,,,,0,892057
2024-05-09,2,,,,,,,,,,,,,,,,0,696328
2024-05-09,3,,,,,,,,,,,,,,,,0,343394
2024-05-09,9,,,,,,,,,,,,,,,,0,596392
2024-05-10,1,,,,,,,,,,,,,,,,0,892057
2024-05-10,2,,,,,,,,,,,,,,,,0,696328
2024-05-10,3,,,,,,,,,,,,,,,,0,343394
2024-05-10,9,,,,,,,,,,,,,,,,0,596392
2024-05-11,1,,,,,,,,,,,,,,,,0,892057
2024-05-11,2,,,,,,,,,,,,,,,,0,696328
2024-05-11,3,,,,,,,,,,,,,,,,0,343394
2024-05-11,9,,,,,,,,,,,,,,,,0,596392
2024-05-12,1,,,,,,,,,,,,,,,,0,892057
2024-05-12,2,,,,,,,,,,,,,,,,0,696328
2024-05-12,3,,,,,,,,,,,,,,,,0,343394
2024-05-12,9,,,,,,,,,,,,,,,,0,596392
2024-05-13,1,,,,,,,,,,,,,,,,0,892057
2024-05-13,2,,,,,,,,,,,,,,,,0,696328
2024-05-13,3,,,,,,,,,,,,,,,,0,343394
2024-05-13,9,,,,,,,,,,,,,,,,0,596392
2024-05-14,1,,,,,,,,,,,,,,,,0,892057
2024-05-14,2,,,,,,,,,,,,,,,,0,696328
2024-05-14,3,,,,,,,,,,,,,,,,0,343394
2024-05-14,9,,,,,,,,,,,,,,,,0,596392
2024-05-15,1,,,,,,,,,,,,,,,,0,892057
2024-05-15,2,,,,,,,,,,,,,,,,0,696328
2024-05-15,3,,,,,,,,,,,,,,,,0,343394
2024-05-15,9,,,,,,,,,,,,,,,,0,596392
2024-05-16,1,,,,,,,,,,,,,,,,0,892057
2024-05-16,2,,,,,,,,,,,,,,,,0,696328
2024-05-16,3,,,,,,,,,,,,,,,,0,343394
2024-05-16,9,,,,,,,,,,,,,,,,0,596392
2024-05-17,1,,,,,,,,,,,,,,,,0,892057
2024-05-17,2,,,,,,,,,,,,,,,,0,696328
2024-05-17,3,,,,,,,,,,,,,,,,0,343394
2024-05-17,9,,,,,,,,,,,,,,,,0,596392
2024-05-18,1,,,,,,,,,,,,,,,,0,892057
2024-05-18,2,,,,,,,,,,,,,,,,0,696328
2024-05-18,3,,,,,,,,,,,,,,,,0,343394
2024-05-18,9,,,,,,,,,,,,,,,,0,596392
2024-05-19,1,,,,,,,,,,,,,,,,0,892057
2024-05-19,2,,,,,,,,,,,,,,,,0,696328
2024-05-19,3,,,,,,,,,,,,,,,,0,343394
2024-05-19,9,,,,,,,,,,,,,,,,0,596392
2024-05-20,1,,,,,,,,,,,,,,,,0,892057
2024-05-20,2,,,,,,,,,,,,,,,,0,696328
2024-05-20,3,,,,,,,,,,,,,,,,0,343394
2024-05-20,9,,,,,,,,,,,,,,,,0,596392
2024-05-21,1,,,,,,,,,,,,,,,,0,892057
2024-05-21,2,,,,,,,,,,,,,,,,0,696328
2024-05-21,3,,,,,,,,,,,,,,,,0,343394
2024-05-21,9,,,,,,,,,,,,,,,,0,596392
2024-05-22,1,,,,,,,,,,,,,,,,0,892057
2024-05-22,2,,,,,,,,,,,,,,,,0,696328
2024-05-22,3,,,,,,,,,,,,,,,,0,343394
2024-05-22,9,,,,,,,,,,,,,,,,0,596392
2024-05-23,1,,,,,,,,,,,,,,,,0,892057
2024-05-23,2,,,,,,,,,,,,,,,,0,696328
2024-05-23,3,,,,,,,,,,,,,,,,0,343394
2024-05-23,9,,,,,,,,,,,,,,,,0,596392
2024-05-24,1,,,,,,,,,,,,,,,,0,892057
2024-05-24,2,,,,,,,,,,,,,,,,0,696328
2024-05-24,3,,,,,,,,,,,,,,,,0,343394
2024-05-24,9,,,,,,,,,,,,,,,,0,596392
2024-05-25,1,,,,,,,,,,,,,,,,0,892057
2024-05-25,2,,,,,,,,,,,,,,,,0,696328
2024-05-25,3,,,,,,,,,,,,,,,,0,343394
2024-05-25,9,,,,,,,,,,,,,,,,0,596392
2024-05-26,1,,,,,,,,,,,,,,,,0,892057
2024-05-26,2,,,,,,,,,,,,,,,,0,696328
2024-05-26,3,,,,,,,,,,,,,,,,0,343394
2024-05-26,9,,,,,,,,,,,,,,,,0,596392
2024-05-27,1,,,,,,,,,,,,,,,,0,892057
2024-05-27,2,,,,,,,,,,,,,,,,0,696328
2024-05-27,3,,,,,,,,,,,,,,,,0,343394
2024-05-27,9,,,,,,,,,,,,,,,,0,596392
2024-05-28,1,,,,,,,,,,,,,,,,0,892057
2024-05-28,2,,,,,,,,,,,,,,,,0,696328
2024-05-28,3,,,,,,,,,,,,,,,,0,343394
2024-05-28,9,,,,,,,,,,,,,,,,0,596392
2024-05-29,1,,,,,,,,,,,,,,,,0,892057
2024-05-29,2,,,,,,,,,,,,,,,,0,696328
2024-05-29,3,,,,,,,,,,,,,,,,0,343394
2024-05-29,9,,,,,,,,,,,,,,,,0,596392
2024-05-30,1,,,,,,,,,,,,,,,,0,892057
2024-05-30,2,,,,,,,,,,,,,,,,0,696328
2024-05-30,3,,,,,,,,,,,,,,,,0,343394
2024-05-30,9,,,,,,,,,,,,,,,,0,596392
2024-05-31,1,,,,,,,,,,,,,,,,0,892057
2024-05-31,2,,,,,,,,,,,,,,,,0,696328
2024-05-31,3,,,,,,,,,,,,,,,,0,343394
2024-05-31,9,,,,,,,,,,,,,,,,0,596392
2024-06-01,1,,,,,,,,,,,,,,,,0,892057
2024-06-01,2,,,,,,,,,,,,,,,,0,696328
2024-06-01,3,,,,,,,,,,,,,,,,0,343394
2024-06-01,9,,,,,,,,,,,,,,,,0,596392
2024-06-02,1,,,,,,,,,,,,,,,,0,892057
2024-06-02,2,,,,,,,,,,,,,,,,0,696328
2024-06-02,3,,,,,,,,,,,,,,,,0,343394
2024-06-02,9,,,,,,,,,,,,,,,,0,596392
2024-06-03,1,,,,,,,,,,,,,,,,0,892057
2024-06-03,2,,,,,,,,,,,,,,,,0,696328
2024-06-03,3,,,,,,,,,,,,,,,,0,343394
2024-06-03,9,,,,,,,,,,,,,,,,0,596392
2024-06-04,1,,,,,,,,,,,,,,,,0,892057
2024-06-04,2,,,,,,,,,,,,,,,,0,696328
2024-06-04,3,,,,,,,,,,,,,,,,0,343394
2024-06-04,9,,,,,,,,,,,,,,,,0,596392
2024-06-05,1,,,,,,,,,,,,,,,,0,892057
2024-06-05,2,,,,,,,,,,,,,,,,0,696328
2024-06-05,3,,,,,,,,,,,,,,,,0,343394
2024-06-05,9,,,,,,,,,,,,,,,,0,596392
2024-06-06,1,,,,,,,,,,,,,,,,0,892057
2024-06-06,2,,,,,,,,,,,,,,,,0,696328
2024-06-06,3,,,,,,,,,,,,,,,,0,343394
2024-06-06,9,,,,,,,,,,,,,,,,0,596392
2024-06-07,1,,,,,,,,,,,,,,,,0,892057
2024-06-07,2,,,,,,,,,,,,,,,,0,696328
2024-06-07,3,,,,,,,,,,,,,,,,0,343394
2024-06-07,9,,,,,,,,,,,,,,,,0,596392
2024-06-08,1,,,,,,,,,,,,,,,,0,892057
2024-06-08,2,,,,,,,,,,,,,,,,0,696328
2024-06-08,3,,,,,,,,,,,,,,,,0,343394
2024-06-08,9,,,,,,,,,,,,,,,,0,596392
2024-06-09,1,,,,,,,,,,,,,,,,0,892057
2024-06-09,2,,,,,,,,,,,,,,,,0,696328
2024-06-09,3,,,,,,,,,,,,,,,,0,343394
2024-06-09,9,,,,,,,,,,,,,,,,0,596392
2024-06-10,1,,,,,,,,,,,,,,,,0,892057
2024-06-10,2,,,,,,,,,,,,,,,,0,696328
2024-06-10,3,,,,,,,,,,,,,,,,0,343394
2024-06-10,9,,,,,,,,,,,,,,,,0,596392
2024-06-11,1,,,,,,,,,,,,,,,,0,892057
2024-06-11,2,,,,,,,,,,,,,,,,0,696328
2024-06-11,3,,,,,,,,,,,,,,,,0,343394
2024-06-11,9,,,,,,,,,,,,,,,,0,596392
2024-06-12,1,,,,,,,,,,,,,,,,0,892057
2024-06-12,2,,,,,,,,,,,,,,,,0,696328
2024-06-12,3,,,,,,,,,,,,,,,,0,343394
2024-06-12,9,,,,,,,,,,,,,,,,0,596392
2024-06-13,1,,,,,,,,,,,,,,,,0,892057
2024-06-13,2,,,,,,,,,,,,,,,,0,696328
2024-06-13,3,,,,,,,,,,,,,,,,0,343394
2024-06-13,9,,,,,,,,,,,,,,,,0,596392
2024-06-14,1,,,,,,,,,,,,,,,,0,892057
2024-06-14,2,,,,,,,,,,,,,,,,0,696328
2024-06-14,3,,,,,,,,,,,,,,,,0,343394
2024-06-14,9,,,,,,,,,,,,,,,,0,596392
2024-06-15,1,,,,,,,,,,,,,,,,0,892057
2024-06-15,2,,,,,,,,,,,,,,,,0,696328
2024-06-15,3,,,,,,,,,,,,,,,,0,343394
2024-06-15,9,,,,,,,,,,,,,,,,0,596392
2024-06-16,1,,,,,,,,,,,,,,,,0,892057
2024-06-16,2,,,,,,,,,,,,,,,,0,696328
2024-06-16,3,,,,,,,,,,,,,,,,0,343394
2024-06-16,9,,,,,,,,,,,,,,,,0,596392
2024-06-17,1,,,,,,,,,,,,,,,,0,892057
2024-06-17,2,,,,,,,,,,,,,,,,0,696328
2024-06-17,3,,,,,,,,,,,,,,,,0,343394
2024-06-17,9,,,,,,,,,,,,,,,,0,596392
2024-06-18,1,,,,,,,,,,,,,,,,0,892057
2024-06-18,2,,,,,,,,,,,,,,,,0,696328
2024-06-18,3,,,,,,,,,,,,,,,,0,343394
2024-06-18,9,,,,,,,,,,,,,,,,0,596392
2024-06-19,1,,,,,,,,,,,,,,,,0,892057
2024-06-19,2,,,,,,,,,,,,,,,,0,696328
2024-06-19,3,,,,,,,,,,,,,,,,0,343394
2024-06-19,9,,,,,,,,,,,,,,,,0,596392
2024-06-20,1,,,,,,,,,,,,,,,,0,892057
2024-06-20,2,,,,,,,,,,,,,,,,0,696328
2024-06-20,3,,,,,,,,,,,,,,,,0,343394
2024-06-20,9,,,,,,,,,,,,,,,,0,596392
2024-06-21,1,,,,,,,,,,,,,,,,0,892057
2024-06-21,2,,,,,,,,,,,,,,,,0,696328
2024-06-21,3,,,,,,,,,,,,,,,,0,343394
2024-06-21,9,,,,,,,,,,,,,,,,0,596392
2024-06-22,1,,,,,,,,,,,,,,,,0,892057
2024-06-22,2,,,,,,,,,,,,,,,,0,696328
2024-06-22,3,,,,,,,,,,,,,,,,0,343394
2024-06-22,9,,,,,,,,,,,,,,,,0,596392
2024-06-23,1,,,,,,,,,,,,,,,,0,892057
2024-06-23,2,,,,,,,,,,,,,,,,0,696328
2024-06-23,3,,,,,,,,,,,,,,,,0,343394
2024-06-23,9,,,,,,,,,,,,,,,,0,596392
2024-06-24,1,,,,,,,,,,,,,,,,0,892057
2024-06-24,2,,,,,,,,,,,,,,,,0,696328
2024-06-24,3,,,,,,,,,,,,,,,,0,343394
2024-06-24,9,,,,,,,,,,,,,,,,0,596392
2024-06-25,1,,,,,,,,,,,,,,,,0,892057
2024-06-25,2,,,,,,,,,,,,,,,,0,696328
2024-06-25,3,,,,,,,,,,,,,,,,0,343394
2024-06-25,9,,,,,,,,,,,,,,,,0,596392
2024-06-26,1,,,,,,,,,,,,,,,,0,892057
2024-06-26,2,,,,,,,,,,,,,,,,0,696328
2024-06-26,3,,,,,,,,,,,,,,,,0,343394
2024-06-26,9,,,,,,,,,,,,,,,,0,596392
2024-06-27,1,,,,,,,,,,,,,,,,0,892057
2024-06-27,2,,,,,,,,,,,,,,,,0,696328
2024-06-27,3,,,,,,,,,,,,,,,,0,343394
2024-06-27,9,,,,,,,,,,,,,,,,0,596392
2024-06-28,1,,,,,,,,,,,,,,,,0,892057
2024-06-28,2,,,,,,,,,,,,,,,,0,696328
2024-06-28,3,,,,,,,,,,,,,,,,0,343394
2024-06-28,9,,,,,,,,,,,,,,,,0,596392
2024-06-29,1,,,,,,,,,,,,,,,,0,892057
2024-06-29,2,,,,,,,,,,,,,,,,0,696328
2024-06-29,3,,,,,,,,,,,,,,,,0,343394
2024-06-29,9,,,,,,,,,,,,,,,,0,596392
2024-06-30,1,,,,,,,,,,,,,,,,0,892057
2024-06-30,2,,,,,,,,,,,,,,,,0,696328
2024-06-30,3,,,,,,,,,,,,,,,,0,343394
2024-06-30,9,,,,,,,,,,,,,,,,0,596392
2024-07-01,1,,,,,,,,,,,,,,,,0,892057
2024-07-01,2,,,,,,,,,,,,,,,,0,696328
2024-07-01,3,,,,,,,,,,,,,,,,0,343394
2024-07-01,9,,,,,,,,,,,,,,,,0,596392
2024-07-02,1,,,,,,,,,,,,,,,,0,892057
2024-07-02,2,,,,,,,,,,,,,,,,0,696328
2024-07-02,3,,,,,,,,,,,,,,,,0,343394
2024-07-02,9,,,,,,,,,,,,,,,,0,596392
2024-07-03,1,,,,,,,,,,,,,,,,0,892057
2024-07-03,2,,,,,,,,,,,,,,,,0,696328
2024-07-03,3,,,,,,,,,,,,,,,,0,343394
2024-07-03,9,,,,,,,,,,,,,,,,0,596392
2024-07-04,1,,,,,,,,,,,,,,,,0,892057
2024-07-04,2,,,,,,,,,,,,,,,,0,696328
2024-07-04,3,,,,,,,,,,,,,,,,0,343394
2024-07-04,9,,,,,,,,,,,,,,,,0,596392
2024-07-05,1,,,,,,,,,,,,,,,,0,892057
2024-07-05,2,,,,,,,,,,,,,,,,0,696328
2024-07-05,3,,,,,,,,,,,,,,,,0,343394
2024-07-05,9,,,,,,,,,,,,,,,,0,596392
2024-07-06,1,,,,,,,,,,,,,,,,0,892057
2024-07-06,2,,,,,,,,,,,,,,,,0,696328
2024-07-06,3,,,,,,,,,,,,,,,,0,343394
2024-07-06,9,,,,,,,,,,,,,,,,0,596392
2024-07-07,1,,,,,,,,,,,,,,,,0,892057
2024-07-07,2,,,,,,,,,,,,,,,,0,696328
2024-07-07,3,,,,,,,,,,,,,,,,0,343394
2024-07-07,9,,,,,,,,,,,,,,,,0,596392
2024-07-08,1,,,,,,,,,,,,,,,,0,892057
2024-07-08,2,,,,,,,,,,,,,,,,0,696328
2024-07-08,3,,,,,,,,,,,,,,,,0,343394
2024-07-08,9,,,,,,,,,,,,,,,,0,596392
2024-07-09,1,,,,,,,,,,,,,,,,0,892057
2024-07-09,2,,,,,,,,,,,,,,,,0,696328
2024-07-09,3,,,,,,,,,,,,,,,,0,343394
2024-07-09,9,,,,,,,,,,,,,,,,0,596392
2024-07-10,1,,,,,,,,,,,,,,,,0,892057
2024-07-10,2,,,,,,,,,,,,,,,,0,696328
2024-07-10,3,,,,,,,,,,,,,,,,0,343394
2024-07-10,9,,,,,,,,,,,,,,,,0,596392
2024-07-11,1,,,,,,,,,,,,,,,,0,892057
2024-07-11,2,,,,,,,,,,,,,,,,0,696328
2024-07-11,3,,,,,,,,,,,,,,,,0,343394
2024-07-11,9,,,,,,,,,,,,,,,,0,596392
2024-07-12,1,,,,,,,,,,,,,,,,0,892057
2024-07-12,2,,,,,,,,,,,,,,,,0,696328
2024-07-12,3,,,,,,,,,,,,,,,,0,343394
2024-07-12,9,,,,,,,,,,,,,,,,0,596392
2024-07-13,1,,,,,,,,,,,,,,,,0,892057
2024-07-13,2,,,,,,,,,,,,,,,,0,696328
2024-07-13,3,,,,,,,,,,,,,,,,0,343394
2024-07-13,9,,,,,,,,,,,,,,,,0,596392
2024-07-14,1,,,,,,,,,,,,,,,,0,892057
2024-07-14,2,,,,,,,,,,,,,,,,0,696328
2024-07-14,3,,,,,,,,,,,,,,,,0,343394
2024-07-14,9,,,,,,,,,,,,,,,,0,596392
2024-07-15,1,,,,,,,,,,,,,,,,0,892057
2024-07-15,2,,,,,,,,,,,,,,,,0,696328
2024-07-15,3,,,,,,,,,,,,,,,,0,343394
2024-07-15,9,,,,,,,,,,,,,,,,0,596392
2024-07-16,1,,,,,,,,,,,,,,,,0,892057
2024-07-16,2,,,,,,,,,,,,,,,,0,696328
2024-07-16,3,,,,,,,,,,,,,,,,0,343394
2024-07-16,9,,,,,,,,,,,,,,,,0,596392
2024-07-17,1,,,,,,,,,,,,,,,,0,892057
2024-07-17,2,,,,,,,,,,,,,,,,0,696328
2024-07-17,3,,,,,,,,,,,,,,,,0,343394
2024-07-17,9,,,,,,,,,,,,,,,,0,596392
2024-07-18,1,,,,,,,,,,,,,,,,0,892057
2024-07-18,2,,,,,,,,,,,,,,,,0,696328
2024-07-18,3,,,,,,,,,,,,,,,,0,343394
2024-07-18,9,,,,,,,,,,,,,,,,0,596392
2024-07-19,1,,,,,,,,,,,,,,,,0,892057
2024-07-19,2,,,,,,,,,,,,,,,,0,696328
2024-07-19,3,,,,,,,,,,,,,,,,0,343394
2024-07-19,9,,,,,,,,,,,,,,,,0,596392
2024-07-20,1,,,,,,,,,,,,,,,,0,892057
2024-07-20,2,,,,,,,,,,,,,,,,0,696328
2024-07-20,3,,,,,,,,,,,,,,,,0,343394
2024-07-20,9,,,,,,,,,,,,,,,,0,596392
2024-07-21,1,,,,,,,,,,,,,,,,0,892057
2024-07-21,2,,,,,,,,,,,,,,,,0,696328
2024-07-21,3,,,,,,,,,,,,,,,,0,343394
2024-07-21,9,,,,,,,,,,,,,,,,0,596392
2024-07-22,1,,,,,,,,,,,,,,,,0,892057
2024-07-22,2,,,,,,,,,,,,,,,,0,696328
2024-07-22,3,,,,,,,,,,,,,,,,0,343394
2024-07-22,9,,,,,,,,,,,,,,,,0,596392
2024-07-23,1,,,,,,,,,,,,,,,,0,892057
2024-07-23,2,,,,,,,,,,,,,,,,0,696328
2024-07-23,3,,,,,,,,,,,,,,,,0,343394
2024-07-23,9,,,,,,,,,,,,,,,,0,596392
2024-07-24,1,,,,,,,,,,,,,,,,0,892057
2024-07-24,2,,,,,,,,,,,,,,,,0,696328
2024-07-24,3,,,,,,,,,,,,,,,,0,343394
2024-07-24,9,,,,,,,,,,,,,,,,0,596392
2024-07-25,1,,,,,,,,,,,,,,,,0,892057
2024-07-25,2,,,,,,,,,,,,,,,,0,696328
2024-07-25,3,,,,,,,,,,,,,,,,0,343394
2024-07-25,9,,,,,,,,,,,,,,,,0,596392
2024-07-26,1,,,,,,,,,,,,,,,,0,892057
2024-07-26,2,,,,,,,,,,,,,,,,0,696328
2024-07-26,3,,,,,,,,,,,,,,,,0,343394
2024-07-26,9,,,,,,,,,,,,,,,,0,596392
2024-07-27,1,,,,,,,,,,,,,,,,0,892057
2024-07-27,2,,,,,,,,,,,,,,,,0,696328
2024-07-27,3,,,,,,,,,,,,,,,,0,343394
2024-07-27,9,,,,,,,,,,,,,,,,0,596392
2024-07-28,1,,,,,,,,,,,,,,,,0,892057
2024-07-28,2,,,,,,,,,,,,,,,,0,696328
2024-07-28,3,,,,,,,,,,,,,,,,0,343394
2024-07-28,9,,,,,,,,,,,,,,,,0,596392
2024-07-29,1,,,,,,,,,,,,,,,,0,892057
2024-07-29,2,,,,,,,,,,,,,,,,0,696328
2024-07-29,3,,,,,,,,,,,,,,,,0,343394
2024-07-29,9,,,,,,,,,,,,,,,,0,596392
2024-07-30,1,,,,,,,,,,,,,,,,0,892057
2024-07-30,2,,,,,,,,,,,,,,,,0,696328
2024-07-30,3,,,,,,,,,,,,,,,,0,343394
2024-07-30,9,,,,,,,,,,,,,,,,0,596392
2024-07-31,1,,,,,,,,,,,,,,,,0,892057
2024-07-31,2,,,,,,,,,,,,,,,,0,696328
2024-07-31,3,,,,,,,,,,,,,,,,0,343394
2024-07-31,9,,,,,,,,,,,,,,,,0,596392
2024-08-01,1,,,,,,,,,,,,,,,,0,892057
2024-08-01,2,,,,,,,,,,,,,,,,0,696328
2024-08-01,3,,,,,,,,,,,,,,,,0,343394
2024-08-01,9,,,,,,,,,,,,,,,,0,596392
2024-08-02,1,,,,,,,,,,,,,,,,0,892057
2024-08-02,2,,,,,,,,,,,,,,,,0,696328
2024-08-02,3,,,,,,,,,,,,,,,,0,343394
2024-08-02,9,,,,,,,,,,,,,,,,0,596392
2024-08-03,1,,,,,,,,,,,,,,,,0,892057
2024-08-03,2,,,,,,,,,,,,,,,,0,696328
2024-08-03,3,,,,,,,,,,,,,,,,0,343394
2024-08-03,9,,,,,,,,,,,,,,,,0,596392
2024-08-04,1,,,,,,,,,,,,,,,,0,892057
2024-08-04,2,,,,,,,,,,,,,,,,0,696328
2024-08-04,3,,,,,,,,,,,,,,,,0,343394
2024-08-04,9,,,,,,,,,,,,,,,,0,596392
2024-08-05,1,,,,,,,,,,,,,,,,0,892057
2024-08-05,2,,,,,,,,,,,,,,,,0,696328
2024-08-05,3,,,,,,,,,,,,,,,,0,343394
2024-08-05,9,,,,,,,,,,,,,,,,0,596392
2024-08-06,1,,,,,,,,,,,,,,,,0,892057
2024-08-06,2,,,,,,,,,,,,,,,,0,696328
2024-08-06,3,,,,,,,,,,,,,,,,0,343394
2024-08-06,9,,,,,,,,,,,,,,,,0,596392
2024-08-07,1,,,,,,,,,,,,,,,,0,892057
2024-08-07,2,,,,,,,,,,,,,,,,0,696328
2024-08-07,3,,,,,,,,,,,,,,,,0,343394
2024-08-07,9,,,,,,,,,,,,,,,,0,596392
2024-08-08,1,,,,,,,,,,,,,,,,0,892057
2024-08-08,2,,,,,,,,,,,,,,,,0,696328
2024-08-08,3,,,,,,,,,,,,,,,,0,343394
2024-08-08,9,,,,,,,,,,,,,,,,0,596392
2024-08-09,1,,,,,,,,,,,,,,,,0,892057
2024-08-09,2,,,,,,,,,,,,,,,,0,696328
2024-08-09,3,,,,,,,,,,,,,,,,0,343394
2024-08-09,9,,,,,,,,,,,,,,,,0,596392
2024-08-10,1,,,,,,,,,,,,,,,,0,892057
2024-08-10,2,,,,,,,,,,,,,,,,0,696328
2024-08-10,3,,,,,,,,,,,,,,,,0,343394
2024-08-10,9,,,,,,,,,,,,,,,,0,596392
2024-08-11,1,,,,,,,,,,,,,,,,0,892057
2024-08-11,2,,,,,,,,,,,,,,,,0,696328
2024-08-11,3,,,,,,,,,,,,,,,,0,343394
2024-08-11,9,,,,,,,,,,,,,,,,0,596392
2024-08-12,1,,,,,,,,,,,,,,,,0,892057
2024-08-12,2,,,,,,,,,,,,,,,,0,696328
2024-08-12,3,,,,,,,,,,,,,,,,0,343394
2024-08-12,9,,,,,,,,,,,,,,,,0,596392
2024-08-13,1,,,,,,,,,,,,,,,,0,892057
2024-08-13,2,,,,,,,,,,,,,,,,0,696328
2024-08-13,3,,,,,,,,,,,,,,,,0,343394
2024-08-13,9,,,,,,,,,,,,,,,,0,596392
2024-08-14,1,,,,,,,,,,,,,,,,0,892057
2024-08-14,2,,,,,,,,,,,,,,,,0,696328
2024-08-14,3,,,,,,,,,,,,,,,,0,343394
2024-08-14,9,,,,,,,,,,,,,,,,0,596392
2024-08-15,1,,,,,,,,,,,,,,,,0,892057
2024-08-15,2,,,,,,,,,,,,,,,,0,696328
2024-08-15,3,,,,,,,,,,,,,,,,0,343394
2024-08-15,9,,,,,,,,,,,,,,,,0,596392
2024-08-16,1,,,,,,,,,,,,,,,,0,892057
2024-08-16,2,,,,,,,,,,,,,,,,0,696328
2024-08-16,3,,,,,,,,,,,,,,,,0,343394
2024-08-16,9,,,,,,,,,,,,,,,,0,596392
2024-08-17,1,,,,,,,,,,,,,,,,0,892057
2024-08-17,2,,,,,,,,,,,,,,,,0,696328
2024-08-17,3,,,,,,,,,,,,,,,,0,343394
2024-08-17,9,,,,,,,,,,,,,,,,0,596392
2024-08-18,1,,,,,,,,,,,,,,,,0,892057
2024-08-18,2,,,,,,,,,,,,,,,,0,696328
2024-08-18,3,,,,,,,,,,,,,,,,0,343394
2024-08-18,9,,,,,,,,,,,,,,,,0,596392
2024-08-19,1,,,,,,,,,,,,,,,,0,892057
2024-08-19,2,,,,,,,,,,,,,,,,0,696328
2024-08-19,3,,,,,,,,,,,,,,,,0,343394
2024-08-19,9,,,,,,,,,,,,,,,,0,596392
2024-08-20,1,,,,,,,,,,,,,,,,0,892057
2024-08-20,2,,,,,,,,,,,,,,,,0,696328
2024-08-20,3,,,,,,,,,,,,,,,,0,343394
2024-08-20,9,,,,,,,,,,,,,,,,0,596392
2024-08-21,1,,,,,,,,,,,,,,,,0,892057
2024-08-21,2,,,,,,,,,,,,,,,,0,696328
2024-08-21,3,,,,,,,,,,,,,,,,0,343394
2024-08-21,9,,,,,,,,,,,,,,,,0,596392
2024-08-22,1,,,,,,,,,,,,,,,,0,892057
2024-08-22,2,,,,,,,,,,,,,,,,0,696328
2024-08-22,3,,,,,,,,,,,,,,,,0,343394
2024-08-22,9,,,,,,,,,,,,,,,,0,596392
2024-08-23,1,,,,,,,,,,,,,,,,0,892057
2024-08-23,2,,,,,,,,,,,,,,,,0,696328
2024-08-23,3,,,,,,,,,,,,,,,,0,343394
2024-08-23,9,,,,,,,,,,,,,,,,0,596392
2024-08-24,1,,,,,,,,,,,,,,,,0,892057
2024-08-24,2,,,,,,,,,,,,,,,,0,696328
2024-08-24,3,,,,,,,,,,,,,,,,0,343394
2024-08-24,9,,,,,,,,,,,,,,,,0,596392
2024-08-25,1,,,,,,,,,,,,,,,,0,892057
2024-08-25,2,,,,,,,,,,,,,,,,0,696328
2024-08-25,3,,,,,,,,,,,,,,,,0,343394
2024-08-25,9,,,,,,,,,,,,,,,,0,596392
2024-08-26,1,,,,,,,,,,,,,,,,0,892057
2024-08-26,2,,,,,,,,,,,,,,,,0,696328
2024-08-26,3,,,,,,,,,,,,,,,,0,343394
2024-08-26,9,,,,,,,,,,,,,,,,0,596392
2024-08-27,1,,,,,,,,,,,,,,,,0,892057
2024-08-27,2,,,,,,,,,,,,,,,,0,696328
2024-08-27,3,,,,,,,,,,,,,,,,0,343394
2024-08-27,9,,,,,,,,,,,,,,,,0,596392
2024-08-28,1,,,,,,,,,,,,,,,,0,892057
2024-08-28,2,,,,,,,,,,,,,,,,0,696328
2024-08-28,3,,,,,,,,,,,,,,,,0,343394
2024-08-28,9,,,,,,,,,,,,,,,,0,596392
2024-08-29,1,,,,,,,,,,,,,,,,0,892057
2024-08-29,2,,,,,,,,,,,,,,,,0,696328
2024-08-29,3,,,,,,,,,,,,,,,,0,343394
2024-08-29,9,,,,,,,,,,,,,,,,0,596392
2024-08-30,1,,,,,,,,,,,,,,,,0,892057
2024-08-30,2,,,,,,,,,,,,,,,,0,696328
2024-08-30,3,,,,,,,,,,,,,,,,0,343394
2024-08-30,9,,,,,,,,,,,,,,,,0,596392
2024-08-31,1,,,,,,,,,,,,,,,,0,892057
2024-08-31,2,,,,,,,,,,,,,,,,0,696328
2024-08-31,3,,,,,,,,,,,,,,,,0,343394
2024-08-31,9,,,,,,,,,,,,,,,,0,596392
2024-09-01,1,,,,,,,,,,,,,,,,0,892057
2024-09-01,2,,,,,,,,,,,,,,,,0,696328
2024-09-01,3,,,,,,,,,,,,,,,,0,343394
2024-09-01,9,,,,,,,,,,,,,,,,0,596392
2024-09-02,1,,,,,,,,,,,,,,,,0,892057
2024-09-02,2,,,,,,,,,,,,,,,,0,696328
2024-09-02,3,,,,,,,,,,,,,,,,0,343394
2024-09-02,9,,,,,,,,,,,,,,,,0,596392
2024-09-03,1,,,,,,,,,,,,,,,,0,892057
2024-09-03,2,,,,,,,,,,,,,,,,0,696328
2024-09-03,3,,,,,,,,,,,,,,,,0,343394
2024-09-03,9,,,,,,,,,,,,,,,,0,596392
2024-09-04,1,,,,,,,,,,,,,,,,0,892057
2024-09-04,2,,,,,,,,,,,,,,,,0,696328
2024-09-04,3,,,,,,,,,,,,,,,,0,343394
2024-09-04,9,,,,,,,,,,,,,,,,0,596392
2024-09-05,1,,,,,,,,,,,,,,,,0,892057
2024-09-05,2,,,,,,,,,,,,,,,,0,696328
2024-09-05,3,,,,,,,,,,,,,,,,0,343394
2024-09-05,9,,,,,,,,,,,,,,,,0,596392
2024-09-06,1,,,,,,,,,,,,,,,,0,892057
2024-09-06,2,,,,,,,,,,,,,,,,0,696328
2024-09-06,3,,,,,,,,,,,,,,,,0,343394
2024-09-06,9,,,,,,,,,,,,,,,,0,596392
2024-09-07,1,,,,,,,,,,,,,,,,0,892057
2024-09-07,2,,,,,,,,,,,,,,,,0,696328
2024-09-07,3,,,,,,,,,,,,,,,,0,343394
2024-09-07,9,,,,,,,,,,,,,,,,0,596392
2024-09-08,1,,,,,,,,,,,,,,,,0,892057
2024-09-08,2,,,,,,,,,,,,,,,,0,696328
2024-09-08,3,,,,,,,,,,,,,,,,0,343394
2024-09-08,9,,,,,,,,,,,,,,,,0,596392
2024-09-09,1,,,,,,,,,,,,,,,,0,892057
2024-09-09,2,,,,,,,,,,,,,,,,0,696328
2024-09-09,3,,,,,,,,,,,,,,,,0,343394
2024-09-09,9,,,,,,,,,,,,,,,,0,596392
2024-09-10,1,,,,,,,,,,,,,,,,0,892057
2024-09-10,2,,,,,,,,,,,,,,,,0,696328
2024-09-10,3,,,,,,,,,,,,,,,,0,343394
2024-09-10,9,,,,,,,,,,,,,,,,0,596392
2024-09-11,1,,,,,,,,,,,,,,,,0,892057
2024-09-11,2,,,,,,,,,,,,,,,,0,696328
2024-09-11,3,,,,,,,,,,,,,,,,0,343394
2024-09-11,9,,,,,,,,,,,,,,,,0,596392
2024-09-12,1,,,,,,,,,,,,,,,,0,892057
2024-09-12,2,,,,,,,,,,,,,,,,0,696328
2024-09-12,3,,,,,,,,,,,,,,,,0,343394
2024-09-12,9,,,,,,,,,,,,,,,,0,596392
2024-09-13,1,,,,,,,,,,,,,,,,0,892057
2024-09-13,2,,,,,,,,,,,,,,,,0,696328
2024-09-13,3,,,,,,,,,,,,,,,,0,343394
2024-09-13,9,,,,,,,,,,,,,,,,0,596392
2024-09-14,1,,,,,,,,,,,,,,,,0,892057
2024-09-14,2,,,,,,,,,,,,,,,,0,696328
2024-09-14,3,,,,,,,,,,,,,,,,0,343394
2024-09-14,9,,,,,,,,,,,,,,,,0,596392
2024-09-15,1,,,,,,,,,,,,,,,,0,892057
2024-09-15,2,,,,,,,,,,,,,,,,0,696328
2024-09-15,3,,,,,,,,,,,,,,,,0,343394
2024-09-15,9,,,,,,,,,,,,,,,,0,596392
2024-09-16,1,,,,,,,,,,,,,,,,0,892057
2024-09-16,2,,,,,,,,,,,,,,,,0,696328
2024-09-16,3,,,,,,,,,,,,,,,,0,343394
2024-09-16,9,,,,,,,,,,,,,,,,0,596392
2024-09-17,1,,,,,,,,,,,,,,,,0,892057
2024-09-17,2,,,,,,,,,,,,,,,,0,696328
2024-09-17,3,,,,,,,,,,,,,,,,0,343394
2024-09-17,9,,,,,,,,,,,,,,,,0,596392
2024-09-18,1,,,,,,,,,,,,,,,,0,892057
2024-09-18,2,,,,,,,,,,,,,,,,0,696328
2024-09-18,3,,,,,,,,,,,,,,,,0,343394
2024-09-18,9,,,,,,,,,,,,,,,,0,596392
2024-09-19,1,,,,,,,,,,,,,,,,0,892057
2024-09-19,2,,,,,,,,,,,,,,,,0,696328
2024-09-19,3,,,,,,,,,,,,,,,,0,343394
2024-09-19,9,,,,,,,,,,,,,,,,0,596392
2024-09-20,1,,,,,,,,,,,,,,,,0,892057
2024-09-20,2,,,,,,,,,,,,,,,,0,696328
2024-09-20,3,,,,,,,,,,,,,,,,0,343394
2024-09-20,9,,,,,,,,,,,,,,,,0,596392
2024-09-21,1,,,,,,,,,,,,,,,,0,892057
2024-09-21,2,,,,,,,,,,,,,,,,0,696328
2024-09-21,3,,,,,,,,,,,,,,,,0,343394
2024-09-21,9,,,,,,,,,,,,,,,,0,596392
2024-09-22,1,,,,,,,,,,,,,,,,0,892057
2024-09-22,2,,,,,,,,,,,,,,,,0,696328
2024-09-22,3,,,,,,,,,,,,,,,,0,343394
2024-09-22,9,,,,,,,,,,,,,,,,0,596392
2024-09-23,1,,,,,,,,,,,,,,,,0,892057
2024-09-23,2,,,,,,,,,,,,,,,,0,696328
2024-09-23,3,,,,,,,,,,,,,,,,0,343394
2024-09-23,9,,,,,,,,,,,,,,,,0,596392
2024-09-24,1,,,,,,,,,,,,,,,,0,892057
2024-09-24,2,,,,,,,,,,,,,,,,0,696328
2024-09-24,3,,,,,,,,,,,,,,,,0,343394
2024-09-24,9,,,,,,,,,,,,,,,,0,596392
2024-09-25,1,,,,,,,,,,,,,,,,0,892057
2024-09-25,2,,,,,,,,,,,,,,,,0,696328
2024-09-25,3,,,,,,,,,,,,,,,,0,343394
2024-09-25,9,,,,,,,,,,,,,,,,0,596392
2024-09-26,1,,,,,,,,,,,,,,,,0,892057
2024-09-26,2,,,,,,,,,,,,,,,,0,696328
2024-09-26,3,,,,,,,,,,,,,,,,0,343394
2024-09-26,9,,,,,,,,,,,,,,,,0,596392
2024-09-27,1,,,,,,,,,,,,,,,,0,892057
2024-09-27,2,,,,,,,,,,,,,,,,0,696328
2024-09-27,3,,,,,,,,,,,,,,,,0,343394
2024-09-27,9,,,,,,,,,,,,,,,,0,596392
2024-09-28,1,,,,,,,,,,,,,,,,0,892057
2024-09-28,2,,,,,,,,,,,,,,,,0,696328
2024-09-28,3,,,,,,,,,,,,,,,,0,343394
2024-09-28,9,,,,,,,,,,,,,,,,0,596392
2024-09-29,1,,,,,,,,,,,,,,,,0,892057
2024-09-29,2,,,,,,,,,,,,,,,,0,696328
2024-09-29,3,,,,,,,,,,,,,,,,0,343394
2024-09-29,9,,,,,,,,,,,,,,,,0,596392
2024-09-30,1,,,,,,,,,,,,,,,,0,892057
2024-09-30,2,,,,,,,,,,,,,,,,0,696328
2024-09-30,3,,,,,,,,,,,,,,,,0,343394
2024-09-30,9,,,,,,,,,,,,,,,,0,596392
2024-10-01,1,,,,,,,,,,,,,,,,0,892057
2024-10-01,2,,,,,,,,,,,,,,,,0,696328
2024-10-01,3,,,,,,,,,,,,,,,,0,343394
2024-10-01,9,,,,,,,,,,,,,,,,0,596392
2024-10-02,1,,,,,,,,,,,,,,,,0,892057
2024-10-02,2,,,,,,,,,,,,,,,,0,696328
2024-10-02,3,,,,,,,,,,,,,,,,0,343394
2024-10-02,9,,,,,,,,,,,,,,,,0,596392
2024-10-03,1,,,,,,,,,,,,,,,,0,892057
2024-10-03,2,,,,,,,,,,,,,,,,0,696328
2024-10-03,3,,,,,,,,,,,,,,,,0,343394
2024-10-03,9,,,,,,,,,,,,,,,,0,596392
2024-10-04,1,,,,,,,,,,,,,,,,0,892057
2024-10-04,2,,,,,,,,,,,,,,,,0,696328
2024-10-04,3,,,,,,,,,,,,,,,,0,343394
2024-10-04,9,,,,,,,,,,,,,,,,0,596392
2024-10-05,1,,,,,,,,,,,,,,,,0,892057
2024-10-05,2,,,,,,,,,,,,,,,,0,696328
2024-10-05,3,,,,,,,,,,,,,,,,0,343394
2024-10-05,9,,,,,,,,,,,,,,,,0,596392
2024-10-06,1,,,,,,,,,,,,,,,,0,892057
2024-10-06,2,,,,,,,,,,,,,,,,0,696328
2024-10-06,3,,,,,,,,,,,,,,,,0,343394
2024-10-06,9,,,,,,,,,,,,,,,,0,596392
2024-10-07,1,,,,,,,,,,,,,,,,0,892057
2024-10-07,2,,,,,,,,,,,,,,,,0,696328
2024-10-07,3,,,,,,,,,,,,,,,,0,343394
2024-10-07,9,,,,,,,,,,,,,,,,0,596392
2024-10-08,1,,,,,,,,,,,,,,,,0,892057
2024-10-08,2,,,,,,,,,,,,,,,,0,696328
2024-10-08,3,,,,,,,,,,,,,,,,0,343394
2024-10-08,9,,,,,,,,,,,,,,,,0,596392
2024-10-09,1,,,,,,,,,,,,,,,,0,892057
2024-10-09,2,,,,,,,,,,,,,,,,0,696328
2024-10-09,3,,,,,,,,,,,,,,,,0,343394
2024-10-09,9,,,,,,,,,,,,,,,,0,596392
2024-10-10,1,,,,,,,,,,,,,,,,0,892057
2024-10-10,2,,,,,,,,,,,,,,,,0,696328
2024-10-10,3,,,,,,,,,,,,,,,,0,343394
2024-10-10,9,,,,,,,,,,,,,,,,0,596392
2024-10-11,1,,,,,,,,,,,,,,,,0,892057
2024-10-11,2,,,,,,,,,,,,,,,,0,696328
2024-10-11,3,,,,,,,,,,,,,,,,0,343394
2024-10-11,9,,,,,,,,,,,,,,,,0,596392
2024-10-12,1,,,,,,,,,,,,,,,,0,892057
2024-10-12,2,,,,,,,,,,,,,,,,0,696328
2024-10-12,3,,,,,,,,,,,,,,,,0,343394
2024-10-12,9,,,,,,,,,,,,,,,,0,596392
2024-10-13,1,,,,,,,,,,,,,,,,0,892057
2024-10-13,2,,,,,,,,,,,,,,,,0,696328
2024-10-13,3,,,,,,,,,,,,,,,,0,343394
2024-10-13,9,,,,,,,,,,,,,,,,0,596392
2024-10-14,1,,,,,,,,,,,,,,,,0,892057
2024-10-14,2,,,,,,,,,,,,,,,,0,696328
2024-10-14,3,,,,,,,,,,,,,,,,0,343394
2024-10-14,9,,,,,,,,,,,,,,,,0,596392
2024-10-15,1,,,,,,,,,,,,,,,,0,892057
2024-10-15,2,,,,,,,,,,,,,,,,0,696328
2024-10-15,3,,,,,,,,,,,,,,,,0,343394
2024-10-15,9,,,,,,,,,,,,,,,,0,596392
2024-10-16,1,,,,,,,,,,,,,,,,0,892057
2024-10-16,2,,,,,,,,,,,,,,,,0,696328
2024-10-16,3,,,,,,,,,,,,,,,,0,343394
2024-10-16,9,,,,,,,,,,,,,,,,0,596392
2024-10-17,1,,,,,,,,,,,,,,,,0,892057
2024-10-17,2,,,,,,,,,,,,,,,,0,696328
2024-10-17,3,,,,,,,,,,,,,,,,0,343394
2024-10-17,9,,,,,,,,,,,,,,,,0,596392
2024-10-18,1,,,,,,,,,,,,,,,,0,892057
2024-10-18,2,,,,,,,,,,,,,,,,0,696328
2024-10-18,3,,,,,,,,,,,,,,,,0,343394
2024-10-18,9,,,,,,,,,,,,,,,,0,596392
2024-10-19,1,,,,,,,,,,,,,,,,0,892057
2024-10-19,2,,,,,,,,,,,,,,,,0,696328
2024-10-19,3,,,,,,,,,,,,,,,,0,343394
2024-10-19,9,,,,,,,,,,,,,,,,0,596392
2024-10-20,1,,,,,,,,,,,,,,,,0,892057
2024-10-20,2,,,,,,,,,,,,,,,,0,696328
2024-10-20,3,,,,,,,,,,,,,,,,0,343394
2024-10-20,9,,,,,,,,,,,,,,,,0,596392
2024-10-21,1,,,,,,,,,,,,,,,,0,892057
2024-10-21,2,,,,,,,,,,,,,,,,0,696328
2024-10-21,3,,,,,,,,,,,,,,,,0,343394
2024-10-21,9,,,,,,,,,,,,,,,,0,596392
2024-10-22,1,,,,,,,,,,,,,,,,0,892057
2024-10-22,2,,,,,,,,,,,,,,,,0,696328
2024-10-22,3,,,,,,,,,,,,,,,,0,343394
2024-10-22,9,,,,,,,,,,,,,,,,0,596392
2024-10-23,1,,,,,,,,,,,,,,,,0,892057
2024-10-23,2,,,,,,,,,,,,,,,,0,696328
2024-10-23,3,,,,,,,,,,,,,,,,0,343394
2024-10-23,9,,,,,,,,,,,,,,,,0,596392
2024-10-24,1,,,,,,,,,,,,,,,,0,892057
2024-10-24,2,,,,,,,,,,,,,,,,0,696328
2024-10-24,3,,,,,,,,,,,,,,,,0,343394
2024-10-24,9,,,,,,,,,,,,,,,,0,596392
2024-10-25,1,,,,,,,,,,,,,,,,0,892057
2024-10-25,2,,,,,,,,,,,,,,,,0,696328
2024-10-25,3,,,,,,,,,,,,,,,,0,343394
2024-10-25,9,,,,,,,,,,,,,,,,0,596392
2024-10-26,1,,,,,,,,,,,,,,,,0,892057
2024-10-26,2,,,,,,,,,,,,,,,,0,696328
2024-10-26,3,,,,,,,,,,,,,,,,0,343394
2024-10-26,9,,,,,,,,,,,,,,,,0,596392
2024-10-27,1,,,,,,,,,,,,,,,,0,892057
2024-10-27,2,,,,,,,,,,,,,,,,0,696328
2024-10-27,3,,,,,,,,,,,,,,,,0,343394
2024-10-27,9,,,,,,,,,,,,,,,,0,596392
2024-10-28,1,,,,,,,,,,,,,,,,0,892057
2024-10-28,2,,,,,,,,,,,,,,,,0,696328
2024-10-28,3,,,,,,,,,,,,,,,,0,343394
2024-10-28,9,,,,,,,,,,,,,,,,0,596392
2024-10-29,1,,,,,,,,,,,,,,,,0,892057
2024-10-29,2,,,,,,,,,,,,,,,,0,696328
2024-10-29,3,,,,,,,,,,,,,,,,0,343394
2024-10-29,9,,,,,,,,,,,,,,,,0,596392
2024-10-30,1,,,,,,,,,,,,,,,,0,892057
2024-10-30,2,,,,,,,,,,,,,,,,0,696328
2024-10-30,3,,,,,,,,,,,,,,,,0,343394
2024-10-30,9,,,,,,,,,,,,,,,,0,596392
2024-10-31,1,,,,,,,,,,,,,,,,0,892057
2024-10-31,2,,,,,,,,,,,,,,,,0,696328
2024-10-31,3,,,,,,,,,,,,,,,,0,343394
2024-10-31,9,,,,,,,,,,,,,,,,0,596392
2024-11-01,1,,,,,,,,,,,,,,,,0,892057
2024-11-01,2,,,,,,,,,,,,,,,,0,696328
2024-11-01,3,,,,,,,,,,,,,,,,0,343394
2024-11-01,9,,,,,,,,,,,,,,,,0,596392
2024-11-02,1,,,,,,,,,,,,,,,,0,892057
2024-11-02,2,,,,,,,,,,,,,,,,0,696328
2024-11-02,3,,,,,,,,,,,,,,,,0,343394
2024-11-02,9,,,,,,,,,,,,,,,,0,596392
2024-11-03,1,,,,,,,,,,,,,,,,0,892057
2024-11-03,2,,,,,,,,,,,,,,,,0,696328
2024-11-03,3,,,,,,,,,,,,,,,,0,343394
2024-11-03,9,,,,,,,,,,,,,,,,0,596392
2024-11-04,1,,,,,,,,,,,,,,,,0,892057
2024-11-04,2,,,,,,,,,,,,,,,,0,696328
2024-11-04,3,,,,,,,,,,,,,,,,0,343394
2024-11-04,9,,,,,,,,,,,,,,,,0,596392
2024-11-05,1,,,,,,,,,,,,,,,,0,892057
2024-11-05,2,,,,,,,,,,,,,,,,0,696328
2024-11-05,3,,,,,,,,,,,,,,,,0,343394
2024-11-05,9,,,,,,,,,,,,,,,,0,596392
2024-11-06,1,,,,,,,,,,,,,,,,0,892057
2024-11-06,2,,,,,,,,,,,,,,,,0,696328
2024-11-06,3,,,,,,,,,,,,,,,,0,343394
2024-11-06,9,,,,,,,,,,,,,,,,0,596392
2024-11-07,1,,,,,,,,,,,,,,,,0,892057
2024-11-07,2,,,,,,,,,,,,,,,,0,696328
2024-11-07,3,,,,,,,,,,,,,,,,0,343394
2024-11-07,9,,,,,,,,,,,,,,,,0,596392
2024-11-08,1,,,,,,,,,,,,,,,,0,892057
2024-11-08,2,,,,,,,,,,,,,,,,0,696328
2024-11-08,3,,,,,,,,,,,,,,,,0,343394
2024-11-08,9,,,,,,,,,,,,,,,,0,596392
2024-11-09,1,,,,,,,,,,,,,,,,0,892057
2024-11-09,2,,,,,,,,,,,,,,,,0,696328
2024-11-09,3,,,,,,,,,,,,,,,,0,343394
2024-11-09,9,,,,,,,,,,,,,,,,0,596392
2024-11-10,1,,,,,,,,,,,,,,,,0,892057
2024-11-10,2,,,,,,,,,,,,,,,,0,696328
2024-11-10,3,,,,,,,,,,,,,,,,0,343394
2024-11-10,9,,,,,,,,,,,,,,,,0,596392
2024-11-11,1,,,,,,,,,,,,,,,,0,892057
2024-11-11,2,,,,,,,,,,,,,,,,0,696328
2024-11-11,3,,,,,,,,,,,,,,,,0,343394
2024-11-11,9,,,,,,,,,,,,,,,,0,596392
2024-11-12,1,,,,,,,,,,,,,,,,0,892057
2024-11-12,2,,,,,,,,,,,,,,,,0,696328
2024-11-12,3,,,,,,,,,,,,,,,,0,343394
2024-11-12,9,,,,,,,,,,,,,,,,0,596392
2024-11-13,1,,,,,,,,,,,,,,,,0,892057
2024-11-13,2,,,,,,,,,,,,,,,,0,696328
2024-11-13,3,,,,,,,,,,,,,,,,0,343394
2024-11-13,9,,,,,,,,,,,,,,,,0,596392
2024-11-14,1,,,,,,,,,,,,,,,,0,892057
2024-11-14,2,,,,,,,,,,,,,,,,0,696328
2024-11-14,3,,,,,,,,,,,,,,,,0,343394
2024-11-14,9,,,,,,,,,,,,,,,,0,596392
2024-11-15,1,,,,,,,,,,,,,,,,0,892057
2024-11-15,2,,,,,,,,,,,,,,,,0,696328
2024-11-15,3,,,,,,,,,,,,,,,,0,343394
2024-11-15,9,,,,,,,,,,,,,,,,0,596392
2024-11-16,1,,,,,,,,,,,,,,,,0,892057
2024-11-16,2,,,,,,,,,,,,,,,,0,696328
2024-11-16,3,,,,,,,,,,,,,,,,0,343394
2024-11-16,9,,,,,,,,,,,,,,,,0,596392
2024-11-17,1,,,,,,,,,,,,,,,,0,892057
2024-11-17,2,,,,,,,,,,,,,,,,0,696328
2024-11-17,3,,,,,,,,,,,,,,,,0,343394
2024-11-17,9,,,,,,,,,,,,,,,,0,596392
2024-11-18,1,,,,,,,,,,,,,,,,0,892057
2024-11-18,2,,,,,,,,,,,,,,,,0,696328
2024-11-18,3,,,,,,,,,,,,,,,,0,343394
2024-11-18,9,,,,,,,,,,,,,,,,0,596392
2024-11-19,1,,,,,,,,,,,,,,,,0,892057
2024-11-19,2,,,,,,,,,,,,,,,,0,696328
2024-11-19,3,,,,,,,,,,,,,,,,0,343394
2024-11-19,9,,,,,,,,,,,,,,,,0,596392
2024-11-20,1,,,,,,,,,,,,,,,,0,892057
2024-11-20,2,,,,,,,,,,,,,,,,0,696328
2024-11-20,3,,,,,,,,,,,,,,,,0,343394
2024-11-20,9,,,,,,,,,,,,,,,,0,596392
2024-11-21,1,,,,,,,,,,,,,,,,0,892057
2024-11-21,2,,,,,,,,,,,,,,,,0,696328
2024-11-21,3,,,,,,,,,,,,,,,,0,343394
2024-11-21,9,,,,,,,,,,,,,,,,0,596392
2024-11-22,1,,,,,,,,,,,,,,,,0,892057
2024-11-22,2,,,,,,,,,,,,,,,,0,696328
2024-11-22,3,,,,,,,,,,,,,,,,0,343394
2024-11-22,9,,,,,,,,,,,,,,,,0,596392
2024-11-23,1,,,,,,,,,,,,,,,,0,892057
2024-11-23,2,,,,,,,,,,,,,,,,0,696328
2024-11-23,3,,,,,,,,,,,,,,,,0,343394
2024-11-23,9,,,,,,,,,,,,,,,,0,596392
2024-11-24,1,,,,,,,,,,,,,,,,0,892057
2024-11-24,2,,,,,,,,,,,,,,,,0,696328
2024-11-24,3,,,,,,,,,,,,,,,,0,343394
2024-11-24,9,,,,,,,,,,,,,,,,0,596392
2024-11-25,1,,,,,,,,,,,,,,,,0,892057
2024-11-25,2,,,,,,,,,,,,,,,,0,696328
2024-11-25,3,,,,,,,,,,,,,,,,0,343394
2024-11-25,9,,,,,,,,,,,,,,,,0,596392
2024-11-26,1,,,,,,,,,,,,,,,,0,892057
2024-11-26,2,,,,,,,,,,,,,,,,0,696328
2024-11-26,3,,,,,,,,,,,,,,,,0,343394
2024-11-26,9,,,,,,,,,,,,,,,,0,596392
2024-11-27,1,,,,,,,,,,,,,,,,0,892057
2024-11-27,2,,,,,,,,,,,,,,,,0,696328
2024-11-27,3,,,,,,,,,,,,,,,,0,343394
2024-11-27,9,,,,,,,,,,,,,,,,0,596392
2024-11-28,1,,,,,,,,,,,,,,,,0,892057
2024-11-28,2,,,,,,,,,,,,,,,,0,696328
2024-11-28,3,,,,,,,,,,,,,,,,0,343394
2024-11-28,9,,,,,,,,,,,,,,,,0,596392
2024-11-29,1,,,,,,,,,,,,,,,,0,892057
2024-11-29,2,,,,,,,,,,,,,,,,0,696328
2024-11-29,3,,,,,,,,,,,,,,,,0,343394
2024-11-29,9,,,,,,,,,,,,,,,,0,596392
2024-11-30,1,,,,,,,,,,,,,,,,0,892057
2024-11-30,2,,,,,,,,,,,,,,,,0,696328
2024-11-30,3,,,,,,,,,,,,,,,,0,343394
2024-11-30,9,,,,,,,,,,,,,,,,0,596392
2024-12-01,1,,,,,,,,,,,,,,,,0,892057
2024-12-01,2,,,,,,,,,,,,,,,,0,696328
2024-12-01,3,,,,,,,,,,,,,,,,0,343394
2024-12-01,9,,,,,,,,,,,,,,,,0,596392
2024-12-02,1,,,,,,,,,,,,,,,,0,892057
2024-12-02,2,,,,,,,,,,,,,,,,0,696328
2024-12-02,3,,,,,,,,,,,,,,,,0,343394
2024-12-02,9,,,,,,,,,,,,,,,,0,596392
2024-12-03,1,,,,,,,,,,,,,,,,0,892057
2024-12-03,2,,,,,,,,,,,,,,,,0,696328
2024-12-03,3,,,,,,,,,,,,,,,,0,343394
2024-12-03,9,,,,,,,,,,,,,,,,0,596392
2024-12-04,1,,,,,,,,,,,,,,,,0,892057
2024-12-04,2,,,,,,,,,,,,,,,,0,696328
2024-12-04,3,,,,,,,,,,,,,,,,0,343394
2024-12-04,9,,,,,,,,,,,,,,,,0,596392
2024-12-05,1,,,,,,,,,,,,,,,,0,892057
2024-12-05,2,,,,,,,,,,,,,,,,0,696328
2024-12-05,3,,,,,,,,,,,,,,,,0,343394
2024-12-05,9,,,,,,,,,,,,,,,,0,596392
2024-12-06,1,,,,,,,,,,,,,,,,0,892057
2024-12-06,2,,,,,,,,,,,,,,,,0,696328
2024-12-06,3,,,,,,,,,,,,,,,,0,343394
2024-12-06,9,,,,,,,,,,,,,,,,0,596392
2024-12-07,1,,,,,,,,,,,,,,,,0,892057
2024-12-07,2,,,,,,,,,,,,,,,,0,696328
2024-12-07,3,,,,,,,,,,,,,,,,0,343394
2024-12-07,9,,,,,,,,,,,,,,,,0,596392
2024-12-08,1,,,,,,,,,,,,,,,,0,892057
2024-12-08,2,,,,,,,,,,,,,,,,0,696328
2024-12-08,3,,,,,,,,,,,,,,,,0,343394
2024-12-08,9,,,,,,,,,,,,,,,,0,596392
2024-12-09,1,,,,,,,,,,,,,,,,0,892057
2024-12-09,2,,,,,,,,,,,,,,,,0,696328
2024-12-09,3,,,,,,,,,,,,,,,,0,343394
2024-12-09,9,,,,,,,,,,,,,,,,0,596392
2024-12-10,1,,,,,,,,,,,,,,,,0,892057
2024-12-10,2,,,,,,,,,,,,,,,,0,696328
2024-12-10,3,,,,,,,,,,,,,,,,0,343394
2024-12-10,9,,,,,,,,,,,,,,,,0,596392
2024-12-11,1,,,,,,,,,,,,,,,,0,892057
2024-12-11,2,,,,,,,,,,,,,,,,0,696328
2024-12-11,3,,,,,,,,,,,,,,,,0,343394
2024-12-11,9,,,,,,,,,,,,,,,,0,596392
2024-12-12,1,,,,,,,,,,,,,,,,0,892057
2024-12-12,2,,,,,,,,,,,,,,,,0,696328
2024-12-12,3,,,,,,,,,,,,,,,,0,343394
2024-12-12,9,,,,,,,,,,,,,,,,0,596392
2024-12-13,1,,,,,,,,,,,,,,,,0,892057
2024-12-13,2,,,,,,,,,,,,,,,,0,696328
2024-12-13,3,,,,,,,,,,,,,,,,0,343394
2024-12-13,9,,,,,,,,,,,,,,,,0,596392
2024-12-14,1,,,,,,,,,,,,,,,,0,892057
2024-12-14,2,,,,,,,,,,,,,,,,0,696328
2024-12-14,3,,,,,,,,,,,,,,,,0,343394
2024-12-14,9,,,,,,,,,,,,,,,,0,596392
2024-12-15,1,,,,,,,,,,,,,,,,0,892057
2024-12-15,2,,,,,,,,,,,,,,,,0,696328
2024-12-15,3,,,,,,,,,,,,,,,,0,343394
2024-12-15,9,,,,,,,,,,,,,,,,0,596392
2024-12-16,1,,,,,,,,,,,,,,,,0,892057
2024-12-16,2,,,,,,,,,,,,,,,,0,696328
2024-12-16,3,,,,,,,,,,,,,,,,0,343394
2024-12-16,9,,,,,,,,,,,,,,,,0,596392
2024-12-17,1,,,,,,,,,,,,,,,,0,892057
2024-12-17,2,,,,,,,,,,,,,,,,0,696328
2024-12-17,3,,,,,,,,,,,,,,,,0,343394
2024-12-17,9,,,,,,,,,,,,,,,,0,596392
2024-12-18,1,,,,,,,,,,,,,,,,0,892057
2024-12-18,2,,,,,,,,,,,,,,,,0,696328
2024-12-18,3,,,,,,,,,,,,,,,,0,343394
2024-12-18,9,,,,,,,,,,,,,,,,0,596392
2024-12-19,1,,,,,,,,,,,,,,,,0,892057
2024-12-19,2,,,,,,,,,,,,,,,,0,696328
2024-12-19,3,,,,,,,,,,,,,,,,0,343394
2024-12-19,9,,,,,,,,,,,,,,,,0,596392
2024-12-20,1,,,,,,,,,,,,,,,,0,892057
2024-12-20,2,,,,,,,,,,,,,,,,0,696328
2024-12-20,3,,,,,,,,,,,,,,,,0,343394
2024-12-20,9,,,,,,,,,,,,,,,,0,596392
2024-12-21,1,,,,,,,,,,,,,,,,0,892057
2024-12-21,2,,,,,,,,,,,,,,,,0,696328
2024-12-21,3,,,,,,,,,,,,,,,,0,343394
2024-12-21,9,,,,,,,,,,,,,,,,0,596392
2024-12-22,1,,,,,,,,,,,,,,,,0,892057
2024-12-22,2,,,,,,,,,,,,,,,,0,696328
2024-12-22,3,,,,,,,,,,,,,,,,0,343394
2024-12-22,9,,,,,,,,,,,,,,,,0,596392
2024-12-23,1,,,,,,,,,,,,,,,,0,892057
2024-12-23,2,,,,,,,,,,,,,,,,0,696328
2024-12-23,3,,,,,,,,,,,,,,,,0,343394
2024-12-23,9,,,,,,,,,,,,,,,,0,596392
2024-12-24,1,,,,,,,,,,,,,,,,0,892057
2024-12-24,2,,,,,,,,,,,,,,,,0,696328
2024-12-24,3,,,,,,,,,,,,,,,,0,343394
2024-12-24,9,,,,,,,,,,,,,,,,0,596392
2024-12-25,1,,,,,,,,,,,,,,,,0,892057
2024-12-25,2,,,,,,,,,,,,,,,,0,696328
2024-12-25,3,,,,,,,,,,,,,,,,0,343394
2024-12-25,9,,,,,,,,,,,,,,,,0,596392
2024-12-26,1,,,,,,,,,,,,,,,,0,892057
2024-12-26,2,,,,,,,,,,,,,,,,0,696328
2024-12-26,3,,,,,,,,,,,,,,,,0,343394
2024-12-26,9,,,,,,,,,,,,,,,,0,596392
2024-12-27,1,,,,,,,,,,,,,,,,0,892057
2024-12-27,2,,,,,,,,,,,,,,,,0,696328
2024-12-27,3,,,,,,,,,,,,,,,,0,343394
2024-12-27,9,,,,,,,,,,,,,,,,0,596392
2024-12-28,1,,,,,,,,,,,,,,,,0,892057
2024-12-28,2,,,,,,,,,,,,,,,,0,696328
2024-12-28,3,,,,,,,,,,,,,,,,0,343394
2024-12-28,9,,,,,,,,,,,,,,,,0,596392
2024-12-29,1,,,,,,,,,,,,,,,,0,892057
2024-12-29,2,,,,,,,,,,,,,,,,0,696328
2024-12-29,3,,,,,,,,,,,,,,,,0,343394
2024-12-29,9,,,,,,,,,,,,,,,,0,596392
2024-12-30,1,,,,,,,,,,,,,,,,0,892057
2024-12-30,2,,,,,,,,,,,,,,,,0,696328
2024-12-30,3,,,,,,,,,,,,,,,,0,343394
2024-12-30,9,,,,,,,,,,,,,,,,0,596392
2024-12-31,1,,,,,,,,,,,,,,,,0,892057
2024-12-31,2,,,,,,,,,,,,,,,,0,696328
2024-12-31,3,,,,,,,,,,,,,,,,0,343394
2024-12-31,9,,,,,,,,,,,,,,,,0,596392
2025-01-01,1,,,,,,,,,,,,,,,,0,892057
2025-01-01,2,,,,,,,,,,,,,,,,0,696328
2025-01-01,3,,,,,,,,,,,,,,,,0,343394
2025-01-01,9,,,,,,,,,,,,,,,,0,596392
2025-01-02,1,,,,,,,,,,,,,,,,0,892057
2025-01-02,2,,,,,,,,,,,,,,,,0,696328
2025-01-02,3,,,,,,,,,,,,,,,,0,343394
2025-01-02,9,,,,,,,,,,,,,,,,0,596392
2025-01-03,1,,,,,,,,,,,,,,,,0,892057
2025-01-03,2,,,,,,,,,,,,,,,,0,696328
2025-01-03,3,,,,,,,,,,,,,,,,0,343394
2025-01-03,9,,,,,,,,,,,,,,,,0,596392
2025-01-04,1,,,,,,,,,,,,,,,,0,892057
2025-01-04,2,,,,,,,,,,,,,,,,0,696328
2025-01-04,3,,,,,,,,,,,,,,,,0,343394
2025-01-04,9,,,,,,,,,,,,,,,,0,596392
2025-01-05,1,,,,,,,,,,,,,,,,0,892057
2025-01-05,2,,,,,,,,,,,,,,,,0,696328
2025-01-05,3,,,,,,,,,,,,,,,,0,343394
2025-01-05,9,,,,,,,,,,,,,,,,0,596392
2025-01-06,1,,,,,,,,,,,,,,,,0,892057
2025-01-06,2,,,,,,,,,,,,,,,,0,696328
2025-01-06,3,,,,,,,,,,,,,,,,0,343394
2025-01-06,9,,,,,,,,,,,,,,,,0,596392
2025-01-07,1,,,,,,,,,,,,,,,,0,892057
2025-01-07,2,,,,,,,,,,,,,,,,0,696328
2025-01-07,3,,,,,,,,,,,,,,,,0,343394
2025-01-07,9,,,,,,,,,,,,,,,,0,596392
2025-01-08,1,,,,,,,,,,,,,,,,0,892057
2025-01-08,2,,,,,,,,,,,,,,,,0,696328
2025-01-08,3,,,,,,,,,,,,,,,,0,343394
2025-01-08,9,,,,,,,,,,,,,,,,0,596392
2025-01-09,1,,,,,,,,,,,,,,,,0,892057
2025-01-09,2,,,,,,,,,,,,,,,,0,696328
2025-01-09,3,,,,,,,,,,,,,,,,0,343394
2025-01-09,9,,,,,,,,,,,,,,,,0,596392
2025-01-10,1,,,,,,,,,,,,,,,,0,892057
2025-01-10,2,,,,,,,,,,,,,,,,0,696328
2025-01-10,3,,,,,,,,,,,,,,,,0,343394
2025-01-10,9,,,,,,,,,,,,,,,,0,596392
2025-01-11,1,,,,,,,,,,,,,,,,0,892057
2025-01-11,2,,,,,,,,,,,,,,,,0,696328
2025-01-11,3,,,,,,,,,,,,,,,,0,343394
2025-01-11,9,,,,,,,,,,,,,,,,0,596392
2025-01-12,1,,,,,,,,,,,,,,,,0,892057
2025-01-12,2,,,,,,,,,,,,,,,,0,696328
2025-01-12,3,,,,,,,,,,,,,,,,0,343394
2025-01-12,9,,,,,,,,,,,,,,,,0,596392
2025-01-13,1,,,,,,,,,,,,,,,,0,892057
2025-01-13,2,,,,,,,,,,,,,,,,0,696328
2025-01-13,3,,,,,,,,,,,,,,,,0,343394
2025-01-13,9,,,,,,,,,,,,,,,,0,596392
2025-01-14,1,,,,,,,,,,,,,,,,0,892057
2025-01-14,2,,,,,,,,,,,,,,,,0,696328
2025-01-14,3,,,,,,,,,,,,,,,,0,343394
2025-01-14,9,,,,,,,,,,,,,,,,0,596392
2025-01-15,1,,,,,,,,,,,,,,,,0,892057
2025-01-15,2,,,,,,,,,,,,,,,,0,696328
2025-01-15,3,,,,,,,,,,,,,,,,0,343394
2025-01-15,9,,,,,,,,,,,,,,,,0,596392
2025-01-16,1,,,,,,,,,,,,,,,,0,892057
2025-01-16,2,,,,,,,,,,,,,,,,0,696328
2025-01-16,3,,,,,,,,,,,,,,,,0,343394
2025-01-16,9,,,,,,,,,,,,,,,,0,596392
2025-01-17,1,,,,,,,,,,,,,,,,0,892057
2025-01-17,2,,,,,,,,,,,,,,,,0,696328
2025-01-17,3,,,,,,,,,,,,,,,,0,343394
2025-01-17,9,,,,,,,,,,,,,,,,0,596392
2025-01-18,1,,,,,,,,,,,,,,,,0,892057
2025-01-18,2,,,,,,,,,,,,,,,,0,696328
2025-01-18,3,,,,,,,,,,,,,,,,0,343394
2025-01-18,9,,,,,,,,,,,,,,,,0,596392
2025-01-19,1,,,,,,,,,,,,,,,,0,892057
2025-01-19,2,,,,,,,,,,,,,,,,0,696328
2025-01-19,3,,,,,,,,,,,,,,,,0,343394
2025-01-19,9,,,,,,,,,,,,,,,,0,596392
2025-01-20,1,,,,,,,,,,,,,,,,0,892057
2025-01-20,2,,,,,,,,,,,,,,,,0,696328
2025-01-20,3,,,,,,,,,,,,,,,,0,343394
2025-01-20,9,,,,,,,,,,,,,,,,0,596392
2025-01-21,1,,,,,,,,,,,,,,,,0,892057
2025-01-21,2,,,,,,,,,,,,,,,,0,696328
2025-01-21,3,,,,,,,,,,,,,,,,0,343394
2025-01-21,9,,,,,,,,,,,,,,,,0,596392
2025-01-22,1,,,,,,,,,,,,,,,,0,892057
2025-01-22,2,,,,,,,,,,,,,,,,0,696328
2025-01-22,3,,,,,,,,,,,,,,,,0,343394
2025-01-22,9,,,,,,,,,,,,,,,,0,596392
2025-01-23,1,,,,,,,,,,,,,,,,0,892057
2025-01-23,2,,,,,,,,,,,,,,,,0,696328
2025-01-23,3,,,,,,,,,,,,,,,,0,343394
2025-01-23,9,,,,,,,,,,,,,,,,0,596392
2025-01-24,1,,,,,,,,,,,,,,,,0,892057
2025-01-24,2,,,,,,,,,,,,,,,,0,696328
2025-01-24,3,,,,,,,,,,,,,,,,0,343394
2025-01-24,9,,,,,,,,,,,,,,,,0,596392
2025-01-25,1,,,,,,,,,,,,,,,,0,892057
2025-01-25,2,,,,,,,,,,,,,,,,0,696328
2025-01-25,3,,,,,,,,,,,,,,,,0,343394
2025-01-25,9,,,,,,,,,,,,,,,,0,596392
2025-01-26,1,,,,,,,,,,,,,,,,0,892057
2025-01-26,2,,,,,,,,,,,,,,,,0,696328
2025-01-26,3,,,,,,,,,,,,,,,,0,343394
2025-01-26,9,,,,,,,,,,,,,,,,0,596392
2025-01-27,1,,,,,,,,,,,,,,,,0,892057
2025-01-27,2,,,,,,,,,,,,,,,,0,696328
2025-01-27,3,,,,,,,,,,,,,,,,0,343394
2025-01-27,9,,,,,,,,,,,,,,,,0,596392
2025-01-28,1,,,,,,,,,,,,,,,,0,892057
2025-01-28,2,,,,,,,,,,,,,,,,0,696328
2025-01-28,3,,,,,,,,,,,,,,,,0,343394
2025-01-28,9,,,,,,,,,,,,,,,,0,596392
2025-01-29,1,,,,,,,,,,,,,,,,0,892057
2025-01-29,2,,,,,,,,,,,,,,,,0,696328
2025-01-29,3,,,,,,,,,,,,,,,,0,343394
2025-01-29,9,,,,,,,,,,,,,,,,0,596392
2025-01-30,1,,,,,,,,,,,,,,,,0,892057
2025-01-30,2,,,,,,,,,,,,,,,,0,696328
2025-01-30,3,,,,,,,,,,,,,,,,0,343394
2025-01-30,9,,,,,,,,,,,,,,,,0,596392
2025-01-31,1,,,,,,,,,,,,,,,,0,892057
2025-01-31,2,,,,,,,,,,,,,,,,0,696328
2025-01-31,3,,,,,,,,,,,,,,,,0,343394
2025-01-31,9,,,,,,,,,,,,,,,,0,596392
2025-02-01,1,,,,,,,,,,,,,,,,0,892057
2025-02-01,2,,,,,,,,,,,,,,,,0,696328
2025-02-01,3,,,,,,,,,,,,,,,,0,343394
2025-02-01,9,,,,,,,,,,,,,,,,0,596392
2025-02-02,1,,,,,,,,,,,,,,,,0,892057
2025-02-02,2,,,,,,,,,,,,,,,,0,696328
2025-02-02,3,,,,,,,,,,,,,,,,0,343394
2025-02-02,9,,,,,,,,,,,,,,,,0,596392
2025-02-03,1,,,,,,,,,,,,,,,,0,892057
2025-02-03,2,,,,,,,,,,,,,,,,0,696328
2025-02-03,3,,,,,,,,,,,,,,,,0,343394
2025-02-03,9,,,,,,,,,,,,,,,,0,596392
2025-02-04,1,,,,,,,,,,,,,,,,0,892057
2025-02-04,2,,,,,,,,,,,,,,,,0,696328
2025-02-04,3,,,,,,,,,,,,,,,,0,343394
2025-02-04,9,,,,,,,,,,,,,,,,0,596392
2025-02-05,1,,,,,,,,,,,,,,,,0,892057
2025-02-05,2,,,,,,,,,,,,,,,,0,696328
2025-02-05,3,,,,,,,,,,,,,,,,0,343394
2025-02-05,9,,,,,,,,,,,,,,,,0,596392
2025-02-06,1,,,,,,,,,,,,,,,,0,892057
2025-02-06,2,,,,,,,,,,,,,,,,0,696328
2025-02-06,3,,,,,,,,,,,,,,,,0,343394
2025-02-06,9,,,,,,,,,,,,,,,,0,596392
2025-02-07,1,,,,,,,,,,,,,,,,0,892057
2025-02-07,2,,,,,,,,,,,,,,,,0,696328
2025-02-07,3,,,,,,,,,,,,,,,,0,343394
2025-02-07,9,,,,,,,,,,,,,,,,0,596392
2025-02-08,1,,,,,,,,,,,,,,,,0,892057
2025-02-08,2,,,,,,,,,,,,,,,,0,696328
2025-02-08,3,,,,,,,,,,,,,,,,0,343394
2025-02-08,9,,,,,,,,,,,,,,,,0,596392
2025-02-09,1,,,,,,,,,,,,,,,,0,892057
2025-02-09,2,,,,,,,,,,,,,,,,0,696328
2025-02-09,3,,,,,,,,,,,,,,,,0,343394
2025-02-09,9,,,,,,,,,,,,,,,,0,596392
2025-02-10,1,,,,,,,,,,,,,,,,0,892057
2025-02-10,2,,,,,,,,,,,,,,,,0,696328
2025-02-10,3,,,,,,,,,,,,,,,,0,343394
2025-02-10,9,,,,,,,,,,,,,,,,0,596392
2025-02-11,1,,,,,,,,,,,,,,,,0,892057
2025-02-11,2,,,,,,,,,,,,,,,,0,696328
2025-02-11,3,,,,,,,,,,,,,,,,0,343394
2025-02-11,9,,,,,,,,,,,,,,,,0,596392
2025-02-12,1,,,,,,,,,,,,,,,,0,892057
2025-02-12,2,,,,,,,,,,,,,,,,0,696328
2025-02-12,3,,,,,,,,,,,,,,,,0,343394
2025-02-12,9,,,,,,,,,,,,,,,,0,596392
2025-02-13,1,,,,,,,,,,,,,,,,0,892057
2025-02-13,2,,,,,,,,,,,,,,,,0,696328
2025-02-13,3,,,,,,,,,,,,,,,,0,343394
2025-02-13,9,,,,,,,,,,,,,,,,0,596392
2025-02-14,1,,,,,,,,,,,,,,,,0,892057
2025-02-14,2,,,,,,,,,,,,,,,,0,696328
2025-02-14,3,,,,,,,,,,,,,,,,0,343394
2025-02-14,9,,,,,,,,,,,,,,,,0,596392
2025-02-15,1,,,,,,,,,,,,,,,,0,892057
2025-02-15,2,,,,,,,,,,,,,,,,0,696328
2025-02-15,3,,,,,,,,,,,,,,,,0,343394
2025-02-15,9,,,,,,,,,,,,,,,,0,596392
2025-02-16,1,,,,,,,,,,,,,,,,0,892057
2025-02-16,2,,,,,,,,,,,,,,,,0,696328
2025-02-16,3,,,,,,,,,,,,,,,,0,343394
2025-02-16,9,,,,,,,,,,,,,,,,0,596392
2025-02-17,1,,,,,,,,,,,,,,,,0,892057
2025-02-17,2,,,,,,,,,,,,,,,,0,696328
2025-02-17,3,,,,,,,,,,,,,,,,0,343394
2025-02-17,9,,,,,,,,,,,,,,,,0,596392
2025-02-18,1,,,,,,,,,,,,,,,,0,892057
2025-02-18,2,,,,,,,,,,,,,,,,0,696328
2025-02-18,3,,,,,,,,,,,,,,,,0,343394
2025-02-18,9,,,,,,,,,,,,,,,,0,596392
2025-02-19,1,,,,,,,,,,,,,,,,0,892057
2025-02-19,2,,,,,,,,,,,,,,,,0,696328
2025-02-19,3,,,,,,,,,,,,,,,,0,343394
2025-02-19,9,,,,,,,,,,,,,,,,0,596392
2025-02-20,1,,,,,,,,,,,,,,,,0,892057
2025-02-20,2,,,,,,,,,,,,,,,,0,696328
2025-02-20,3,,,,,,,,,,,,,,,,0,343394
2025-02-20,9,,,,,,,,,,,,,,,,0,596392
2025-02-21,1,,,,,,,,,,,,,,,,0,892057
2025-02-21,2,,,,,,,,,,,,,,,,0,696328
2025-02-21,3,,,,,,,,,,,,,,,,0,343394
2025-02-21,9,,,,,,,,,,,,,,,,0,596392
2025-02-22,1,,,,,,,,,,,,,,,,0,892057
2025-02-22,2,,,,,,,,,,,,,,,,0,696328
2025-02-22,3,,,,,,,,,,,,,,,,0,343394
2025-02-22,9,,,,,,,,,,,,,,,,0,596392
2025-02-23,1,,,,,,,,,,,,,,,,0,892057
2025-02-23,2,,,,,,,,,,,,,,,,0,696328
2025-02-23,3,,,,,,,,,,,,,,,,0,343394
2025-02-23,9,,,,,,,,,,,,,,,,0,596392
2025-02-24,1,,,,,,,,,,,,,,,,0,892057
2025-02-24,2,,,,,,,,,,,,,,,,0,696328
2025-02-24,3,,,,,,,,,,,,,,,,0,343394
2025-02-24,9,,,,,,,,,,,,,,,,0,596392
2025-02-25,1,,,,,,,,,,,,,,,,0,892057
2025-02-25,2,,,,,,,,,,,,,,,,0,696328
2025-02-25,3,,,,,,,,,,,,,,,,0,343394
2025-02-25,9,,,,,,,,,,,,,,,,0,596392
2025-02-26,1,,,,,,,,,,,,,,,,0,892057
2025-02-26,2,,,,,,,,,,,,,,,,0,696328
2025-02-26,3,,,,,,,,,,,,,,,,0,343394
2025-02-26,9,,,,,,,,,,,,,,,,0,596392
2025-02-27,1,,,,,,,,,,,,,,,,0,892057
2025-02-27,2,,,,,,,,,,,,,,,,0,696328
2025-02-27,3,,,,,,,,,,,,,,,,0,343394
2025-02-27,9,,,,,,,,,,,,,,,,0,596392
2025-02-28,1,,,,,,,,,,,,,,,,0,892057
2025-02-28,2,,,,,,,,,,,,,,,,0,696328
2025-02-28,3,,,,,,,,,,,,,,,,0,343394
2025-02-28,9,,,,,,,,,,,,,,,,0,596392
2025-03-01,1,,,,,,,,,,,,,,,,0,892057
2025-03-01,2,,,,,,,,,,,,,,,,0,696328
2025-03-01,3,,,,,,,,,,,,,,,,0,343394
2025-03-01,9,,,,,,,,,,,,,,,,0,596392
2025-03-02,1,,,,,,,,,,,,,,,,0,892057
2025-03-02,2,,,,,,,,,,,,,,,,0,696328
2025-03-02,3,,,,,,,,,,,,,,,,0,343394
2025-03-02,9,,,,,,,,,,,,,,,,0,596392
2025-03-03,1,,,,,,,,,,,,,,,,0,892057
2025-03-03,2,,,,,,,,,,,,,,,,0,696328
2025-03-03,3,,,,,,,,,,,,,,,,0,343394
2025-03-03,9,,,,,,,,,,,,,,,,0,596392
2025-03-04,1,,,,,,,,,,,,,,,,0,892057
2025-03-04,2,,,,,,,,,,,,,,,,0,696328
2025-03-04,3,,,,,,,,,,,,,,,,0,343394
2025-03-04,9,,,,,,,,,,,,,,,,0,596392
2025-03-05,1,,,,,,,,,,,,,,,,0,892057
2025-03-05,2,,,,,,,,,,,,,,,,0,696328
2025-03-05,3,,,,,,,,,,,,,,,,0,343394
2025-03-05,9,,,,,,,,,,,,,,,,0,596392
2025-03-06,1,,,,,,,,,,,,,,,,0,892057
2025-03-06,2,,,,,,,,,,,,,,,,0,696328
2025-03-06,3,,,,,,,,,,,,,,,,0,343394
2025-03-06,9,,,,,,,,,,,,,,,,0,596392
2025-03-07,1,,,,,,,,,,,,,,,,0,892057
2025-03-07,2,,,,,,,,,,,,,,,,0,696328
2025-03-07,3,,,,,,,,,,,,,,,,0,343394
2025-03-07,9,,,,,,,,,,,,,,,,0,596392
2025-03-08,1,,,,,,,,,,,,,,,,0,892057
2025-03-08,2,,,,,,,,,,,,,,,,0,696328
2025-03-08,3,,,,,,,,,,,,,,,,0,343394
2025-03-08,9,,,,,,,,,,,,,,,,0,596392
2025-03-09,1,,,,,,,,,,,,,,,,0,892057
2025-03-09,2,,,,,,,,,,,,,,,,0,696328
2025-03-09,3,,,,,,,,,,,,,,,,0,343394
2025-03-09,9,,,,,,,,,,,,,,,,0,596392
2025-03-10,1,,,,,,,,,,,,,,,,0,892057
2025-03-10,2,,,,,,,,,,,,,,,,0,696328
2025-03-10,3,,,,,,,,,,,,,,,,0,343394
2025-03-10,9,,,,,,,,,,,,,,,,0,596392
2025-03-11,1,,,,,,,,,,,,,,,,0,892057
2025-03-11,2,,,,,,,,,,,,,,,,0,696328
2025-03-11,3,,,,,,,,,,,,,,,,0,343394
2025-03-11,9,,,,,,,,,,,,,,,,0,596392
2025-03-12,1,,,,,,,,,,,,,,,,0,892057
2025-03-12,2,,,,,,,,,,,,,,,,0,696328
2025-03-12,3,,,,,,,,,,,,,,,,0,343394
2025-03-12,9,,,,,,,,,,,,,,,,0,596392
2025-03-13,1,,,,,,,,,,,,,,,,0,892057
2025-03-13,2,,,,,,,,,,,,,,,,0,696328
2025-03-13,3,,,,,,,,,,,,,,,,0,343394
2025-03-13,9,,,,,,,,,,,,,,,,0,596392
2025-03-14,1,,,,,,,,,,,,,,,,0,892057
2025-03-14,2,,,,,,,,,,,,,,,,0,696328
2025-03-14,3,,,,,,,,,,,,,,,,0,343394
2025-03-14,9,,,,,,,,,,,,,,,,0,596392
2025-03-15,1,,,,,,,,,,,,,,,,0,892057
2025-03-15,2,,,,,,,,,,,,,,,,0,696328
2025-03-15,3,,,,,,,,,,,,,,,,0,343394
2025-03-15,9,,,,,,,,,,,,,,,,0,596392
2025-03-16,1,,,,,,,,,,,,,,,,0,892057
2025-03-16,2,,,,,,,,,,,,,,,,0,696328
2025-03-16,3,,,,,,,,,,,,,,,,0,343394
2025-03-16,9,,,,,,,,,,,,,,,,0,596392
2025-03-17,1,,,,,,,,,,,,,,,,0,892057
2025-03-17,2,,,,,,,,,,,,,,,,0,696328
2025-03-17,3,,,,,,,,,,,,,,,,0,343394
2025-03-17,9,,,,,,,,,,,,,,,,0,596392
2025-03-18,1,,,,,,,,,,,,,,,,0,892057
2025-03-18,2,,,,,,,,,,,,,,,,0,696328
2025-03-18,3,,,,,,,,,,,,,,,,0,343394
2025-03-18,9,,,,,,,,,,,,,,,,0,596392
2025-03-19,1,,,,,,,,,,,,,,,,0,892057
2025-03-19,2,,,,,,,,,,,,,,,,0,696328
2025-03-19,3,,,,,,,,,,,,,,,,0,343394
2025-03-19,9,,,,,,,,,,,,,,,,0,596392
2025-03-20,1,,,,,,,,,,,,,,,,0,892057
2025-03-20,2,,,,,,,,,,,,,,,,0,696328
2025-03-20,3,,,,,,,,,,,,,,,,0,343394
2025-03-20,9,,,,,,,,,,,,,,,,0,596392
2025-03-21,1,,,,,,,,,,,,,,,,0,892057
2025-03-21,2,,,,,,,,,,,,,,,,0,696328
2025-03-21,3,,,,,,,,,,,,,,,,0,343394
2025-03-21,9,,,,,,,,,,,,,,,,0,596392
2025-03-22,1,,,,,,,,,,,,,,,,0,892057
2025-03-22,2,,,,,,,,,,,,,,,,0,696328
2025-03-22,3,,,,,,,,,,,,,,,,0,343394
2025-03-22,9,,,,,,,,,,,,,,,,0,596392
2025-03-23,1,,,,,,,,,,,,,,,,0,892057
2025-03-23,2,,,,,,,,,,,,,,,,0,696328
2025-03-23,3,,,,,,,,,,,,,,,,0,343394
2025-03-23,9,,,,,,,,,,,,,,,,0,596392
2025-03-24,1,,,,,,,,,,,,,,,,0,892057
2025-03-24,2,,,,,,,,,,,,,,,,0,696328
2025-03-24,3,,,,,,,,,,,,,,,,0,343394
2025-03-24,9,,,,,,,,,,,,,,,,0,596392
2025-03-25,1,,,,,,,,,,,,,,,,0,892057
2025-03-25,2,,,,,,,,,,,,,,,,0,696328
2025-03-25,3,,,,,,,,,,,,,,,,0,343394
2025-03-25,9,,,,,,,,,,,,,,,,0,596392
2025-03-26,1,,,,,,,,,,,,,,,,0,892057
2025-03-26,2,,,,,,,,,,,,,,,,0,696328
2025-03-26,3,,,,,,,,,,,,,,,,0,343394
2025-03-26,9,,,,,,,,,,,,,,,,0,596392
2025-03-27,1,,,,,,,,,,,,,,,,0,892057
2025-03-27,2,,,,,,,,,,,,,,,,0,696328
2025-03-27,3,,,,,,,,,,,,,,,,0,343394
2025-03-27,9,,,,,,,,,,,,,,,,0,596392
2025-03-28,1,,,,,,,,,,,,,,,,0,892057
2025-03-28,2,,,,,,,,,,,,,,,,0,696328
2025-03-28,3,,,,,,,,,,,,,,,,0,343394
2025-03-28,9,,,,,,,,,,,,,,,,0,596392
2025-03-29,1,,,,,,,,,,,,,,,,0,892057
2025-03-29,2,,,,,,,,,,,,,,,,0,696328
2025-03-29,3,,,,,,,,,,,,,,,,0,343394
2025-03-29,9,,,,,,,,,,,,,,,,0,596392
2025-03-30,1,,,,,,,,,,,,,,,,0,892057
2025-03-30,2,,,,,,,,,,,,,,,,0,696328
2025-03-30,3,,,,,,,,,,,,,,,,0,343394
2025-03-30,9,,,,,,,,,,,,,,,,0,596392
2025-03-31,1,,,,,,,,,,,,,,,,0,892057
2025-03-31,2,,,,,,,,,,,,,,,,0,696328
2025-03-31,3,,,,,,,,,,,,,,,,0,343394
2025-03-31,9,,,,,,,,,,,,,,,,0,596392
2025-04-01,1,,,,,,,,,,,,,,,,0,892057
2025-04-01,2,,,,,,,,,,,,,,,,0,696328
2025-04-01,3,,,,,,,,,,,,,,,,0,343394
2025-04-01,9,,,,,,,,,,,,,,,,0,596392
2025-04-02,1,,,,,,,,,,,,,,,,0,892057
2025-04-02,2,,,,,,,,,,,,,,,,0,696328
2025-04-02,3,,,,,,,,,,,,,,,,0,343394
2025-04-02,9,,,,,,,,,,,,,,,,0,596392
2025-04-03,1,,,,,,,,,,,,,,,,0,892057
2025-04-03,2,,,,,,,,,,,,,,,,0,696328
2025-04-03,3,,,,,,,,,,,,,,,,0,343394
2025-04-03,9,,,,,,,,,,,,,,,,0,596392
2025-04-04,1,,,,,,,,,,,,,,,,0,892057
2025-04-04,2,,,,,,,,,,,,,,,,0,696328
2025-04-04,3,,,,,,,,,,,,,,,,0,343394
2025-04-04,9,,,,,,,,,,,,,,,,0,596392
2025-04-05,1,,,,,,,,,,,,,,,,0,892057
2025-04-05,2,,,,,,,,,,,,,,,,0,696328
2025-04-05,3,,,,,,,,,,,,,,,,0,343394
2025-04-05,9,,,,,,,,,,,,,,,,0,596392
2025-04-06,1,,,,,,,,,,,,,,,,0,892057
2025-04-06,2,,,,,,,,,,,,,,,,0,696328
2025-04-06,3,,,,,,,,,,,,,,,,0,343394
2025-04-06,9,,,,,,,,,,,,,,,,0,596392
2025-04-07,1,,,,,,,,,,,,,,,,0,892057
2025-04-07,2,,,,,,,,,,,,,,,,0,696328
2025-04-07,3,,,,,,,,,,,,,,,,0,343394
2025-04-07,9,,,,,,,,,,,,,,,,0,596392
2025-04-08,1,,,,,,,,,,,,,,,,0,892057
2025-04-08,2,,,,,,,,,,,,,,,,0,696328
2025-04-08,3,,,,,,,,,,,,,,,,0,343394
2025-04-08,9,,,,,,,,,,,,,,,,0,596392
2025-04-09,1,,,,,,,,,,,,,,,,0,892057
2025-04-09,2,,,,,,,,,,,,,,,,0,696328
2025-04-09,3,,,,,,,,,,,,,,,,0,343394
2025-04-09,9,,,,,,,,,,,,,,,,0,596392
2025-04-10,1,,,,,,,,,,,,,,,,0,892057
2025-04-10,2,,,,,,,,,,,,,,,,0,696328
2025-04-10,3,,,,,,,,,,,,,,,,0,343394
2025-04-10,9,,,,,,,,,,,,,,,,0,596392
2025-04-11,1,,,,,,,,,,,,,,,,0,892057
2025-04-11,2,,,,,,,,,,,,,,,,0,696328
2025-04-11,3,,,,,,,,,,,,,,,,0,343394
2025-04-11,9,,,,,,,,,,,,,,,,0,596392
2025-04-12,1,,,,,,,,,,,,,,,,0,892057
2025-04-12,2,,,,,,,,,,,,,,,,0,696328
2025-04-12,3,,,,,,,,,,,,,,,,0,343394
2025-04-12,9,,,,,,,,,,,,,,,,0,596392
2025-04-13,1,,,,,,,,,,,,,,,,0,892057
2025-04-13,2,,,,,,,,,,,,,,,,0,696328
2025-04-13,3,,,,,,,,,,,,,,,,0,343394
2025-04-13,9,,,,,,,,,,,,,,,,0,596392
2025-04-14,1,,,,,,,,,,,,,,,,0,892057
2025-04-14,2,,,,,,,,,,,,,,,,0,696328
2025-04-14,3,,,,,,,,,,,,,,,,0,343394
2025-04-14,9,,,,,,,,,,,,,,,,0,596392
2025-04-15,1,,,,,,,,,,,,,,,,0,892057
2025-04-15,2,,,,,,,,,,,,,,,,0,696328
2025-04-15,3,,,,,,,,,,,,,,,,0,343394
2025-04-15,9,,,,,,,,,,,,,,,,0,596392
2025-04-16,1,,,,,,,,,,,,,,,,0,892057
2025-04-16,2,,,,,,,,,,,,,,,,0,696328
2025-04-16,3,,,,,,,,,,,,,,,,0,343394
2025-04-16,9,,,,,,,,,,,,,,,,0,596392
2025-04-17,1,,,,,,,,,,,,,,,,0,892057
2025-04-17,2,,,,,,,,,,,,,,,,0,696328
2025-04-17,3,,,,,,,,,,,,,,,,0,343394
2025-04-17,9,,,,,,,,,,,,,,,,0,596392
2025-04-18,1,,,,,,,,,,,,,,,,0,892057
2025-04-18,2,,,,,,,,,,,,,,,,0,696328
2025-04-18,3,,,,,,,,,,,,,,,,0,343394
2025-04-18,9,,,,,,,,,,,,,,,,0,596392
2025-04-19,1,,,,,,,,,,,,,,,,0,892057
2025-04-19,2,,,,,,,,,,,,,,,,0,696328
2025-04-19,3,,,,,,,,,,,,,,,,0,343394
2025-04-19,9,,,,,,,,,,,,,,,,0,596392
2025-04-20,1,,,,,,,,,,,,,,,,0,892057
2025-04-20,2,,,,,,,,,,,,,,,,0,696328
2025-04-20,3,,,,,,,,,,,,,,,,0,343394
2025-04-20,9,,,,,,,,,,,,,,,,0,596392
2025-04-21,1,,,,,,,,,,,,,,,,0,892057
2025-04-21,2,,,,,,,,,,,,,,,,0,696328
2025-04-21,3,,,,,,,,,,,,,,,,0,343394
2025-04-21,9,,,,,,,,,,,,,,,,0,596392
2025-04-22,1,,,,,,,,,,,,,,,,0,892057
2025-04-22,2,,,,,,,,,,,,,,,,0,696328
2025-04-22,3,,,,,,,,,,,,,,,,0,343394
2025-04-22,9,,,,,,,,,,,,,,,,0,596392
2025-04-23,1,,,,,,,,,,,,,,,,0,892057
2025-04-23,2,,,,,,,,,,,,,,,,0,696328
2025-04-23,3,,,,,,,,,,,,,,,,0,343394
2025-04-23,9,,,,,,,,,,,,,,,,0,596392
2025-04-24,1,,,,,,,,,,,,,,,,0,892057
2025-04-24,2,,,,,,,,,,,,,,,,0,696328
2025-04-24,3,,,,,,,,,,,,,,,,0,343394
2025-04-24,9,,,,,,,,,,,,,,,,0,596392
2025-04-25,1,,,,,,,,,,,,,,,,0,892057
2025-04-25,2,,,,,,,,,,,,,,,,0,696328
2025-04-25,3,,,,,,,,,,,,,,,,0,343394
2025-04-25,9,,,,,,,,,,,,,,,,0,596392
2025-04-26,1,,,,,,,,,,,,,,,,0,892057
2025-04-26,2,,,,,,,,,,,,,,,,0,696328
2025-04-26,3,,,,,,,,,,,,,,,,0,343394
2025-04-26,9,,,,,,,,,,,,,,,,0,596392
2025-04-27,1,,,,,,,,,,,,,,,,0,892057
2025-04-27,2,,,,,,,,,,,,,,,,0,696328
2025-04-27,3,,,,,,,,,,,,,,,,0,343394
2025-04-27,9,,,,,,,,,,,,,,,,0,596392
2025-04-28,1,,,,,,,,,,,,,,,,0,892057
2025-04-28,2,,,,,,,,,,,,,,,,0,696328
2025-04-28,3,,,,,,,,,,,,,,,,0,343394
2025-04-28,9,,,,,,,,,,,,,,,,0,596392
2025-04-29,1,,,,,,,,,,,,,,,,0,892057
2025-04-29,2,,,,,,,,,,,,,,,,0,696328
2025-04-29,3,,,,,,,,,,,,,,,,0,343394
2025-04-29,9,,,,,,,,,,,,,,,,0,596392
2025-04-30,1,,,,,,,,,,,,,,,,0,892057
2025-04-30,2,,,,,,,,,,,,,,,,0,696328
2025-04-30,3,,,,,,,,,,,,,,,,0,343394
2025-04-30,9,,,,,,,,,,,,,,,,0,596392
2025-05-01,1,,,,,,,,,,,,,,,,0,892057
2025-05-01,2,,,,,,,,,,,,,,,,0,696328
2025-05-01,3,,,,,,,,,,,,,,,,0,343394
2025-05-01,9,,,,,,,,,,,,,,,,0,596392
2025-05-02,1,,,,,,,,,,,,,,,,0,892057
2025-05-02,2,,,,,,,,,,,,,,,,0,696328
2025-05-02,3,,,,,,,,,,,,,,,,0,343394
2025-05-02,9,,,,,,,,,,,,,,,,0,596392
2025-05-03,1,,,,,,,,,,,,,,,,0,892057
2025-05-03,2,,,,,,,,,,,,,,,,0,696328
2025-05-03,3,,,,,,,,,,,,,,,,0,343394
2025-05-03,9,,,,,,,,,,,,,,,,0,596392
2025-05-04,1,,,,,,,,,,,,,,,,0,892057
2025-05-04,2,,,,,,,,,,,,,,,,0,696328
2025-05-04,3,,,,,,,,,,,,,,,,0,343394
2025-05-04,9,,,,,,,,,,,,,,,,0,596392
2025-05-05,1,,,,,,,,,,,,,,,,0,892057
2025-05-05,2,,,,,,,,,,,,,,,,0,696328
2025-05-05,3,,,,,,,,,,,,,,,,0,343394
2025-05-05,9,,,,,,,,,,,,,,,,0,596392
2025-05-06,1,,,,,,,,,,,,,,,,0,892057
2025-05-06,2,,,,,,,,,,,,,,,,0,696328
2025-05-06,3,,,,,,,,,,,,,,,,0,343394
2025-05-06,9,,,,,,,,,,,,,,,,0,596392
2025-05-07,1,,,,,,,,,,,,,,,,0,892057
2025-05-07,2,,,,,,,,,,,,,,,,0,696328
2025-05-07,3,,,,,,,,,,,,,,,,0,343394
2025-05-07,9,,,,,,,,,,,,,,,,0,596392
2025-05-08,1,,,,,,,,,,,,,,,,0,892057
2025-05-08,2,,,,,,,,,,,,,,,,0,696328
2025-05-08,3,,,,,,,,,,,,,,,,0,343394
2025-05-08,9,,,,,,,,,,,,,,,,0,596392
2025-05-09,1,,,,,,,,,,,,,,,,0,892057
2025-05-09,2,,,,,,,,,,,,,,,,0,696328
2025-05-09,3,,,,,,,,,,,,,,,,0,343394
2025-05-09,9,,,,,,,,,,,,,,,,0,596392
2025-05-10,1,,,,,,,,,,,,,,,,0,892057
2025-05-10,2,,,,,,,,,,,,,,,,0,696328
2025-05-10,3,,,,,,,,,,,,,,,,0,343394
2025-05-10,9,,,,,,,,,,,,,,,,0,596392
2025-05-11,1,,,,,,,,,,,,,,,,0,892057
2025-05-11,2,,,,,,,,,,,,,,,,0,696328
2025-05-11,3,,,,,,,,,,,,,,,,0,343394
2025-05-11,9,,,,,,,,,,,,,,,,0,596392
2025-05-12,1,,,,,,,,,,,,,,,,0,892057
2025-05-12,2,,,,,,,,,,,,,,,,0,696328
2025-05-12,3,,,,,,,,,,,,,,,,0,343394
2025-05-12,9,,,,,,,,,,,,,,,,0,596392
2025-05-13,1,,,,,,,,,,,,,,,,0,892057
2025-05-13,2,,,,,,,,,,,,,,,,0,696328
2025-05-13,3,,,,,,,,,,,,,,,,0,343394
2025-05-13,9,,,,,,,,,,,,,,,,0,596392
2025-05-14,1,,,,,,,,,,,,,,,,0,892057
2025-05-14,2,,,,,,,,,,,,,,,,0,696328
2025-05-14,3,,,,,,,,,,,,,,,,0,343394
2025-05-14,9,,,,,,,,,,,,,,,,0,596392
2025-05-15,1,,,,,,,,,,,,,,,,0,892057
2025-05-15,2,,,,,,,,,,,,,,,,0,696328
2025-05-15,3,,,,,,,,,,,,,,,,0,343394
2025-05-15,9,,,,,,,,,,,,,,,,0,596392
2025-05-16,1,,,,,,,,,,,,,,,,0,892057
2025-05-16,2,,,,,,,,,,,,,,,,0,696328
2025-05-16,3,,,,,,,,,,,,,,,,0,343394
2025-05-16,9,,,,,,,,,,,,,,,,0,596392
2025-05-17,1,,,,,,,,,,,,,,,,0,892057
2025-05-17,2,,,,,,,,,,,,,,,,0,696328
2025-05-17,3,,,,,,,,,,,,,,,,0,343394
2025-05-17,9,,,,,,,,,,,,,,,,0,596392
2025-05-18,1,,,,,,,,,,,,,,,,0,892057
2025-05-18,2,,,,,,,,,,,,,,,,0,696328
2025-05-18,3,,,,,,,,,,,,,,,,0,343394
2025-05-18,9,,,,,,,,,,,,,,,,0,596392
2025-05-19,1,,,,,,,,,,,,,,,,0,892057
2025-05-19,2,,,,,,,,,,,,,,,,0,696328
2025-05-19,3,,,,,,,,,,,,,,,,0,343394
2025-05-19,9,,,,,,,,,,,,,,,,0,596392
2025-05-20,1,,,,,,,,,,,,,,,,0,892057
2025-05-20,2,,,,,,,,,,,,,,,,0,696328
2025-05-20,3,,,,,,,,,,,,,,,,0,343394
2025-05-20,9,,,,,,,,,,,,,,,,0,596392
2025-05-21,1,,,,,,,,,,,,,,,,0,892057
2025-05-21,2,,,,,,,,,,,,,,,,0,696328
2025-05-21,3,,,,,,,,,,,,,,,,0,343394
2025-05-21,9,,,,,,,,,,,,,,,,0,596392
2025-05-22,1,,,,,,,,,,,,,,,,0,892057
2025-05-22,2,,,,,,,,,,,,,,,,0,696328
2025-05-22,3,,,,,,,,,,,,,,,,0,343394
2025-05-22,9,,,,,,,,,,,,,,,,0,596392
2025-05-23,1,,,,,,,,,,,,,,,,0,892057
2025-05-23,2,,,,,,,,,,,,,,,,0,696328
2025-05-23,3,,,,,,,,,,,,,,,,0,343394
2025-05-23,9,,,,,,,,,,,,,,,,0,596392
2025-05-24,1,,,,,,,,,,,,,,,,0,892057
2025-05-24,2,,,,,,,,,,,,,,,,0,696328
2025-05-24,3,,,,,,,,,,,,,,,,0,343394
2025-05-24,9,,,,,,,,,,,,,,,,0,596392
2025-05-25,1,,,,,,,,,,,,,,,,0,892057
2025-05-25,2,,,,,,,,,,,,,,,,0,696328
2025-05-25,3,,,,,,,,,,,,,,,,0,343394
2025-05-25,9,,,,,,,,,,,,,,,,0,596392
2025-05-26,1,,,,,,,,,,,,,,,,0,892057
2025-05-26,2,,,,,,,,,,,,,,,,0,696328
2025-05-26,3,,,,,,,,,,,,,,,,0,343394
2025-05-26,9,,,,,,,,,,,,,,,,0,596392
2025-05-27,1,,,,,,,,,,,,,,,,0,892057
2025-05-27,2,,,,,,,,,,,,,,,,0,696328
2025-05-27,3,,,,,,,,,,,,,,,,0,343394
2025-05-27,9,,,,,,,,,,,,,,,,0,596392
2025-05-28,1,,,,,,,,,,,,,,,,0,892057
2025-05-28,2,,,,,,,,,,,,,,,,0,696328
2025-05-28,3,,,,,,,,,,,,,,,,0,343394
2025-05-28,9,,,,,,,,,,,,,,,,0,596392
2025-05-29,1,,,,,,,,,,,,,,,,0,892057
2025-05-29,2,,,,,,,,,,,,,,,,0,696328
2025-05-29,3,,,,,,,,,,,,,,,,0,343394
2025-05-29,9,,,,,,,,,,,,,,,,0,596392
2025-05-30,1,,,,,,,,,,,,,,,,0,892057
2025-05-30,2,,,,,,,,,,,,,,,,0,696328
2025-05-30,3,,,,,,,,,,,,,,,,0,343394
2025-05-30,9,,,,,,,,,,,,,,,,0,596392
2025-05-31,1,,,,,,,,,,,,,,,,0,892057
2025-05-31,2,,,,,,,,,,,,,,,,0,696328
2025-05-31,3,,,,,,,,,,,,,,,,0,343394
2025-05-31,9,,,,,,,,,,,,,,,,0,596392
2025-06-01,1,,,,,,,,,,,,,,,,0,892057
2025-06-01,2,,,,,,,,,,,,,,,,0,696328
2025-06-01,3,,,,,,,,,,,,,,,,0,343394
2025-06-01,9,,,,,,,,,,,,,,,,0,596392
2025-06-02,1,,,,,,,,,,,,,,,,0,892057
2025-06-02,2,,,,,,,,,,,,,,,,0,696328
2025-06-02,3,,,,,,,,,,,,,,,,0,343394
2025-06-02,9,,,,,,,,,,,,,,,,0,596392
2025-06-03,1,,,,,,,,,,,,,,,,0,892057
2025-06-03,2,,,,,,,,,,,,,,,,0,696328
2025-06-03,3,,,,,,,,,,,,,,,,0,343394
2025-06-03,9,,,,,,,,,,,,,,,,0,596392
2025-06-04,1,,,,,,,,,,,,,,,,0,892057
2025-06-04,2,,,,,,,,,,,,,,,,0,696328
2025-06-04,3,,,,,,,,,,,,,,,,0,343394
2025-06-04,9,,,,,,,,,,,,,,,,0,596392
2025-06-05,1,,,,,,,,,,,,,,,,0,892057
2025-06-05,2,,,,,,,,,,,,,,,,0,696328
2025-06-05,3,,,,,,,,,,,,,,,,0,343394
2025-06-05,9,,,,,,,,,,,,,,,,0,596392
2025-06-06,1,,,,,,,,,,,,,,,,0,892057
2025-06-06,2,,,,,,,,,,,,,,,,0,696328
2025-06-06,3,,,,,,,,,,,,,,,,0,343394
2025-06-06,9,,,,,,,,,,,,,,,,0,596392
2025-06-07,1,,,,,,,,,,,,,,,,0,892057
2025-06-07,2,,,,,,,,,,,,,,,,0,696328
2025-06-07,3,,,,,,,,,,,,,,,,0,343394
2025-06-07,9,,,,,,,,,,,,,,,,0,596392
2025-06-08,1,,,,,,,,,,,,,,,,0,892057
2025-06-08,2,,,,,,,,,,,,,,,,0,696328
2025-06-08,3,,,,,,,,,,,,,,,,0,343394
2025-06-08,9,,,,,,,,,,,,,,,,0,596392
2025-06-09,1,,,,,,,,,,,,,,,,0,892057
2025-06-09,2,,,,,,,,,,,,,,,,0,696328
2025-06-09,3,,,,,,,,,,,,,,,,0,343394
2025-06-09,9,,,,,,,,,,,,,,,,0,596392
2025-06-10,1,,,,,,,,,,,,,,,,0,892057
2025-06-10,2,,,,,,,,,,,,,,,,0,696328
2025-06-10,3,,,,,,,,,,,,,,,,0,343394
2025-06-10,9,,,,,,,,,,,,,,,,0,596392
2025-06-11,1,,,,,,,,,,,,,,,,0,892057
2025-06-11,2,,,,,,,,,,,,,,,,0,696328
2025-06-11,3,,,,,,,,,,,,,,,,0,343394
2025-06-11,9,,,,,,,,,,,,,,,,0,596392
2025-06-12,1,,,,,,,,,,,,,,,,0,892057
2025-06-12,2,,,,,,,,,,,,,,,,0,696328
2025-06-12,3,,,,,,,,,,,,,,,,0,343394
2025-06-12,9,,,,,,,,,,,,,,,,0,596392
2025-06-13,1,,,,,,,,,,,,,,,,0,892057
2025-06-13,2,,,,,,,,,,,,,,,,0,696328
2025-06-13,3,,,,,,,,,,,,,,,,0,343394
2025-06-13,9,,,,,,,,,,,,,,,,0,596392
2025-06-14,1,,,,,,,,,,,,,,,,0,892057
2025-06-14,2,,,,,,,,,,,,,,,,0,696328
2025-06-14,3,,,,,,,,,,,,,,,,0,343394
2025-06-14,9,,,,,,,,,,,,,,,,0,596392
2025-06-15,1,,,,,,,,,,,,,,,,0,892057
2025-06-15,2,,,,,,,,,,,,,,,,0,696328
2025-06-15,3,,,,,,,,,,,,,,,,0,343394
2025-06-15,9,,,,,,,,,,,,,,,,0,596392
2025-06-16,1,,,,,,,,,,,,,,,,0,892057
2025-06-16,2,,,,,,,,,,,,,,,,0,696328
2025-06-16,3,,,,,,,,,,,,,,,,0,343394
2025-06-16,9,,,,,,,,,,,,,,,,0,596392
2025-06-17,1,,,,,,,,,,,,,,,,0,892057
2025-06-17,2,,,,,,,,,,,,,,,,0,696328
2025-06-17,3,,,,,,,,,,,,,,,,0,343394
2025-06-17,9,,,,,,,,,,,,,,,,0,596392
2025-06-18,1,,,,,,,,,,,,,,,,0,892057
2025-06-18,2,,,,,,,,,,,,,,,,0,696328
2025-06-18,3,,,,,,,,,,,,,,,,0,343394
2025-06-18,9,,,,,,,,,,,,,,,,0,596392
2025-06-19,1,,,,,,,,,,,,,,,,0,892057
2025-06-19,2,,,,,,,,,,,,,,,,0,696328
2025-06-19,3,,,,,,,,,,,,,,,,0,343394
2025-06-19,9,,,,,,,,,,,,,,,,0,596392
2025-06-20,1,,,,,,,,,,,,,,,,0,892057
2025-06-20,2,,,,,,,,,,,,,,,,0,696328
2025-06-20,3,,,,,,,,,,,,,,,,0,343394
2025-06-20,9,,,,,,,,,,,,,,,,0,596392
2025-06-21,1,,,,,,,,,,,,,,,,0,892057
2025-06-21,2,,,,,,,,,,,,,,,,0,696328
2025-06-21,3,,,,,,,,,,,,,,,,0,343394
2025-06-21,9,,,,,,,,,,,,,,,,0,596392
2025-06-22,1,,,,,,,,,,,,,,,,0,892057
2025-06-22,2,,,,,,,,,,,,,,,,0,696328
2025-06-22,3,,,,,,,,,,,,,,,,0,343394
2025-06-22,9,,,,,,,,,,,,,,,,0,596392
2025-06-23,1,,,,,,,,,,,,,,,,0,892057
2025-06-23,2,,,,,,,,,,,,,,,,0,696328
2025-06-23,3,,,,,,,,,,,,,,,,0,343394
2025-06-23,9,,,,,,,,,,,,,,,,0,596392
2025-06-24,1,,,,,,,,,,,,,,,,0,892057
2025-06-24,2,,,,,,,,,,,,,,,,0,696328
2025-06-24,3,,,,,,,,,,,,,,,,0,343394
2025-06-24,9,,,,,,,,,,,,,,,,0,596392
2025-06-25,1,,,,,,,,,,,,,,,,0,892057
2025-06-25,2,,,,,,,,,,,,,,,,0,696328
2025-06-25,3,,,,,,,,,,,,,,,,0,343394
2025-06-25,9,,,,,,,,,,,,,,,,0,596392
2025-06-26,1,,,,,,,,,,,,,,,,0,892057
2025-06-26,2,,,,,,,,,,,,,,,,0,696328
2025-06-26,3,,,,,,,,,,,,,,,,0,343394
2025-06-26,9,,,,,,,,,,,,,,,,0,596392
2025-06-27,1,,,,,,,,,,,,,,,,0,892057
2025-06-27,2,,,,,,,,,,,,,,,,0,696328
2025-06-27,3,,,,,,,,,,,,,,,,0,343394
2025-06-27,9,,,,,,,,,,,,,,,,0,596392
2025-06-28,1,,,,,,,,,,,,,,,,0,892057
2025-06-28,2,,,,,,,,,,,,,,,,0,696328
2025-06-28,3,,,,,,,,,,,,,,,,0,343394
2025-06-28,9,,,,,,,,,,,,,,,,0,596392
2025-06-29,1,,,,,,,,,,,,,,,,0,892057
2025-06-29,2,,,,,,,,,,,,,,,,0,696328
2025-06-29,3,,,,,,,,,,,,,,,,0,343394
2025-06-29,9,,,,,,,,,,,,,,,,0,596392
2025-06-30,1,,,,,,,,,,,,,,,,0,892057
2025-06-30,2,,,,,,,,,,,,,,,,0,696328
2025-06-30,3,,,,,,,,,,,,,,,,0,343394
2025-06-30,9,,,,,,,,,,,,,,,,0,596392
2025-07-01,1,,,,,,,,,,,,,,,,0,892057
2025-07-01,2,,,,,,,,,,,,,,,,0,696328
2025-07-01,3,,,,,,,,,,,,,,,,0,343394
2025-07-01,9,,,,,,,,,,,,,,,,0,596392
2025-07-02,1,,,,,,,,,,,,,,,,0,892057
2025-07-02,2,,,,,,,,,,,,,,,,0,696328
2025-07-02,3,,,,,,,,,,,,,,,,0,343394
2025-07-02,9,,,,,,,,,,,,,,,,0,596392
2025-07-03,1,,,,,,,,,,,,,,,,0,892057
2025-07-03,2,,,,,,,,,,,,,,,,0,696328
2025-07-03,3,,,,,,,,,,,,,,,,0,343394
2025-07-03,9,,,,,,,,,,,,,,,,0,596392
2025-07-04,1,,,,,,,,,,,,,,,,0,892057
2025-07-04,2,,,,,,,,,,,,,,,,0,696328
2025-07-04,3,,,,,,,,,,,,,,,,0,343394
2025-07-04,9,,,,,,,,,,,,,,,,0,596392
2025-07-05,1,,,,,,,,,,,,,,,,0,892057
2025-07-05,2,,,,,,,,,,,,,,,,0,696328
2025-07-05,3,,,,,,,,,,,,,,,,0,343394
2025-07-05,9,,,,,,,,,,,,,,,,0,596392
2025-07-06,1,,,,,,,,,,,,,,,,0,892057
2025-07-06,2,,,,,,,,,,,,,,,,0,696328
2025-07-06,3,,,,,,,,,,,,,,,,0,343394
2025-07-06,9,,,,,,,,,,,,,,,,0,596392
2025-07-07,1,,,,,,,,,,,,,,,,0,892057
2025-07-07,2,,,,,,,,,,,,,,,,0,696328
2025-07-07,3,,,,,,,,,,,,,,,,0,343394
2025-07-07,9,,,,,,,,,,,,,,,,0,596392
2025-07-08,1,,,,,,,,,,,,,,,,0,892057
2025-07-08,2,,,,,,,,,,,,,,,,0,696328
2025-07-08,3,,,,,,,,,,,,,,,,0,343394
2025-07-08,9,,,,,,,,,,,,,,,,0,596392
2025-07-09,1,,,,,,,,,,,,,,,,0,892057
2025-07-09,2,,,,,,,,,,,,,,,,0,696328
2025-07-09,3,,,,,,,,,,,,,,,,0,343394
2025-07-09,9,,,,,,,,,,,,,,,,0,596392
2025-07-10,1,,,,,,,,,,,,,,,,0,892057
2025-07-10,2,,,,,,,,,,,,,,,,0,696328
2025-07-10,3,,,,,,,,,,,,,,,,0,343394
2025-07-10,9,,,,,,,,,,,,,,,,0,596392
2025-07-11,1,,,,,,,,,,,,,,,,0,892057
2025-07-11,2,,,,,,,,,,,,,,,,0,696328
2025-07-11,3,,,,,,,,,,,,,,,,0,343394
2025-07-11,9,,,,,,,,,,,,,,,,0,596392
2025-07-12,1,,,,,,,,,,,,,,,,0,892057
2025-07-12,2,,,,,,,,,,,,,,,,0,696328
2025-07-12,3,,,,,,,,,,,,,,,,0,343394
2025-07-12,9,,,,,,,,,,,,,,,,0,596392
2025-07-13,1,,,,,,,,,,,,,,,,0,892057
2025-07-13,2,,,,,,,,,,,,,,,,0,696328
2025-07-13,3,,,,,,,,,,,,,,,,0,343394
2025-07-13,9,,,,,,,,,,,,,,,,0,596392
2025-07-14,1,,,,,,,,,,,,,,,,0,892057
2025-07-14,2,,,,,,,,,,,,,,,,0,696328
2025-07-14,3,,,,,,,,,,,,,,,,0,343394
2025-07-14,9,,,,,,,,,,,,,,,,0,596392
2025-07-15,1,,,,,,,,,,,,,,,,0,892057
2025-07-15,2,,,,,,,,,,,,,,,,0,696328
2025-07-15,3,,,,,,,,,,,,,,,,0,343394
2025-07-15,9,,,,,,,,,,,,,,,,0,596392
2025-07-16,1,,,,,,,,,,,,,,,,0,892057
2025-07-16,2,,,,,,,,,,,,,,,,0,696328
2025-07-16,3,,,,,,,,,,,,,,,,0,343394
2025-07-16,9,,,,,,,,,,,,,,,,0,596392
2025-07-17,1,,,,,,,,,,,,,,,,0,892057
2025-07-17,2,,,,,,,,,,,,,,,,0,696328
2025-07-17,3,,,,,,,,,,,,,,,,0,343394
2025-07-17,9,,,,,,,,,,,,,,,,0,596392
2025-07-18,1,,,,,,,,,,,,,,,,0,892057
2025-07-18,2,,,,,,,,,,,,,,,,0,696328
2025-07-18,3,,,,,,,,,,,,,,,,0,343394
2025-07-18,9,,,,,,,,,,,,,,,,0,596392
2025-07-19,1,,,,,,,,,,,,,,,,0,892057
2025-07-19,2,,,,,,,,,,,,,,,,0,696328
2025-07-19,3,,,,,,,,,,,,,,,,0,343394
2025-07-19,9,,,,,,,,,,,,,,,,0,596392
2025-07-20,1,,,,,,,,,,,,,,,,0,892057
2025-07-20,2,,,,,,,,,,,,,,,,0,696328
2025-07-20,3,,,,,,,,,,,,,,,,0,343394
2025-07-20,9,,,,,,,,,,,,,,,,0,596392
2025-07-21,1,,,,,,,,,,,,,,,,0,892057
2025-07-21,2,,,,,,,,,,,,,,,,0,696328
2025-07-21,3,,,,,,,,,,,,,,,,0,343394
2025-07-21,9,,,,,,,,,,,,,,,,0,596392
2025-07-22,1,,,,,,,,,,,,,,,,0,892057
2025-07-22,2,,,,,,,,,,,,,,,,0,696328
2025-07-22,3,,,,,,,,,,,,,,,,0,343394
2025-07-22,9,,,,,,,,,,,,,,,,0,596392
2025-07-23,1,,,,,,,,,,,,,,,,0,892057
2025-07-23,2,,,,,,,,,,,,,,,,0,696328
2025-07-23,3,,,,,,,,,,,,,,,,0,343394
2025-07-23,9,,,,,,,,,,,,,,,,0,596392
2025-07-24,1,,,,,,,,,,,,,,,,0,892057
2025-07-24,2,,,,,,,,,,,,,,,,0,696328
2025-07-24,3,,,,,,,,,,,,,,,,0,343394
2025-07-24,9,,,,,,,,,,,,,,,,0,596392
2025-07-25,1,,,,,,,,,,,,,,,,0,892057
2025-07-25,2,,,,,,,,,,,,,,,,0,696328
2025-07-25,3,,,,,,,,,,,,,,,,0,343394
2025-07-25,9,,,,,,,,,,,,,,,,0,596392
2025-07-26,1,,,,,,,,,,,,,,,,0,892057
2025-07-26,2,,,,,,,,,,,,,,,,0,696328
2025-07-26,3,,,,,,,,,,,,,,,,0,343394
2025-07-26,9,,,,,,,,,,,,,,,,0,596392
2025-07-27,1,,,,,,,,,,,,,,,,0,892057
2025-07-27,2,,,,,,,,,,,,,,,,0,696328
2025-07-27,3,,,,,,,,,,,,,,,,0,343394
2025-07-27,9,,,,,,,,,,,,,,,,0,596392
2025-07-28,1,,,,,,,,,,,,,,,,0,892057
2025-07-28,2,,,,,,,,,,,,,,,,0,696328
2025-07-28,3,,,,,,,,,,,,,,,,0,343394
2025-07-28,9,,,,,,,,,,,,,,,,0,596392
2025-07-29,1,,,,,,,,,,,,,,,,0,892057
2025-07-29,2,,,,,,,,,,,,,,,,0,696328
2025-07-29,3,,,,,,,,,,,,,,,,0,343394
2025-07-29,9,,,,,,,,,,,,,,,,0,596392
2025-07-30,1,,,,,,,,,,,,,,,,0,892057
2025-07-30,2,,,,,,,,,,,,,,,,0,696328
2025-07-30,3,,,,,,,,,,,,,,,,0,343394
2025-07-30,9,,,,,,,,,,,,,,,,0,596392
2025-07-31,1,,,,,,,,,,,,,,,,0,892057
2025-07-31,2,,,,,,,,,,,,,,,,0,696328
2025-07-31,3,,,,,,,,,,,,,,,,0,343394
2025-07-31,9,,,,,,,,,,,,,,,,0,596392
2025-08-01,1,,,,,,,,,,,,,,,,0,892057
2025-08-01,2,,,,,,,,,,,,,,,,0,696328
2025-08-01,3,,,,,,,,,,,,,,,,0,343394
2025-08-01,9,,,,,,,,,,,,,,,,0,596392
2025-08-02,1,,,,,,,,,,,,,,,,0,892057
2025-08-02,2,,,,,,,,,,,,,,,,0,696328
2025-08-02,3,,,,,,,,,,,,,,,,0,343394
2025-08-02,9,,,,,,,,,,,,,,,,0,596392
2025-08-03,1,,,,,,,,,,,,,,,,0,892057
2025-08-03,2,,,,,,,,,,,,,,,,0,696328
2025-08-03,3,,,,,,,,,,,,,,,,0,343394
2025-08-03,9,,,,,,,,,,,,,,,,0,596392
2025-08-04,1,,,,,,,,,,,,,,,,0,892057
2025-08-04,2,,,,,,,,,,,,,,,,0,696328
2025-08-04,3,,,,,,,,,,,,,,,,0,343394
2025-08-04,9,,,,,,,,,,,,,,,,0,596392
2025-08-05,1,,,,,,,,,,,,,,,,0,892057
2025-08-05,2,,,,,,,,,,,,,,,,0,696328
2025-08-05,3,,,,,,,,,,,,,,,,0,343394
2025-08-05,9,,,,,,,,,,,,,,,,0,596392
2025-08-06,1,,,,,,,,,,,,,,,,0,892057
2025-08-06,2,,,,,,,,,,,,,,,,0,696328
2025-08-06,3,,,,,,,,,,,,,,,,0,343394
2025-08-06,9,,,,,,,,,,,,,,,,0,596392
2025-08-07,1,,,,,,,,,,,,,,,,0,892057
2025-08-07,2,,,,,,,,,,,,,,,,0,696328
2025-08-07,3,,,,,,,,,,,,,,,,0,343394
2025-08-07,9,,,,,,,,,,,,,,,,0,596392
2025-08-08,1,,,,,,,,,,,,,,,,0,892057
2025-08-08,2,,,,,,,,,,,,,,,,0,696328
2025-08-08,3,,,,,,,,,,,,,,,,0,343394
2025-08-08,9,,,,,,,,,,,,,,,,0,596392
2025-08-09,1,,,,,,,,,,,,,,,,0,892057
2025-08-09,2,,,,,,,,,,,,,,,,0,696328
2025-08-09,3,,,,,,,,,,,,,,,,0,343394
2025-08-09,9,,,,,,,,,,,,,,,,0,596392
2025-08-10,1,,,,,,,,,,,,,,,,0,892057
2025-08-10,2,,,,,,,,,,,,,,,,0,696328
2025-08-10,3,,,,,,,,,,,,,,,,0,343394
2025-08-10,9,,,,,,,,,,,,,,,,0,596392
2025-08-11,1,,,,,,,,,,,,,,,,0,892057
2025-08-11,2,,,,,,,,,,,,,,,,0,696328
2025-08-11,3,,,,,,,,,,,,,,,,0,343394
2025-08-11,9,,,,,,,,,,,,,,,,0,596392
2025-08-12,1,,,,,,,,,,,,,,,,0,892057
2025-08-12,2,,,,,,,,,,,,,,,,0,696328
2025-08-12,3,,,,,,,,,,,,,,,,0,343394
2025-08-12,9,,,,,,,,,,,,,,,,0,596392
2025-08-13,1,,,,,,,,,,,,,,,,0,892057
2025-08-13,2,,,,,,,,,,,,,,,,0,696328
2025-08-13,3,,,,,,,,,,,,,,,,0,343394
2025-08-13,9,,,,,,,,,,,,,,,,0,596392
2025-08-14,1,,,,,,,,,,,,,,,,0,892057
2025-08-14,2,,,,,,,,,,,,,,,,0,696328
2025-08-14,3,,,,,,,,,,,,,,,,0,343394
2025-08-14,9,,,,,,,,,,,,,,,,0,596392
2025-08-15,1,,,,,,,,,,,,,,,,0,892057
2025-08-15,2,,,,,,,,,,,,,,,,0,696328
2025-08-15,3,,,,,,,,,,,,,,,,0,343394
2025-08-15,9,,,,,,,,,,,,,,,,0,596392
2025-08-16,1,,,,,,,,,,,,,,,,0,892057
2025-08-16,2,,,,,,,,,,,,,,,,0,696328
2025-08-16,3,,,,,,,,,,,,,,,,0,343394
2025-08-16,9,,,,,,,,,,,,,,,,0,596392
2025-08-17,1,,,,,,,,,,,,,,,,0,892057
2025-08-17,2,,,,,,,,,,,,,,,,0,696328
2025-08-17,3,,,,,,,,,,,,,,,,0,343394
2025-08-17,9,,,,,,,,,,,,,,,,0,596392
2025-08-18,1,,,,,,,,,,,,,,,,0,892057
2025-08-18,2,,,,,,,,,,,,,,,,0,696328
2025-08-18,3,,,,,,,,,,,,,,,,0,343394
2025-08-18,9,,,,,,,,,,,,,,,,0,596392
2025-08-19,1,,,,,,,,,,,,,,,,0,892057
2025-08-19,2,,,,,,,,,,,,,,,,0,696328
2025-08-19,3,,,,,,,,,,,,,,,,0,343394
2025-08-19,9,,,,,,,,,,,,,,,,0,596392
2025-08-20,1,,,,,,,,,,,,,,,,0,892057
2025-08-20,2,,,,,,,,,,,,,,,,0,696328
2025-08-20,3,,,,,,,,,,,,,,,,0,343394
2025-08-20,9,,,,,,,,,,,,,,,,0,596392
2025-08-21,1,,,,,,,,,,,,,,,,0,892057
2025-08-21,2,,,,,,,,,,,,,,,,0,696328
2025-08-21,3,,,,,,,,,,,,,,,,0,343394
2025-08-21,9,,,,,,,,,,,,,,,,0,596392
2025-08-22,1,,,,,,,,,,,,,,,,0,892057
2025-08-22,2,,,,,,,,,,,,,,,,0,696328
2025-08-22,3,,,,,,,,,,,,,,,,0,343394
2025-08-22,9,,,,,,,,,,,,,,,,0,596392
2025-08-23,1,,,,,,,,,,,,,,,,0,892057
2025-08-23,2,,,,,,,,,,,,,,,,0,696328
2025-08-23,3,,,,,,,,,,,,,,,,0,343394
2025-08-23,9,,,,,,,,,,,,,,,,0,596392
2025-08-24,1,,,,,,,,,,,,,,,,0,892057
2025-08-24,2,,,,,,,,,,,,,,,,0,696328
2025-08-24,3,,,,,,,,,,,,,,,,0,343394
2025-08-24,9,,,,,,,,,,,,,,,,0,596392
2025-08-25,1,,,,,,,,,,,,,,,,0,892057
2025-08-25,2,,,,,,,,,,,,,,,,0,696328
2025-08-25,3,,,,,,,,,,,,,,,,0,343394
2025-08-25,9,,,,,,,,,,,,,,,,0,596392
2025-08-26,1,,,,,,,,,,,,,,,,0,892057
2025-08-26,2,,,,,,,,,,,,,,,,0,696328
2025-08-26,3,,,,,,,,,,,,,,,,0,343394
2025-08-26,9,,,,,,,,,,,,,,,,0,596392
2025-08-27,1,,,,,,,,,,,,,,,,0,892057
2025-08-27,2,,,,,,,,,,,,,,,,0,696328
2025-08-27,3,,,,,,,,,,,,,,,,0,343394
2025-08-27,9,,,,,,,,,,,,,,,,0,596392
2025-08-28,1,,,,,,,,,,,,,,,,0,892057
2025-08-28,2,,,,,,,,,,,,,,,,0,696328
2025-08-28,3,,,,,,,,,,,,,,,,0,343394
2025-08-28,9,,,,,,,,,,,,,,,,0,596392
2025-08-29,1,,,,,,,,,,,,,,,,0,892057
2025-08-29,2,,,,,,,,,,,,,,,,0,696328
2025-08-29,3,,,,,,,,,,,,,,,,0,343394
2025-08-29,9,,,,,,,,,,,,,,,,0,596392
2025-08-30,1,,,,,,,,,,,,,,,,0,892057
2025-08-30,2,,,,,,,,,,,,,,,,0,696328
2025-08-30,3,,,,,,,,,,,,,,,,0,343394
2025-08-30,9,,,,,,,,,,,,,,,,0,596392
2025-08-31,1,,,,,,,,,,,,,,,,0,892057
2025-08-31,2,,,,,,,,,,,,,,,,0,696328
2025-08-31,3,,,,,,,,,,,,,,,,0,343394
2025-08-31,9,,,,,,,,,,,,,,,,0,596392
2025-09-01,1,,,,,,,,,,,,,,,,0,892057
2025-09-01,2,,,,,,,,,,,,,,,,0,696328
2025-09-01,3,,,,,,,,,,,,,,,,0,343394
2025-09-01,9,,,,,,,,,,,,,,,,0,596392
2025-09-02,1,,,,,,,,,,,,,,,,0,892057
2025-09-02,2,,,,,,,,,,,,,,,,0,696328
2025-09-02,3,,,,,,,,,,,,,,,,0,343394
2025-09-02,9,,,,,,,,,,,,,,,,0,596392
2025-09-03,1,,,,,,,,,,,,,,,,0,892057
2025-09-03,2,,,,,,,,,,,,,,,,0,696328
2025-09-03,3,,,,,,,,,,,,,,,,0,343394
2025-09-03,9,,,,,,,,,,,,,,,,0,596392
2025-09-04,1,,,,,,,,,,,,,,,,0,892057
2025-09-04,2,,,,,,,,,,,,,,,,0,696328
2025-09-04,3,,,,,,,,,,,,,,,,0,343394
2025-09-04,9,,,,,,,,,,,,,,,,0,596392
2025-09-05,1,,,,,,,,,,,,,,,,0,892057
2025-09-05,2,,,,,,,,,,,,,,,,0,696328
2025-09-05,3,,,,,,,,,,,,,,,,0,343394
2025-09-05,9,,,,,,,,,,,,,,,,0,596392
2025-09-06,1,,,,,,,,,,,,,,,,0,892057
2025-09-06,2,,,,,,,,,,,,,,,,0,696328
2025-09-06,3,,,,,,,,,,,,,,,,0,343394
2025-09-06,9,,,,,,,,,,,,,,,,0,596392
2025-09-07,1,,,,,,,,,,,,,,,,0,892057
2025-09-07,2,,,,,,,,,,,,,,,,0,696328
2025-09-07,3,,,,,,,,,,,,,,,,0,343394
2025-09-07,9,,,,,,,,,,,,,,,,0,596392
2025-09-08,1,,,,,,,,,,,,,,,,0,892057
2025-09-08,2,,,,,,,,,,,,,,,,0,696328
2025-09-08,3,,,,,,,,,,,,,,,,0,343394
2025-09-08,9,,,,,,,,,,,,,,,,0,596392
2025-09-09,1,,,,,,,,,,,,,,,,0,892057
2025-09-09,2,,,,,,,,,,,,,,,,0,696328
2025-09-09,3,,,,,,,,,,,,,,,,0,343394
2025-09-09,9,,,,,,,,,,,,,,,,0,596392
2025-09-10,1,,,,,,,,,,,,,,,,0,892057
2025-09-10,2,,,,,,,,,,,,,,,,0,696328
2025-09-10,3,,,,,,,,,,,,,,,,0,343394
2025-09-10,9,,,,,,,,,,,,,,,,0,596392
2025-09-11,1,,,,,,,,,,,,,,,,0,892057
2025-09-11,2,,,,,,,,,,,,,,,,0,696328
2025-09-11,3,,,,,,,,,,,,,,,,0,343394
2025-09-11,9,,,,,,,,,,,,,,,,0,596392
2025-09-12,1,,,,,,,,,,,,,,,,0,892057
2025-09-12,2,,,,,,,,,,,,,,,,0,696328
2025-09-12,3,,,,,,,,,,,,,,,,0,343394
2025-09-12,9,,,,,,,,,,,,,,,,0,596392
2025-09-13,1,,,,,,,,,,,,,,,,0,892057
2025-09-13,2,,,,,,,,,,,,,,,,0,696328
2025-09-13,3,,,,,,,,,,,,,,,,0,343394
2025-09-13,9,,,,,,,,,,,,,,,,0,596392
2025-09-14,1,,,,,,,,,,,,,,,,0,892057
2025-09-14,2,,,,,,,,,,,,,,,,0,696328
2025-09-14,3,,,,,,,,,,,,,,,,0,343394
2025-09-14,9,,,,,,,,,,,,,,,,0,596392
2025-09-15,1,,,,,,,,,,,,,,,,0,892057
2025-09-15,2,,,,,,,,,,,,,,,,0,696328
2025-09-15,3,,,,,,,,,,,,,,,,0,343394
2025-09-15,9,,,,,,,,,,,,,,,,0,596392
2025-09-16,1,,,,,,,,,,,,,,,,0,892057
2025-09-16,2,,,,,,,,,,,,,,,,0,696328
2025-09-16,3,,,,,,,,,,,,,,,,0,343394
2025-09-16,9,,,,,,,,,,,,,,,,0,596392
2025-09-17,1,,,,,,,,,,,,,,,,0,892057
2025-09-17,2,,,,,,,,,,,,,,,,0,696328
2025-09-17,3,,,,,,,,,,,,,,,,0,343394
2025-09-17,9,,,,,,,,,,,,,,,,0,596392
2025-09-18,1,,,,,,,,,,,,,,,,0,892057
2025-09-18,2,,,,,,,,,,,,,,,,0,696328
2025-09-18,3,,,,,,,,,,,,,,,,0,343394
2025-09-18,9,,,,,,,,,,,,,,,,0,596392
2025-09-19,1,,,,,,,,,,,,,,,,0,892057
2025-09-19,2,,,,,,,,,,,,,,,,0,696328
2025-09-19,3,,,,,,,,,,,,,,,,0,343394
2025-09-19,9,,,,,,,,,,,,,,,,0,596392
2025-09-20,1,,,,,,,,,,,,,,,,0,892057
2025-09-20,2,,,,,,,,,,,,,,,,0,696328
2025-09-20,3,,,,,,,,,,,,,,,,0,343394
2025-09-20,9,,,,,,,,,,,,,,,,0,596392
2025-09-21,1,,,,,,,,,,,,,,,,0,892057
2025-09-21,2,,,,,,,,,,,,,,,,0,696328
2025-09-21,3,,,,,,,,,,,,,,,,0,343394
2025-09-21,9,,,,,,,,,,,,,,,,0,596392
2025-09-22,1,,,,,,,,,,,,,,,,0,892057
2025-09-22,2,,,,,,,,,,,,,,,,0,696328
2025-09-22,3,,,,,,,,,,,,,,,,0,343394
2025-09-22,9,,,,,,,,,,,,,,,,0,596392
2025-09-23,1,,,,,,,,,,,,,,,,0,892057
2025-09-23,2,,,,,,,,,,,,,,,,0,696328
2025-09-23,3,,,,,,,,,,,,,,,,0,343394
2025-09-23,9,,,,,,,,,,,,,,,,0,596392
2025-09-24,1,,,,,,,,,,,,,,,,0,892057
2025-09-24,2,,,,,,,,,,,,,,,,0,696328
2025-09-24,3,,,,,,,,,,,,,,,,0,343394
2025-09-24,9,,,,,,,,,,,,,,,,0,596392
2025-09-25,1,,,,,,,,,,,,,,,,0,892057
2025-09-25,2,,,,,,,,,,,,,,,,0,696328
2025-09-25,3,,,,,,,,,,,,,,,,0,343394
2025-09-25,9,,,,,,,,,,,,,,,,0,596392
2025-09-26,1,,,,,,,,,,,,,,,,0,892057
2025-09-26,2,,,,,,,,,,,,,,,,0,696328
2025-09-26,3,,,,,,,,,,,,,,,,0,343394
2025-09-26,9,,,,,,,,,,,,,,,,0,596392
2025-09-27,1,,,,,,,,,,,,,,,,0,892057
2025-09-27,2,,,,,,,,,,,,,,,,0,696328
2025-09-27,3,,,,,,,,,,,,,,,,0,343394
2025-09-27,9,,,,,,,,,,,,,,,,0,596392
2025-09-28,1,,,,,,,,,,,,,,,,0,892057
2025-09-28,2,,,,,,,,,,,,,,,,0,696328
2025-09-28,3,,,,,,,,,,,,,,,,0,343394
2025-09-28,9,,,,,,,,,,,,,,,,0,596392
2025-09-29,1,,,,,,,,,,,,,,,,0,892057
2025-09-29,2,,,,,,,,,,,,,,,,0,696328
2025-09-29,3,,,,,,,,,,,,,,,,0,343394
2025-09-29,9,,,,,,,,,,,,,,,,0,596392
2025-09-30,1,,,,,,,,,,,,,,,,0,892057
2025-09-30,2,,,,,,,,,,,,,,,,0,696328
2025-09-30,3,,,,,,,,,,,,,,,,0,343394
2025-09-30,9,,,,,,,,,,,,,,,,0,596392
2025-10-01,1,,,,,,,,,,,,,,,,0,892057
2025-10-01,2,,,,,,,,,,,,,,,,0,696328
2025-10-01,3,,,,,,,,,,,,,,,,0,343394
2025-10-01,9,,,,,,,,,,,,,,,,0,596392
2025-10-02,1,,,,,,,,,,,,,,,,0,892057
2025-10-02,2,,,,,,,,,,,,,,,,0,696328
2025-10-02,3,,,,,,,,,,,,,,,,0,343394
2025-10-02,9,,,,,,,,,,,,,,,,0,596392
2025-10-03,1,,,,,,,,,,,,,,,,0,892057
2025-10-03,2,,,,,,,,,,,,,,,,0,696328
2025-10-03,3,,,,,,,,,,,,,,,,0,343394
2025-10-03,9,,,,,,,,,,,,,,,,0,596392
2025-10-04,1,,,,,,,,,,,,,,,,0,892057
2025-10-04,2,,,,,,,,,,,,,,,,0,696328
2025-10-04,3,,,,,,,,,,,,,,,,0,343394
2025-10-04,9,,,,,,,,,,,,,,,,0,596392
2025-10-05,1,,,,,,,,,,,,,,,,0,892057
2025-10-05,2,,,,,,,,,,,,,,,,0,696328
2025-10-05,3,,,,,,,,,,,,,,,,0,343394
2025-10-05,9,,,,,,,,,,,,,,,,0,596392
2025-10-06,1,,,,,,,,,,,,,,,,0,892057
2025-10-06,2,,,,,,,,,,,,,,,,0,696328
2025-10-06,3,,,,,,,,,,,,,,,,0,343394
2025-10-06,9,,,,,,,,,,,,,,,,0,596392
2025-10-07,1,,,,,,,,,,,,,,,,0,892057
2025-10-07,2,,,,,,,,,,,,,,,,0,696328
2025-10-07,3,,,,,,,,,,,,,,,,0,343394
2025-10-07,9,,,,,,,,,,,,,,,,0,596392
2025-10-08,1,,,,,,,,,,,,,,,,0,892057
2025-10-08,2,,,,,,,,,,,,,,,,0,696328
2025-10-08,3,,,,,,,,,,,,,,,,0,343394
2025-10-08,9,,,,,,,,,,,,,,,,0,596392
2025-10-09,1,,,,,,,,,,,,,,,,0,892057
2025-10-09,2,,,,,,,,,,,,,,,,0,696328
2025-10-09,3,,,,,,,,,,,,,,,,0,343394
2025-10-09,9,,,,,,,,,,,,,,,,0,596392
2025-10-10,1,,,,,,,,,,,,,,,,0,892057
2025-10-10,2,,,,,,,,,,,,,,,,0,696328
2025-10-10,3,,,,,,,,,,,,,,,,0,343394
2025-10-10,9,,,,,,,,,,,,,,,,0,596392
2025-10-11,1,,,,,,,,,,,,,,,,0,892057
2025-10-11,2,,,,,,,,,,,,,,,,0,696328
2025-10-11,3,,,,,,,,,,,,,,,,0,343394
2025-10-11,9,,,,,,,,,,,,,,,,0,596392
2025-10-12,1,,,,,,,,,,,,,,,,0,892057
2025-10-12,2,,,,,,,,,,,,,,,,0,696328
2025-10-12,3,,,,,,,,,,,,,,,,0,343394
2025-10-12,9,,,,,,,,,,,,,,,,0,596392
2025-10-13,1,,,,,,,,,,,,,,,,0,892057
2025-10-13,2,,,,,,,,,,,,,,,,0,696328
2025-10-13,3,,,,,,,,,,,,,,,,0,343394
2025-10-13,9,,,,,,,,,,,,,,,,0,596392
2025-10-14,1,,,,,,,,,,,,,,,,0,892057
2025-10-14,2,,,,,,,,,,,,,,,,0,696328
2025-10-14,3,,,,,,,,,,,,,,,,0,343394
2025-10-14,9,,,,,,,,,,,,,,,,0,596392
2025-10-15,1,,,,,,,,,,,,,,,,0,892057
2025-10-15,2,,,,,,,,,,,,,,,,0,696328
2025-10-15,3,,,,,,,,,,,,,,,,0,343394
2025-10-15,9,,,,,,,,,,,,,,,,0,596392
2025-10-16,1,,,,,,,,,,,,,,,,0,892057
2025-10-16,2,,,,,,,,,,,,,,,,0,696328
2025-10-16,3,,,,,,,,,,,,,,,,0,343394
2025-10-16,9,,,,,,,,,,,,,,,,0,596392
2025-10-17,1,,,,,,,,,,,,,,,,0,892057
2025-10-17,2,,,,,,,,,,,,,,,,0,696328
2025-10-17,3,,,,,,,,,,,,,,,,0,343394
2025-10-17,9,,,,,,,,,,,,,,,,0,596392
2025-10-18,1,,,,,,,,,,,,,,,,0,892057
2025-10-18,2,,,,,,,,,,,,,,,,0,696328
2025-10-18,3,,,,,,,,,,,,,,,,0,343394
2025-10-18,9,,,,,,,,,,,,,,,,0,596392
2025-10-19,1,,,,,,,,,,,,,,,,0,892057
2025-10-19,2,,,,,,,,,,,,,,,,0,696328
2025-10-19,3,,,,,,,,,,,,,,,,0,343394
2025-10-19,9,,,,,,,,,,,,,,,,0,596392
2025-10-20,1,,,,,,,,,,,,,,,,0,892057
2025-10-20,2,,,,,,,,,,,,,,,,0,696328
2025-10-20,3,,,,,,,,,,,,,,,,0,343394
2025-10-20,9,,,,,,,,,,,,,,,,0,596392
2025-10-21,1,,,,,,,,,,,,,,,,0,892057
2025-10-21,2,,,,,,,,,,,,,,,,0,696328
2025-10-21,3,,,,,,,,,,,,,,,,0,343394
2025-10-21,9,,,,,,,,,,,,,,,,0,596392
2025-10-22,1,,,,,,,,,,,,,,,,0,892057
2025-10-22,2,,,,,,,,,,,,,,,,0,696328
2025-10-22,3,,,,,,,,,,,,,,,,0,343394
2025-10-22,9,,,,,,,,,,,,,,,,0,596392
2025-10-23,1,,,,,,,,,,,,,,,,0,892057
2025-10-23,2,,,,,,,,,,,,,,,,0,696328
2025-10-23,3,,,,,,,,,,,,,,,,0,343394
2025-10-23,9,,,,,,,,,,,,,,,,0,596392
2025-10-24,1,,,,,,,,,,,,,,,,0,892057
2025-10-24,2,,,,,,,,,,,,,,,,0,696328
2025-10-24,3,,,,,,,,,,,,,,,,0,343394
2025-10-24,9,,,,,,,,,,,,,,,,0,596392
2025-10-25,1,,,,,,,,,,,,,,,,0,892057
2025-10-25,2,,,,,,,,,,,,,,,,0,696328
2025-10-25,3,,,,,,,,,,,,,,,,0,343394
2025-10-25,9,,,,,,,,,,,,,,,,0,596392
2025-10-26,1,,,,,,,,,,,,,,,,0,892057
2025-10-26,2,,,,,,,,,,,,,,,,0,696328
2025-10-26,3,,,,,,,,,,,,,,,,0,343394
2025-10-26,9,,,,,,,,,,,,,,,,0,596392
2025-10-27,1,,,,,,,,,,,,,,,,0,892057
2025-10-27,2,,,,,,,,,,,,,,,,0,696328
2025-10-27,3,,,,,,,,,,,,,,,,0,343394
2025-10-27,9,,,,,,,,,,,,,,,,0,596392
2025-10-28,1,,,,,,,,,,,,,,,,0,892057
2025-10-28,2,,,,,,,,,,,,,,,,0,696328
2025-10-28,3,,,,,,,,,,,,,,,,0,343394
2025-10-28,9,,,,,,,,,,,,,,,,0,596392
2025-10-29,1,,,,,,,,,,,,,,,,0,892057
2025-10-29,2,,,,,,,,,,,,,,,,0,696328
2025-10-29,3,,,,,,,,,,,,,,,,0,343394
2025-10-29,9,,,,,,,,,,,,,,,,0,596392
2025-10-30,1,,,,,,,,,,,,,,,,0,892057
2025-10-30,2,,,,,,,,,,,,,,,,0,696328
2025-10-30,3,,,,,,,,,,,,,,,,0,343394
2025-10-30,9,,,,,,,,,,,,,,,,0,596392
2025-10-31,1,,,,,,,,,,,,,,,,0,892057
2025-10-31,2,,,,,,,,,,,,,,,,0,696328
2025-10-31,3,,,,,,,,,,,,,,,,0,343394
2025-10-31,9,,,,,,,,,,,,,,,,0,596392
2025-11-01,1,,,,,,,,,,,,,,,,0,892057
2025-11-01,2,,,,,,,,,,,,,,,,0,696328
2025-11-01,3,,,,,,,,,,,,,,,,0,343394
2025-11-01,9,,,,,,,,,,,,,,,,0,596392
2025-11-02,1,,,,,,,,,,,,,,,,0,892057
2025-11-02,2,,,,,,,,,,,,,,,,0,696328
2025-11-02,3,,,,,,,,,,,,,,,,0,343394
2025-11-02,9,,,,,,,,,,,,,,,,0,596392
2025-11-03,1,,,,,,,,,,,,,,,,0,892057
2025-11-03,2,,,,,,,,,,,,,,,,0,696328
2025-11-03,3,,,,,,,,,,,,,,,,0,343394
2025-11-03,9,,,,,,,,,,,,,,,,0,596392
2025-11-04,1,,,,,,,,,,,,,,,,0,892057
2025-11-04,2,,,,,,,,,,,,,,,,0,696328
2025-11-04,3,,,,,,,,,,,,,,,,0,343394
2025-11-04,9,,,,,,,,,,,,,,,,0,596392
2025-11-05,1,,,,,,,,,,,,,,,,0,892057
2025-11-05,2,,,,,,,,,,,,,,,,0,696328
2025-11-05,3,,,,,,,,,,,,,,,,0,343394
2025-11-05,9,,,,,,,,,,,,,,,,0,596392
2025-11-06,1,,,,,,,,,,,,,,,,0,892057
2025-11-06,2,,,,,,,,,,,,,,,,0,696328
2025-11-06,3,,,,,,,,,,,,,,,,0,343394
2025-11-06,9,,,,,,,,,,,,,,,,0,596392
2025-11-07,1,,,,,,,,,,,,,,,,0,892057
2025-11-07,2,,,,,,,,,,,,,,,,0,696328
2025-11-07,3,,,,,,,,,,,,,,,,0,343394
2025-11-07,9,,,,,,,,,,,,,,,,0,596392
2025-11-08,1,,,,,,,,,,,,,,,,0,892057
2025-11-08,2,,,,,,,,,,,,,,,,0,696328
2025-11-08,3,,,,,,,,,,,,,,,,0,343394
2025-11-08,9,,,,,,,,,,,,,,,,0,596392
2025-11-09,1,,,,,,,,,,,,,,,,0,892057
2025-11-09,2,,,,,,,,,,,,,,,,0,696328
2025-11-09,3,,,,,,,,,,,,,,,,0,343394
2025-11-09,9,,,,,,,,,,,,,,,,0,596392
2025-11-10,1,,,,,,,,,,,,,,,,0,892057
2025-11-10,2,,,,,,,,,,,,,,,,0,696328
2025-11-10,3,,,,,,,,,,,,,,,,0,343394
2025-11-10,9,,,,,,,,,,,,,,,,0,596392
2025-11-11,1,,,,,,,,,,,,,,,,0,892057
2025-11-11,2,,,,,,,,,,,,,,,,0,696328
2025-11-11,3,,,,,,,,,,,,,,,,0,343394
2025-11-11,9,,,,,,,,,,,,,,,,0,596392
2025-11-12,1,,,,,,,,,,,,,,,,0,892057
2025-11-12,2,,,,,,,,,,,,,,,,0,696328
2025-11-12,3,,,,,,,,,,,,,,,,0,343394
2025-11-12,9,,,,,,,,,,,,,,,,0,596392
2025-11-13,1,,,,,,,,,,,,,,,,0,892057
2025-11-13,2,,,,,,,,,,,,,,,,0,696328
2025-11-13,3,,,,,,,,,,,,,,,,0,343394
2025-11-13,9,,,,,,,,,,,,,,,,0,596392
2025-11-14,1,,,,,,,,,,,,,,,,0,892057
2025-11-14,2,,,,,,,,,,,,,,,,0,696328
2025-11-14,3,,,,,,,,,,,,,,,,0,343394
2025-11-14,9,,,,,,,,,,,,,,,,0,596392
2025-11-15,1,,,,,,,,,,,,,,,,0,892057
2025-11-15,2,,,,,,,,,,,,,,,,0,696328
2025-11-15,3,,,,,,,,,,,,,,,,0,343394
2025-11-15,9,,,,,,,,,,,,,,,,0,596392
2025-11-16,1,,,,,,,,,,,,,,,,0,892057
2025-11-16,2,,,,,,,,,,,,,,,,0,696328
2025-11-16,3,,,,,,,,,,,,,,,,0,343394
2025-11-16,9,,,,,,,,,,,,,,,,0,596392
2025-11-17,1,,,,,,,,,,,,,,,,0,892057
2025-11-17,2,,,,,,,,,,,,,,,,0,696328
2025-11-17,3,,,,,,,,,,,,,,,,0,343394
2025-11-17,9,,,,,,,,,,,,,,,,0,596392
2025-11-18,1,,,,,,,,,,,,,,,,0,892057
2025-11-18,2,,,,,,,,,,,,,,,,0,696328
2025-11-18,3,,,,,,,,,,,,,,,,0,343394
2025-11-18,9,,,,,,,,,,,,,,,,0,596392
2025-11-19,1,,,,,,,,,,,,,,,,0,892057
2025-11-19,2,,,,,,,,,,,,,,,,0,696328
2025-11-19,3,,,,,,,,,,,,,,,,0,343394
2025-11-19,9,,,,,,,,,,,,,,,,0,596392
2025-11-20,1,,,,,,,,,,,,,,,,0,892057
2025-11-20,2,,,,,,,,,,,,,,,,0,696328
2025-11-20,3,,,,,,,,,,,,,,,,0,343394
2025-11-20,9,,,,,,,,,,,,,,,,0,596392
2025-11-21,1,,,,,,,,,,,,,,,,0,892057
2025-11-21,2,,,,,,,,,,,,,,,,0,696328
2025-11-21,3,,,,,,,,,,,,,,,,0,343394
2025-11-21,9,,,,,,,,,,,,,,,,0,596392
2025-11-22,1,,,,,,,,,,,,,,,,0,892057
2025-11-22,2,,,,,,,,,,,,,,,,0,696328
2025-11-22,3,,,,,,,,,,,,,,,,0,343394
2025-11-22,9,,,,,,,,,,,,,,,,0,596392
2025-11-23,1,,,,,,,,,,,,,,,,0,892057
2025-11-23,2,,,,,,,,,,,,,,,,0,696328
2025-11-23,3,,,,,,,,,,,,,,,,0,343394
2025-11-23,9,,,,,,,,,,,,,,,,0,596392
2025-11-24,1,,,,,,,,,,,,,,,,0,892057
2025-11-24,2,,,,,,,,,,,,,,,,0,696328
2025-11-24,3,,,,,,,,,,,,,,,,0,343394
2025-11-24,9,,,,,,,,,,,,,,,,0,596392
2025-11-25,1,,,,,,,,,,,,,,,,0,892057
2025-11-25,2,,,,,,,,,,,,,,,,0,696328
2025-11-25,3,,,,,,,,,,,,,,,,0,343394
2025-11-25,9,,,,,,,,,,,,,,,,0,596392
2025-11-26,1,,,,,,,,,,,,,,,,0,892057
2025-11-26,2,,,,,,,,,,,,,,,,0,696328
2025-11-26,3,,,,,,,,,,,,,,,,0,343394
2025-11-26,9,,,,,,,,,,,,,,,,0,596392
2025-11-27,1,,,,,,,,,,,,,,,,0,892057
2025-11-27,2,,,,,,,,,,,,,,,,0,696328
2025-11-27,3,,,,,,,,,,,,,,,,0,343394
2025-11-27,9,,,,,,,,,,,,,,,,0,596392
2025-11-28,1,,,,,,,,,,,,,,,,0,892057
2025-11-28,2,,,,,,,,,,,,,,,,0,696328
2025-11-28,3,,,,,,,,,,,,,,,,0,343394
2025-11-28,9,,,,,,,,,,,,,,,,0,596392
2025-11-29,1,,,,,,,,,,,,,,,,0,892057
2025-11-29,2,,,,,,,,,,,,,,,,0,696328
2025-11-29,3,,,,,,,,,,,,,,,,0,343394
2025-11-29,9,,,,,,,,,,,,,,,,0,596392
2025-11-30,1,,,,,,,,,,,,,,,,0,892057
2025-11-30,2,,,,,,,,,,,,,,,,0,696328
2025-11-30,3,,,,,,,,,,,,,,,,0,343394
2025-11-30,9,,,,,,,,,,,,,,,,0,596392
2025-12-01,1,,,,,,,,,,,,,,,,0,892057
2025-12-01,2,,,,,,,,,,,,,,,,0,696328
2025-12-01,3,,,,,,,,,,,,,,,,0,343394
2025-12-01,9,,,,,,,,,,,,,,,,0,596392
2025-12-02,1,,,,,,,,,,,,,,,,0,892057
2025-12-02,2,,,,,,,,,,,,,,,,0,696328
2025-12-02,3,,,,,,,,,,,,,,,,0,343394
2025-12-02,9,,,,,,,,,,,,,,,,0,596392
2025-12-03,1,,,,,,,,,,,,,,,,0,892057
2025-12-03,2,,,,,,,,,,,,,,,,0,696328
2025-12-03,3,,,,,,,,,,,,,,,,0,343394
2025-12-03,9,,,,,,,,,,,,,,,,0,596392
2025-12-04,1,,,,,,,,,,,,,,,,0,892057
2025-12-04,2,,,,,,,,,,,,,,,,0,696328
2025-12-04,3,,,,,,,,,,,,,,,,0,343394
2025-12-04,9,,,,,,,,,,,,,,,,0,596392
2025-12-05,1,,,,,,,,,,,,,,,,0,892057
2025-12-05,2,,,,,,,,,,,,,,,,0,696328
2025-12-05,3,,,,,,,,,,,,,,,,0,343394
2025-12-05,9,,,,,,,,,,,,,,,,0,596392
2025-12-06,1,,,,,,,,,,,,,,,,0,892057
2025-12-06,2,,,,,,,,,,,,,,,,0,696328
2025-12-06,3,,,,,,,,,,,,,,,,0,343394
2025-12-06,9,,,,,,,,,,,,,,,,0,596392
2025-12-07,1,,,,,,,,,,,,,,,,0,892057
2025-12-07,2,,,,,,,,,,,,,,,,0,696328
2025-12-07,3,,,,,,,,,,,,,,,,0,343394
2025-12-07,9,,,,,,,,,,,,,,,,0,596392
2025-12-08,1,,,,,,,,,,,,,,,,0,892057
2025-12-08,2,,,,,,,,,,,,,,,,0,696328
2025-12-08,3,,,,,,,,,,,,,,,,0,343394
2025-12-08,9,,,,,,,,,,,,,,,,0,596392
2025-12-09,1,,,,,,,,,,,,,,,,0,892057
2025-12-09,2,,,,,,,,,,,,,,,,0,696328
2025-12-09,3,,,,,,,,,,,,,,,,0,343394
2025-12-09,9,,,,,,,,,,,,,,,,0,596392
2025-12-10,1,,,,,,,,,,,,,,,,0,892057
2025-12-10,2,,,,,,,,,,,,,,,,0,696328
2025-12-10,3,,,,,,,,,,,,,,,,0,343394
2025-12-10,9,,,,,,,,,,,,,,,,0,596392
2025-12-11,1,,,,,,,,,,,,,,,,0,892057
2025-12-11,2,,,,,,,,,,,,,,,,0,696328
2025-12-11,3,,,,,,,,,,,,,,,,0,343394
2025-12-11,9,,,,,,,,,,,,,,,,0,596392
2025-12-12,1,,,,,,,,,,,,,,,,0,892057
2025-12-12,2,,,,,,,,,,,,,,,,0,696328
2025-12-12,3,,,,,,,,,,,,,,,,0,343394
2025-12-12,9,,,,,,,,,,,,,,,,0,596392
2025-12-13,1,,,,,,,,,,,,,,,,0,892057
2025-12-13,2,,,,,,,,,,,,,,,,0,696328
2025-12-13,3,,,,,,,,,,,,,,,,0,343394
2025-12-13,9,,,,,,,,,,,,,,,,0,596392
2025-12-14,1,,,,,,,,,,,,,,,,0,892057
2025-12-14,2,,,,,,,,,,,,,,,,0,696328
2025-12-14,3,,,,,,,,,,,,,,,,0,343394
2025-12-14,9,,,,,,,,,,,,,,,,0,596392
2025-12-15,1,,,,,,,,,,,,,,,,0,892057
2025-12-15,2,,,,,,,,,,,,,,,,0,696328
2025-12-15,3,,,,,,,,,,,,,,,,0,343394
2025-12-15,9,,,,,,,,,,,,,,,,0,596392
2025-12-16,1,,,,,,,,,,,,,,,,0,892057
2025-12-16,2,,,,,,,,,,,,,,,,0,696328
2025-12-16,3,,,,,,,,,,,,,,,,0,343394
2025-12-16,9,,,,,,,,,,,,,,,,0,596392
2025-12-17,1,,,,,,,,,,,,,,,,0,892057
2025-12-17,2,,,,,,,,,,,,,,,,0,696328
2025-12-17,3,,,,,,,,,,,,,,,,0,343394
2025-12-17,9,,,,,,,,,,,,,,,,0,596392
2025-12-18,1,,,,,,,,,,,,,,,,0,892057
2025-12-18,2,,,,,,,,,,,,,,,,0,696328
2025-12-18,3,,,,,,,,,,,,,,,,0,343394
2025-12-18,9,,,,,,,,,,,,,,,,0,596392
2025-12-19,1,,,,,,,,,,,,,,,,0,892057
2025-12-19,2,,,,,,,,,,,,,,,,0,696328
2025-12-19,3,,,,,,,,,,,,,,,,0,343394
2025-12-19,9,,,,,,,,,,,,,,,,0,596392
2025-12-20,1,,,,,,,,,,,,,,,,0,892057
2025-12-20,2,,,,,,,,,,,,,,,,0,696328
2025-12-20,3,,,,,,,,,,,,,,,,0,343394
2025-12-20,9,,,,,,,,,,,,,,,,0,596392
2025-12-21,1,,,,,,,,,,,,,,,,0,892057
2025-12-21,2,,,,,,,,,,,,,,,,0,696328
2025-12-21,3,,,,,,,,,,,,,,,,0,343394
2025-12-21,9,,,,,,,,,,,,,,,,0,596392
2025-12-22,1,,,,,,,,,,,,,,,,0,892057
2025-12-22,2,,,,,,,,,,,,,,,,0,696328
2025-12-22,3,,,,,,,,,,,,,,,,0,343394
2025-12-22,9,,,,,,,,,,,,,,,,0,596392
2025-12-23,1,,,,,,,,,,,,,,,,0,892057
2025-12-23,2,,,,,,,,,,,,,,,,0,696328
2025-12-23,3,,,,,,,,,,,,,,,,0,343394
2025-12-23,9,,,,,,,,,,,,,,,,0,596392
2025-12-24,1,,,,,,,,,,,,,,,,0,892057
2025-12-24,2,,,,,,,,,,,,,,,,0,696328
2025-12-24,3,,,,,,,,,,,,,,,,0,343394
2025-12-24,9,,,,,,,,,,,,,,,,0,596392
2025-12-25,1,,,,,,,,,,,,,,,,0,892057
2025-12-25,2,,,,,,,,,,,,,,,,0,696328
2025-12-25,3,,,,,,,,,,,,,,,,0,343394
2025-12-25,9,,,,,,,,,,,,,,,,0,596392
2025-12-26,1,,,,,,,,,,,,,,,,0,892057
2025-12-26,2,,,,,,,,,,,,,,,,0,696328
2025-12-26,3,,,,,,,,,,,,,,,,0,343394
2025-12-26,9,,,,,,,,,,,,,,,,0,596392
2025-12-27,1,,,,,,,,,,,,,,,,0,892057
2025-12-27,2,,,,,,,,,,,,,,,,0,696328
2025-12-27,3,,,,,,,,,,,,,,,,0,343394
2025-12-27,9,,,,,,,,,,,,,,,,0,596392
2025-12-28,1,,,,,,,,,,,,,,,,0,892057
2025-12-28,2,,,,,,,,,,,,,,,,0,696328
2025-12-28,3,,,,,,,,,,,,,,,,0,343394
2025-12-28,9,,,,,,,,,,,,,,,,0,596392
2025-12-29,1,,,,,,,,,,,,,,,,0,892057
2025-12-29,2,,,,,,,,,,,,,,,,0,696328
2025-12-29,3,,,,,,,,,,,,,,,,0,343394
2025-12-29,9,,,,,,,,,,,,,,,,0,596392
2025-12-30,1,,,,,,,,,,,,,,,,0,892057
2025-12-30,2,,,,,,,,,,,,,,,,0,696328
2025-12-30,3,,,,,,,,,,,,,,,,0,343394
2025-12-30,9,,,,,,,,,,,,,,,,0,596392
2025-12-31,1,,,,,,,,,,,,,,,,0,892057
2025-12-31,2,,,,,,,,,,,,,,,,0,696328
2025-12-31,3,,,,,,,,,,,,,,,,0,343394
2025-12-31,9,,,,,,,,,,,,,,,,0,596392
2026-01-01,1,,,,,,,,,,,,,,,,0,892057
2026-01-01,2,,,,,,,,,,,,,,,,0,696328
2026-01-01,3,,,,,,,,,,,,,,,,0,343394
2026-01-01,9,,,,,,,,,,,,,,,,0,596392
2026-01-02,1,,,,,,,,,,,,,,,,0,892057
2026-01-02,2,,,,,,,,,,,,,,,,0,696328
2026-01-02,3,,,,,,,,,,,,,,,,0,343394
2026-01-02,9,,,,,,,,,,,,,,,,0,596392
2026-01-03,1,,,,,,,,,,,,,,,,0,892057
2026-01-03,2,,,,,,,,,,,,,,,,0,696328
2026-01-03,3,,,,,,,,,,,,,,,,0,343394
2026-01-03,9,,,,,,,,,,,,,,,,0,596392
2026-01-04,1,,,,,,,,,,,,,,,,0,892057
2026-01-04,2,,,,,,,,,,,,,,,,0,696328
2026-01-04,3,,,,,,,,,,,,,,,,0,343394
2026-01-04,9,,,,,,,,,,,,,,,,0,596392
2026-01-05,1,,,,,,,,,,,,,,,,0,892057
2026-01-05,2,,,,,,,,,,,,,,,,0,696328
2026-01-05,3,,,,,,,,,,,,,,,,0,343394
2026-01-05,9,,,,,,,,,,,,,,,,0,596392
2026-01-06,1,,,,,,,,,,,,,,,,0,892057
2026-01-06,2,,,,,,,,,,,,,,,,0,696328
2026-01-06,3,,,,,,,,,,,,,,,,0,343394
2026-01-06,9,,,,,,,,,,,,,,,,0,596392
2026-01-07,1,,,,,,,,,,,,,,,,0,892057
2026-01-07,2,,,,,,,,,,,,,,,,0,696328
2026-01-07,3,,,,,,,,,,,,,,,,0,343394
2026-01-07,9,,,,,,,,,,,,,,,,0,596392
2026-01-08,1,,,,,,,,,,,,,,,,0,892057
2026-01-08,2,,,,,,,,,,,,,,,,0,696328
2026-01-08,3,,,,,,,,,,,,,,,,0,343394
2026-01-08,9,,,,,,,,,,,,,,,,0,596392
2026-01-09,1,,,,,,,,,,,,,,,,0,892057
2026-01-09,2,,,,,,,,,,,,,,,,0,696328
2026-01-09,3,,,,,,,,,,,,,,,,0,343394
2026-01-09,9,,,,,,,,,,,,,,,,0,596392
2026-01-10,1,,,,,,,,,,,,,,,,0,892057
2026-01-10,2,,,,,,,,,,,,,,,,0,696328
2026-01-10,3,,,,,,,,,,,,,,,,0,343394
2026-01-10,9,,,,,,,,,,,,,,,,0,596392
2026-01-11,1,,,,,,,,,,,,,,,,0,892057
2026-01-11,2,,,,,,,,,,,,,,,,0,696328
2026-01-11,3,,,,,,,,,,,,,,,,0,343394
2026-01-11,9,,,,,,,,,,,,,,,,0,596392
2026-01-12,1,,,,,,,,,,,,,,,,0,892057
2026-01-12,2,,,,,,,,,,,,,,,,0,696328
2026-01-12,3,,,,,,,,,,,,,,,,0,343394
2026-01-12,9,,,,,,,,,,,,,,,,0,596392
2026-01-13,1,,,,,,,,,,,,,,,,0,892057
2026-01-13,2,,,,,,,,,,,,,,,,0,696328
2026-01-13,3,,,,,,,,,,,,,,,,0,343394
2026-01-13,9,,,,,,,,,,,,,,,,0,596392
2026-01-14,1,,,,,,,,,,,,,,,,0,892057
2026-01-14,2,,,,,,,,,,,,,,,,0,696328
2026-01-14,3,,,,,,,,,,,,,,,,0,343394
2026-01-14,9,,,,,,,,,,,,,,,,0,596392
2026-01-15,1,,,,,,,,,,,,,,,,0,892057
2026-01-15,2,,,,,,,,,,,,,,,,0,696328
2026-01-15,3,,,,,,,,,,,,,,,,0,343394
2026-01-15,9,,,,,,,,,,,,,,,,0,596392
2026-01-16,1,,,,,,,,,,,,,,,,0,892057
2026-01-16,2,,,,,,,,,,,,,,,,0,696328
2026-01-16,3,,,,,,,,,,,,,,,,0,343394
2026-01-16,9,,,,,,,,,,,,,,,,0,596392
2026-01-17,1,,,,,,,,,,,,,,,,0,892057
2026-01-17,2,,,,,,,,,,,,,,,,0,696328
2026-01-17,3,,,,,,,,,,,,,,,,0,343394
2026-01-17,9,,,,,,,,,,,,,,,,0,596392
2026-01-18,1,,,,,,,,,,,,,,,,0,892057
2026-01-18,2,,,,,,,,,,,,,,,,0,696328
2026-01-18,3,,,,,,,,,,,,,,,,0,343394
2026-01-18,9,,,,,,,,,,,,,,,,0,596392
2026-01-19,1,,,,,,,,,,,,,,,,0,892057
2026-01-19,2,,,,,,,,,,,,,,,,0,696328
2026-01-19,3,,,,,,,,,,,,,,,,0,343394
2026-01-19,9,,,,,,,,,,,,,,,,0,596392
2026-01-20,1,,,,,,,,,,,,,,,,0,892057
2026-01-20,2,,,,,,,,,,,,,,,,0,696328
2026-01-20,3,,,,,,,,,,,,,,,,0,343394
2026-01-20,9,,,,,,,,,,,,,,,,0,596392
2026-01-21,1,,,,,,,,,,,,,,,,0,892057
2026-01-21,2,,,,,,,,,,,,,,,,0,696328
2026-01-21,3,,,,,,,,,,,,,,,,0,343394
2026-01-21,9,,,,,,,,,,,,,,,,0,596392
2026-01-22,1,,,,,,,,,,,,,,,,0,892057
2026-01-22,2,,,,,,,,,,,,,,,,0,696328
2026-01-22,3,,,,,,,,,,,,,,,,0,343394
2026-01-22,9,,,,,,,,,,,,,,,,0,596392
2026-01-23,1,,,,,,,,,,,,,,,,0,892057
2026-01-23,2,,,,,,,,,,,,,,,,0,696328
2026-01-23,3,,,,,,,,,,,,,,,,0,343394
2026-01-23,9,,,,,,,,,,,,,,,,0,596392
2026-01-24,1,,,,,,,,,,,,,,,,0,892057
2026-01-24,2,,,,,,,,,,,,,,,,0,696328
2026-01-24,3,,,,,,,,,,,,,,,,0,343394
2026-01-24,9,,,,,,,,,,,,,,,,0,596392
2026-01-25,1,,,,,,,,,,,,,,,,0,892057
2026-01-25,2,,,,,,,,,,,,,,,,0,696328
2026-01-25,3,,,,,,,,,,,,,,,,0,343394
2026-01-25,9,,,,,,,,,,,,,,,,0,596392
2026-01-26,1,,,,,,,,,,,,,,,,0,892057
2026-01-26,2,,,,,,,,,,,,,,,,0,696328
2026-01-26,3,,,,,,,,,,,,,,,,0,343394
2026-01-26,9,,,,,,,,,,,,,,,,0,596392
2026-01-27,1,,,,,,,,,,,,,,,,0,892057
2026-01-27,2,,,,,,,,,,,,,,,,0,696328
2026-01-27,3,,,,,,,,,,,,,,,,0,343394
2026-01-27,9,,,,,,,,,,,,,,,,0,596392
2026-01-28,1,,,,,,,,,,,,,,,,0,892057
2026-01-28,2,,,,,,,,,,,,,,,,0,696328
2026-01-28,3,,,,,,,,,,,,,,,,0,343394
2026-01-28,9,,,,,,,,,,,,,,,,0,596392
2026-01-29,1,,,,,,,,,,,,,,,,0,892057
2026-01-29,2,,,,,,,,,,,,,,,,0,696328
2026-01-29,3,,,,,,,,,,,,,,,,0,343394
2026-01-29,9,,,,,,,,,,,,,,,,0,596392
2026-01-30,1,,,,,,,,,,,,,,,,0,892057
2026-01-30,2,,,,,,,,,,,,,,,,0,696328
2026-01-30,3,,,,,,,,,,,,,,,,0,343394
2026-01-30,9,,,,,,,,,,,,,,,,0,596392
2026-01-31,1,,,,,,,,,,,,,,,,0,892057
2026-01-31,2,,,,,,,,,,,,,,,,0,696328
2026-01-31,3,,,,,,,,,,,,,,,,0,343394
2026-01-31,9,,,,,,,,,,,,,,,,0,596392
2026-02-01,1,,,,,,,,,,,,,,,,0,892057
2026-02-01,2,,,,,,,,,,,,,,,,0,696328
2026-02-01,3,,,,,,,,,,,,,,,,0,343394
2026-02-01,9,,,,,,,,,,,,,,,,0,596392
2026-02-02,1,,,,,,,,,,,,,,,,0,892057
2026-02-02,2,,,,,,,,,,,,,,,,0,696328
2026-02-02,3,,,,,,,,,,,,,,,,0,343394
2026-02-02,9,,,,,,,,,,,,,,,,0,596392
2026-02-03,1,,,,,,,,,,,,,,,,0,892057
2026-02-03,2,,,,,,,,,,,,,,,,0,696328
2026-02-03,3,,,,,,,,,,,,,,,,0,343394
2026-02-03,9,,,,,,,,,,,,,,,,0,596392
2026-02-04,1,,,,,,,,,,,,,,,,0,892057
2026-02-04,2,,,,,,,,,,,,,,,,0,696328
2026-02-04,3,,,,,,,,,,,,,,,,0,343394
2026-02-04,9,,,,,,,,,,,,,,,,0,596392
2026-02-05,1,,,,,,,,,,,,,,,,0,892057
2026-02-05,2,,,,,,,,,,,,,,,,0,696328
2026-02-05,3,,,,,,,,,,,,,,,,0,343394
2026-02-05,9,,,,,,,,,,,,,,,,0,596392
2026-02-06,1,,,,,,,,,,,,,,,,0,892057
2026-02-06,2,,,,,,,,,,,,,,,,0,696328
2026-02-06,3,,,,,,,,,,,,,,,,0,343394
2026-02-06,9,,,,,,,,,,,,,,,,0,596392
2026-02-07,1,,,,,,,,,,,,,,,,0,892057
2026-02-07,2,,,,,,,,,,,,,,,,0,696328
2026-02-07,3,,,,,,,,,,,,,,,,0,343394
2026-02-07,9,,,,,,,,,,,,,,,,0,596392
2026-02-08,1,,,,,,,,,,,,,,,,0,892057
2026-02-08,2,,,,,,,,,,,,,,,,0,696328
2026-02-08,3,,,,,,,,,,,,,,,,0,343394
2026-02-08,9,,,,,,,,,,,,,,,,0,596392
2026-02-09,1,,,,,,,,,,,,,,,,0,892057
2026-02-09,2,,,,,,,,,,,,,,,,0,696328
2026-02-09,3,,,,,,,,,,,,,,,,0,343394
2026-02-09,9,,,,,,,,,,,,,,,,0,596392
2026-02-10,1,,,,,,,,,,,,,,,,0,892057
2026-02-10,2,,,,,,,,,,,,,,,,0,696328
2026-02-10,3,,,,,,,,,,,,,,,,0,343394
2026-02-10,9,,,,,,,,,,,,,,,,0,596392
2026-02-11,1,,,,,,,,,,,,,,,,0,892057
2026-02-11,2,,,,,,,,,,,,,,,,0,696328
2026-02-11,3,,,,,,,,,,,,,,,,0,343394
2026-02-11,9,,,,,,,,,,,,,,,,0,596392
2026-02-12,1,,,,,,,,,,,,,,,,0,892057
2026-02-12,2,,,,,,,,,,,,,,,,0,696328
2026-02-12,3,,,,,,,,,,,,,,,,0,343394
2026-02-12,9,,,,,,,,,,,,,,,,0,596392
2026-02-13,1,,,,,,,,,,,,,,,,0,892057
2026-02-13,2,,,,,,,,,,,,,,,,0,696328
2026-02-13,3,,,,,,,,,,,,,,,,0,343394
2026-02-13,9,,,,,,,,,,,,,,,,0,596392
2026-02-14,1,,,,,,,,,,,,,,,,0,892057
2026-02-14,2,,,,,,,,,,,,,,,,0,696328
2026-02-14,3,,,,,,,,,,,,,,,,0,343394
2026-02-14,9,,,,,,,,,,,,,,,,0,596392
2026-02-15,1,,,,,,,,,,,,,,,,0,892057
2026-02-15,2,,,,,,,,,,,,,,,,0,696328
2026-02-15,3,,,,,,,,,,,,,,,,0,343394
2026-02-15,9,,,,,,,,,,,,,,,,0,596392
2026-02-16,1,,,,,,,,,,,,,,,,0,892057
2026-02-16,2,,,,,,,,,,,,,,,,0,696328
2026-02-16,3,,,,,,,,,,,,,,,,0,343394
2026-02-16,9,,,,,,,,,,,,,,,,0,596392
2026-02-17,1,,,,,,,,,,,,,,,,0,892057
2026-02-17,2,,,,,,,,,,,,,,,,0,696328
2026-02-17,3,,,,,,,,,,,,,,,,0,343394
2026-02-17,9,,,,,,,,,,,,,,,,0,596392
2026-02-18,1,,,,,,,,,,,,,,,,0,892057
2026-02-18,2,,,,,,,,,,,,,,,,0,696328
2026-02-18,3,,,,,,,,,,,,,,,,0,343394
2026-02-18,9,,,,,,,,,,,,,,,,0,596392
2026-02-19,1,,,,,,,,,,,,,,,,0,892057
2026-02-19,2,,,,,,,,,,,,,,,,0,696328
2026-02-19,3,,,,,,,,,,,,,,,,0,343394
2026-02-19,9,,,,,,,,,,,,,,,,0,596392
2026-02-20,1,,,,,,,,,,,,,,,,0,892057
2026-02-20,2,,,,,,,,,,,,,,,,0,696328
2026-02-20,3,,,,,,,,,,,,,,,,0,343394
2026-02-20,9,,,,,,,,,,,,,,,,0,596392
2026-02-21,1,,,,,,,,,,,,,,,,0,892057
2026-02-21,2,,,,,,,,,,,,,,,,0,696328
2026-02-21,3,,,,,,,,,,,,,,,,0,343394
2026-02-21,9,,,,,,,,,,,,,,,,0,596392
2026-02-22,1,,,,,,,,,,,,,,,,0,892057
2026-02-22,2,,,,,,,,,,,,,,,,0,696328
2026-02-22,3,,,,,,,,,,,,,,,,0,343394
2026-02-22,9,,,,,,,,,,,,,,,,0,596392
2026-02-23,1,,,,,,,,,,,,,,,,0,892057
2026-02-23,2,,,,,,,,,,,,,,,,0,696328
2026-02-23,3,,,,,,,,,,,,,,,,0,343394
2026-02-23,9,,,,,,,,,,,,,,,,0,596392
2026-02-24,1,,,,,,,,,,,,,,,,0,892057
2026-02-24,2,,,,,,,,,,,,,,,,0,696328
2026-02-24,3,,,,,,,,,,,,,,,,0,343394
2026-02-24,9,,,,,,,,,,,,,,,,0,596392
2026-02-25,1,,,,,,,,,,,,,,,,0,892057
2026-02-25,2,,,,,,,,,,,,,,,,0,696328
2026-02-25,3,,,,,,,,,,,,,,,,0,343394
2026-02-25,9,,,,,,,,,,,,,,,,0,596392
2026-02-26,1,,,,,,,,,,,,,,,,0,892057
2026-02-26,2,,,,,,,,,,,,,,,,0,696328
2026-02-26,3,,,,,,,,,,,,,,,,0,343394
2026-02-26,9,,,,,,,,,,,,,,,,0,596392
2026-02-27,1,,,,,,,,,,,,,,,,0,892057
2026-02-27,2,,,,,,,,,,,,,,,,0,696328
2026-02-27,3,,,,,,,,,,,,,,,,0,343394
2026-02-27,9,,,,,,,,,,,,,,,,0,596392
2026-02-28,1,,,,,,,,,,,,,,,,0,892057
2026-02-28,2,,,,,,,,,,,,,,,,0,696328
2026-02-28,3,,,,,,,,,,,,,,,,0,343394
2026-02-28,9,,,,,,,,,,,,,,,,0,596392
2026-03-01,1,,,,,,,,,,,,,,,,0,892057
2026-03-01,2,,,,,,,,,,,,,,,,0,696328
2026-03-01,3,,,,,,,,,,,,,,,,0,343394
2026-03-01,9,,,,,,,,,,,,,,,,0,596392
2026-03-02,1,,,,,,,,,,,,,,,,0,892057
2026-03-02,2,,,,,,,,,,,,,,,,0,696328
2026-03-02,3,,,,,,,,,,,,,,,,0,343394
2026-03-02,9,,,,,,,,,,,,,,,,0,596392
2026-03-03,1,,,,,,,,,,,,,,,,0,892057
2026-03-03,2,,,,,,,,,,,,,,,,0,696328
2026-03-03,3,,,,,,,,,,,,,,,,0,343394
2026-03-03,9,,,,,,,,,,,,,,,,0,596392
2026-03-04,1,,,,,,,,,,,,,,,,0,892057
2026-03-04,2,,,,,,,,,,,,,,,,0,696328
2026-03-04,3,,,,,,,,,,,,,,,,0,343394
2026-03-04,9,,,,,,,,,,,,,,,,0,596392
2026-03-05,1,,,,,,,,,,,,,,,,0,892057
2026-03-05,2,,,,,,,,,,,,,,,,0,696328
2026-03-05,3,,,,,,,,,,,,,,,,0,343394
2026-03-05,9,,,,,,,,,,,,,,,,0,596392
2026-03-06,1,,,,,,,,,,,,,,,,0,892057
2026-03-06,2,,,,,,,,,,,,,,,,0,696328
2026-03-06,3,,,,,,,,,,,,,,,,0,343394
2026-03-06,9,,,,,,,,,,,,,,,,0,596392
2026-03-07,1,,,,,,,,,,,,,,,,0,892057
2026-03-07,2,,,,,,,,,,,,,,,,0,696328
2026-03-07,3,,,,,,,,,,,,,,,,0,343394
2026-03-07,9,,,,,,,,,,,,,,,,0,596392
2026-03-08,1,,,,,,,,,,,,,,,,0,892057
2026-03-08,2,,,,,,,,,,,,,,,,0,696328
2026-03-08,3,,,,,,,,,,,,,,,,0,343394
2026-03-08,9,,,,,,,,,,,,,,,,0,596392
2026-03-09,1,,,,,,,,,,,,,,,,0,892057
2026-03-09,2,,,,,,,,,,,,,,,,0,696328
2026-03-09,3,,,,,,,,,,,,,,,,0,343394
2026-03-09,9,,,,,,,,,,,,,,,,0,596392
2026-03-10,1,,,,,,,,,,,,,,,,0,892057
2026-03-10,2,,,,,,,,,,,,,,,,0,696328
2026-03-10,3,,,,,,,,,,,,,,,,0,343394
2026-03-10,9,,,,,,,,,,,,,,,,0,596392
2026-03-11,1,,,,,,,,,,,,,,,,0,892057
2026-03-11,2,,,,,,,,,,,,,,,,0,696328
2026-03-11,3,,,,,,,,,,,,,,,,0,343394
2026-03-11,9,,,,,,,,,,,,,,,,0,596392
2026-03-12,1,,,,,,,,,,,,,,,,0,892057
2026-03-12,2,,,,,,,,,,,,,,,,0,696328
2026-03-12,3,,,,,,,,,,,,,,,,0,343394
2026-03-12,9,,,,,,,,,,,,,,,,0,596392
2026-03-13,1,,,,,,,,,,,,,,,,0,892057
2026-03-13,2,,,,,,,,,,,,,,,,0,696328
2026-03-13,3,,,,,,,,,,,,,,,,0,343394
2026-03-13,9,,,,,,,,,,,,,,,,0,596392
2026-03-14,1,,,,,,,,,,,,,,,,0,892057
2026-03-14,2,,,,,,,,,,,,,,,,0,696328
2026-03-14,3,,,,,,,,,,,,,,,,0,343394
2026-03-14,9,,,,,,,,,,,,,,,,0,596392
2026-03-15,1,,,,,,,,,,,,,,,,0,892057
2026-03-15,2,,,,,,,,,,,,,,,,0,696328
2026-03-15,3,,,,,,,,,,,,,,,,0,343394
2026-03-15,9,,,,,,,,,,,,,,,,0,596392
2026-03-16,1,,,,,,,,,,,,,,,,0,892057
2026-03-16,2,,,,,,,,,,,,,,,,0,696328
2026-03-16,3,,,,,,,,,,,,,,,,0,343394
2026-03-16,9,,,,,,,,,,,,,,,,0,596392
2026-03-17,1,,,,,,,,,,,,,,,,0,892057
2026-03-17,2,,,,,,,,,,,,,,,,0,696328
2026-03-17,3,,,,,,,,,,,,,,,,0,343394
2026-03-17,9,,,,,,,,,,,,,,,,0,596392
2026-03-18,1,,,,,,,,,,,,,,,,0,892057
2026-03-18,2,,,,,,,,,,,,,,,,0,696328
2026-03-18,3,,,,,,,,,,,,,,,,0,343394
2026-03-18,9,,,,,,,,,,,,,,,,0,596392
2026-03-19,1,,,,,,,,,,,,,,,,0,892057
2026-03-19,2,,,,,,,,,,,,,,,,0,696328
2026-03-19,3,,,,,,,,,,,,,,,,0,343394
2026-03-19,9,,,,,,,,,,,,,,,,0,596392
2026-03-20,1,,,,,,,,,,,,,,,,0,892057
2026-03-20,2,,,,,,,,,,,,,,,,0,696328
2026-03-20,3,,,,,,,,,,,,,,,,0,343394
2026-03-20,9,,,,,,,,,,,,,,,,0,596392
2026-03-21,1,,,,,,,,,,,,,,,,0,892057
2026-03-21,2,,,,,,,,,,,,,,,,0,696328
2026-03-21,3,,,,,,,,,,,,,,,,0,343394
2026-03-21,9,,,,,,,,,,,,,,,,0,596392
2026-03-22,1,,,,,,,,,,,,,,,,0,892057
2026-03-22,2,,,,,,,,,,,,,,,,0,696328
2026-03-22,3,,,,,,,,,,,,,,,,0,343394
2026-03-22,9,,,,,,,,,,,,,,,,0,596392
2026-03-23,1,,,,,,,,,,,,,,,,0,892057
2026-03-23,2,,,,,,,,,,,,,,,,0,696328
2026-03-23,3,,,,,,,,,,,,,,,,0,343394
2026-03-23,9,,,,,,,,,,,,,,,,0,596392
2026-03-24,1,,,,,,,,,,,,,,,,0,892057
2026-03-24,2,,,,,,,,,,,,,,,,0,696328
2026-03-24,3,,,,,,,,,,,,,,,,0,343394
2026-03-24,9,,,,,,,,,,,,,,,,0,596392
2026-03-25,1,,,,,,,,,,,,,,,,0,892057
2026-03-25,2,,,,,,,,,,,,,,,,0,696328
2026-03-25,3,,,,,,,,,,,,,,,,0,343394
2026-03-25,9,,,,,,,,,,,,,,,,0,596392
2026-03-26,1,,,,,,,,,,,,,,,,0,892057
2026-03-26,2,,,,,,,,,,,,,,,,0,696328
2026-03-26,3,,,,,,,,,,,,,,,,0,343394
2026-03-26,9,,,,,,,,,,,,,,,,0,596392
2026-03-27,1,,,,,,,,,,,,,,,,0,892057
2026-03-27,2,,,,,,,,,,,,,,,,0,696328
2026-03-27,3,,,,,,,,,,,,,,,,0,343394
2026-03-27,9,,,,,,,,,,,,,,,,0,596392
2026-03-28,1,,,,,,,,,,,,,,,,0,892057
2026-03-28,2,,,,,,,,,,,,,,,,0,696328
2026-03-28,3,,,,,,,,,,,,,,,,0,343394
2026-03-28,9,,,,,,,,,,,,,,,,0,596392
2026-03-29,1,,,,,,,,,,,,,,,,0,892057
2026-03-29,2,,,,,,,,,,,,,,,,0,696328
2026-03-29,3,,,,,,,,,,,,,,,,0,343394
2026-03-29,9,,,,,,,,,,,,,,,,0,596392
2026-03-30,1,,,,,,,,,,,,,,,,0,892057
2026-03-30,2,,,,,,,,,,,,,,,,0,696328
2026-03-30,3,,,,,,,,,,,,,,,,0,343394
2026-03-30,9,,,,,,,,,,,,,,,,0,596392
2026-03-31,1,,,,,,,,,,,,,,,,0,892057
2026-03-31,2,,,,,,,,,,,,,,,,0,696328
2026-03-31,3,,,,,,,,,,,,,,,,0,343394
2026-03-31,9,,,,,,,,,,,,,,,,0,596392
2026-04-01,1,,,,,,,,,,,,,,,,0,892057
2026-04-01,2,,,,,,,,,,,,,,,,0,696328
2026-04-01,3,,,,,,,,,,,,,,,,0,343394
2026-04-01,9,,,,,,,,,,,,,,,,0,596392
2026-04-02,1,,,,,,,,,,,,,,,,0,892057
2026-04-02,2,,,,,,,,,,,,,,,,0,696328
2026-04-02,3,,,,,,,,,,,,,,,,0,343394
2026-04-02,9,,,,,,,,,,,,,,,,0,596392
2026-04-03,1,,,,,,,,,,,,,,,,0,892057
2026-04-03,2,,,,,,,,,,,,,,,,0,696328
2026-04-03,3,,,,,,,,,,,,,,,,0,343394
2026-04-03,9,,,,,,,,,,,,,,,,0,596392
2026-04-04,1,,,,,,,,,,,,,,,,0,892057
2026-04-04,2,,,,,,,,,,,,,,,,0,696328
2026-04-04,3,,,,,,,,,,,,,,,,0,343394
2026-04-04,9,,,,,,,,,,,,,,,,0,596392
2026-04-05,1,,,,,,,,,,,,,,,,0,892057
2026-04-05,2,,,,,,,,,,,,,,,,0,696328
2026-04-05,3,,,,,,,,,,,,,,,,0,343394
2026-04-05,9,,,,,,,,,,,,,,,,0,596392
2026-04-06,1,,,,,,,,,,,,,,,,0,892057
2026-04-06,2,,,,,,,,,,,,,,,,0,696328
2026-04-06,3,,,,,,,,,,,,,,,,0,343394
2026-04-06,9,,,,,,,,,,,,,,,,0,596392
2026-04-07,1,,,,,,,,,,,,,,,,0,892057
2026-04-07,2,,,,,,,,,,,,,,,,0,696328
2026-04-07,3,,,,,,,,,,,,,,,,0,343394
2026-04-07,9,,,,,,,,,,,,,,,,0,596392
2026-04-08,1,,,,,,,,,,,,,,,,0,892057
2026-04-08,2,,,,,,,,,,,,,,,,0,696328
2026-04-08,3,,,,,,,,,,,,,,,,0,343394
2026-04-08,9,,,,,,,,,,,,,,,,0,596392
2026-04-09,1,,,,,,,,,,,,,,,,0,892057
2026-04-09,2,,,,,,,,,,,,,,,,0,696328
2026-04-09,3,,,,,,,,,,,,,,,,0,343394
2026-04-09,9,,,,,,,,,,,,,,,,0,596392
2026-04-10,1,,,,,,,,,,,,,,,,0,892057
2026-04-10,2,,,,,,,,,,,,,,,,0,696328
2026-04-10,3,,,,,,,,,,,,,,,,0,343394
2026-04-10,9,,,,,,,,,,,,,,,,0,596392
2026-04-11,1,,,,,,,,,,,,,,,,0,892057
2026-04-11,2,,,,,,,,,,,,,,,,0,696328
2026-04-11,3,,,,,,,,,,,,,,,,0,343394
2026-04-11,9,,,,,,,,,,,,,,,,0,596392
2026-04-12,1,,,,,,,,,,,,,,,,0,892057
2026-04-12,2,,,,,,,,,,,,,,,,0,696328
2026-04-12,3,,,,,,,,,,,,,,,,0,343394
2026-04-12,9,,,,,,,,,,,,,,,,0,596392
2026-04-13,1,,,,,,,,,,,,,,,,0,892057
2026-04-13,2,,,,,,,,,,,,,,,,0,696328
2026-04-13,3,,,,,,,,,,,,,,,,0,343394
2026-04-13,9,,,,,,,,,,,,,,,,0,596392
2026-04-14,1,,,,,,,,,,,,,,,,0,892057
2026-04-14,2,,,,,,,,,,,,,,,,0,696328
2026-04-14,3,,,,,,,,,,,,,,,,0,343394
2026-04-14,9,,,,,,,,,,,,,,,,0,596392
2026-04-15,1,,,,,,,,,,,,,,,,0,892057
2026-04-15,2,,,,,,,,,,,,,,,,0,696328
2026-04-15,3,,,,,,,,,,,,,,,,0,343394
2026-04-15,9,,,,,,,,,,,,,,,,0,596392
2026-04-16,1,,,,,,,,,,,,,,,,0,892057
2026-04-16,2,,,,,,,,,,,,,,,,0,696328
2026-04-16,3,,,,,,,,,,,,,,,,0,343394
2026-04-16,9,,,,,,,,,,,,,,,,0,596392
2026-04-17,1,,,,,,,,,,,,,,,,0,892057
2026-04-17,2,,,,,,,,,,,,,,,,0,696328
2026-04-17,3,,,,,,,,,,,,,,,,0,343394
2026-04-17,9,,,,,,,,,,,,,,,,0,596392
2026-04-18,1,,,,,,,,,,,,,,,,0,892057
2026-04-18,2,,,,,,,,,,,,,,,,0,696328
2026-04-18,3,,,,,,,,,,,,,,,,0,343394
2026-04-18,9,,,,,,,,,,,,,,,,0,596392
2026-04-19,1,,,,,,,,,,,,,,,,0,892057
2026-04-19,2,,,,,,,,,,,,,,,,0,696328
2026-04-19,3,,,,,,,,,,,,,,,,0,343394
2026-04-19,9,,,,,,,,,,,,,,,,0,596392
2026-04-20,1,,,,,,,,,,,,,,,,0,892057
2026-04-20,2,,,,,,,,,,,,,,,,0,696328
2026-04-20,3,,,,,,,,,,,,,,,,0,343394
2026-04-20,9,,,,,,,,,,,,,,,,0,596392
2026-04-21,1,,,,,,,,,,,,,,,,0,892057
2026-04-21,2,,,,,,,,,,,,,,,,0,696328
2026-04-21,3,,,,,,,,,,,,,,,,0,343394
2026-04-21,9,,,,,,,,,,,,,,,,0,596392
2026-04-22,1,,,,,,,,,,,,,,,,0,892057
2026-04-22,2,,,,,,,,,,,,,,,,0,696328
2026-04-22,3,,,,,,,,,,,,,,,,0,343394
2026-04-22,9,,,,,,,,,,,,,,,,0,596392
2026-04-23,1,,,,,,,,,,,,,,,,0,892057
2026-04-23,2,,,,,,,,,,,,,,,,0,696328
2026-04-23,3,,,,,,,,,,,,,,,,0,343394
2026-04-23,9,,,,,,,,,,,,,,,,0,596392
2026-04-24,1,,,,,,,,,,,,,,,,0,892057
2026-04-24,2,,,,,,,,,,,,,,,,0,696328
2026-04-24,3,,,,,,,,,,,,,,,,0,343394
2026-04-24,9,,,,,,,,,,,,,,,,0,596392
2026-04-25,1,,,,,,,,,,,,,,,,0,892057
2026-04-25,2,,,,,,,,,,,,,,,,0,696328
2026-04-25,3,,,,,,,,,,,,,,,,0,343394
2026-04-25,9,,,,,,,,,,,,,,,,0,596392
2026-04-26,1,,,,,,,,,,,,,,,,0,892057
2026-04-26,2,,,,,,,,,,,,,,,,0,696328
2026-04-26,3,,,,,,,,,,,,,,,,0,343394
2026-04-26,9,,,,,,,,,,,,,,,,0,596392
2026-04-27,1,,,,,,,,,,,,,,,,0,892057
2026-04-27,2,,,,,,,,,,,,,,,,0,696328
2026-04-27,3,,,,,,,,,,,,,,,,0,343394
2026-04-27,9,,,,,,,,,,,,,,,,0,596392
2026-04-28,1,,,,,,,,,,,,,,,,0,892057
2026-04-28,2,,,,,,,,,,,,,,,,0,696328
2026-04-28,3,,,,,,,,,,,,,,,,0,343394
2026-04-28,9,,,,,,,,,,,,,,,,0,596392
2026-04-29,1,,,,,,,,,,,,,,,,0,892057
2026-04-29,2,,,,,,,,,,,,,,,,0,696328
2026-04-29,3,,,,,,,,,,,,,,,,0,343394
2026-04-29,9,,,,,,,,,,,,,,,,0,596392
2026-04-30,1,,,,,,,,,,,,,,,,0,892057
2026-04-30,2,,,,,,,,,,,,,,,,0,696328
2026-04-30,3,,,,,,,,,,,,,,,,0,343394
2026-04-30,9,,,,,,,,,,,,,,,,0,596392
2026-05-01,1,,,,,,,,,,,,,,,,0,892057
2026-05-01,2,,,,,,,,,,,,,,,,0,696328
2026-05-01,3,,,,,,,,,,,,,,,,0,343394
2026-05-01,9,,,,,,,,,,,,,,,,0,596392
2026-05-02,1,,,,,,,,,,,,,,,,0,892057
2026-05-02,2,,,,,,,,,,,,,,,,0,696328
2026-05-02,3,,,,,,,,,,,,,,,,0,343394
2026-05-02,9,,,,,,,,,,,,,,,,0,596392
2026-05-03,1,,,,,,,,,,,,,,,,0,892057
2026-05-03,2,,,,,,,,,,,,,,,,0,696328
2026-05-03,3,,,,,,,,,,,,,,,,0,343394
2026-05-03,9,,,,,,,,,,,,,,,,0,596392
2026-05-04,1,,,,,,,,,,,,,,,,0,892057
2026-05-04,2,,,,,,,,,,,,,,,,0,696328
2026-05-04,3,,,,,,,,,,,,,,,,0,343394
2026-05-04,9,,,,,,,,,,,,,,,,0,596392
2026-05-05,1,,,,,,,,,,,,,,,,0,892057
2026-05-05,2,,,,,,,,,,,,,,,,0,696328
2026-05-05,3,,,,,,,,,,,,,,,,0,343394
2026-05-05,9,,,,,,,,,,,,,,,,0,596392
2026-05-06,1,,,,,,,,,,,,,,,,0,892057
2026-05-06,2,,,,,,,,,,,,,,,,0,696328
2026-05-06,3,,,,,,,,,,,,,,,,0,343394
2026-05-06,9,,,,,,,,,,,,,,,,0,596392
2026-05-07,1,,,,,,,,,,,,,,,,0,892057
2026-05-07,2,,,,,,,,,,,,,,,,0,696328
2026-05-07,3,,,,,,,,,,,,,,,,0,343394
2026-05-07,9,,,,,,,,,,,,,,,,0,596392
2026-05-08,1,,,,,,,,,,,,,,,,0,892057
2026-05-08,2,,,,,,,,,,,,,,,,0,696328
2026-05-08,3,,,,,,,,,,,,,,,,0,343394
2026-05-08,9,,,,,,,,,,,,,,,,0,596392
2026-05-09,1,,,,,,,,,,,,,,,,0,892057
2026-05-09,2,,,,,,,,,,,,,,,,0,696328
2026-05-09,3,,,,,,,,,,,,,,,,0,343394
2026-05-09,9,,,,,,,,,,,,,,,,0,596392
2026-05-10,1,,,,,,,,,,,,,,,,0,892057
2026-05-10,2,,,,,,,,,,,,,,,,0,696328
2026-05-10,3,,,,,,,,,,,,,,,,0,343394
2026-05-10,9,,,,,,,,,,,,,,,,0,596392
2026-05-11,1,,,,,,,,,,,,,,,,0,892057
2026-05-11,2,,,,,,,,,,,,,,,,0,696328
2026-05-11,3,,,,,,,,,,,,,,,,0,343394
2026-05-11,9,,,,,,,,,,,,,,,,0,596392
2026-05-12,1,,,,,,,,,,,,,,,,0,892057
2026-05-12,2,,,,,,,,,,,,,,,,0,696328
2026-05-12,3,,,,,,,,,,,,,,,,0,343394
2026-05-12,9,,,,,,,,,,,,,,,,0,596392
2026-05-13,1,,,,,,,,,,,,,,,,0,892057
2026-05-13,2,,,,,,,,,,,,,,,,0,696328
2026-05-13,3,,,,,,,,,,,,,,,,0,343394
2026-05-13,9,,,,,,,,,,,,,,,,0,596392
2026-05-14,1,,,,,,,,,,,,,,,,0,892057
2026-05-14,2,,,,,,,,,,,,,,,,0,696328
2026-05-14,3,,,,,,,,,,,,,,,,0,343394
2026-05-14,9,,,,,,,,,,,,,,,,0,596392
2026-05-15,1,,,,,,,,,,,,,,,,0,892057
2026-05-15,2,,,,,,,,,,,,,,,,0,696328
2026-05-15,3,,,,,,,,,,,,,,,,0,343394
2026-05-15,9,,,,,,,,,,,,,,,,0,596392
2026-05-16,1,,,,,,,,,,,,,,,,0,892057
2026-05-16,2,,,,,,,,,,,,,,,,0,696328
2026-05-16,3,,,,,,,,,,,,,,,,0,343394
2026-05-16,9,,,,,,,,,,,,,,,,0,596392
2026-05-17,1,,,,,,,,,,,,,,,,0,892057
2026-05-17,2,,,,,,,,,,,,,,,,0,696328
2026-05-17,3,,,,,,,,,,,,,,,,0,343394
2026-05-17,9,,,,,,,,,,,,,,,,0,596392
2026-05-18,1,,,,,,,,,,,,,,,,0,892057
2026-05-18,2,,,,,,,,,,,,,,,,0,696328
2026-05-18,3,,,,,,,,,,,,,,,,0,343394
2026-05-18,9,,,,,,,,,,,,,,,,0,596392
2026-05-19,1,,,,,,,,,,,,,,,,0,892057
2026-05-19,2,,,,,,,,,,,,,,,,0,696328
2026-05-19,3,,,,,,,,,,,,,,,,0,343394
2026-05-19,9,,,,,,,,,,,,,,,,0,596392
2026-05-20,1,,,,,,,,,,,,,,,,0,892057
2026-05-20,2,,,,,,,,,,,,,,,,0,696328
2026-05-20,3,,,,,,,,,,,,,,,,0,343394
2026-05-20,9,,,,,,,,,,,,,,,,0,596392
2026-05-21,1,,,,,,,,,,,,,,,,0,892057
2026-05-21,2,,,,,,,,,,,,,,,,0,696328
2026-05-21,3,,,,,,,,,,,,,,,,0,343394
2026-05-21,9,,,,,,,,,,,,,,,,0,596392
2026-05-22,1,,,,,,,,,,,,,,,,0,892057
2026-05-22,2,,,,,,,,,,,,,,,,0,696328
2026-05-22,3,,,,,,,,,,,,,,,,0,343394
2026-05-22,9,,,,,,,,,,,,,,,,0,596392
2026-05-23,1,,,,,,,,,,,,,,,,0,892057
2026-05-23,2,,,,,,,,,,,,,,,,0,696328
2026-05-23,3,,,,,,,,,,,,,,,,0,343394
2026-05-23,9,,,,,,,,,,,,,,,,0,596392
2026-05-24,1,,,,,,,,,,,,,,,,0,892057
2026-05-24,2,,,,,,,,,,,,,,,,0,696328
2026-05-24,3,,,,,,,,,,,,,,,,0,343394
2026-05-24,9,,,,,,,,,,,,,,,,0,596392
2026-05-25,1,,,,,,,,,,,,,,,,0,892057
2026-05-25,2,,,,,,,,,,,,,,,,0,696328
2026-05-25,3,,,,,,,,,,,,,,,,0,343394
2026-05-25,9,,,,,,,,,,,,,,,,0,596392
2026-05-26,1,,,,,,,,,,,,,,,,0,892057
2026-05-26,2,,,,,,,,,,,,,,,,0,696328
2026-05-26,3,,,,,,,,,,,,,,,,0,343394
2026-05-26,9,,,,,,,,,,,,,,,,0,596392
2026-05-27,1,,,,,,,,,,,,,,,,0,892057
2026-05-27,2,,,,,,,,,,,,,,,,0,696328
2026-05-27,3,,,,,,,,,,,,,,,,0,343394
2026-05-27,9,,,,,,,,,,,,,,,,0,596392
2026-05-28,1,,,,,,,,,,,,,,,,0,892057
2026-05-28,2,,,,,,,,,,,,,,,,0,696328
2026-05-28,3,,,,,,,,,,,,,,,,0,343394
2026-05-28,9,,,,,,,,,,,,,,,,0,596392
2026-05-29,1,,,,,,,,,,,,,,,,0,892057
2026-05-29,2,,,,,,,,,,,,,,,,0,696328
2026-05-29,3,,,,,,,,,,,,,,,,0,343394
2026-05-29,9,,,,,,,,,,,,,,,,0,596392
2026-05-30,1,,,,,,,,,,,,,,,,0,892057
2026-05-30,2,,,,,,,,,,,,,,,,0,696328
2026-05-30,3,,,,,,,,,,,,,,,,0,343394
2026-05-30,9,,,,,,,,,,,,,,,,0,596392
2026-05-31,1,,,,,,,,,,,,,,,,0,892057
2026-05-31,2,,,,,,,,,,,,,,,,0,696328
2026-05-31,3,,,,,,,,,,,,,,,,0,343394
2026-05-31,9,,,,,,,,,,,,,,,,0,596392
2026-06-01,1,,,,,,,,,,,,,,,,0,892057
2026-06-01,2,,,,,,,,,,,,,,,,0,696328
2026-06-01,3,,,,,,,,,,,,,,,,0,343394
2026-06-01,9,,,,,,,,,,,,,,,,0,596392
2026-06-02,1,,,,,,,,,,,,,,,,0,892057
2026-06-02,2,,,,,,,,,,,,,,,,0,696328
2026-06-02,3,,,,,,,,,,,,,,,,0,343394
2026-06-02,9,,,,,,,,,,,,,,,,0,596392
2026-06-03,1,,,,,,,,,,,,,,,,0,892057
2026-06-03,2,,,,,,,,,,,,,,,,0,696328
2026-06-03,3,,,,,,,,,,,,,,,,0,343394
2026-06-03,9,,,,,,,,,,,,,,,,0,596392
2026-06-04,1,,,,,,,,,,,,,,,,0,892057
2026-06-04,2,,,,,,,,,,,,,,,,0,696328
2026-06-04,3,,,,,,,,,,,,,,,,0,343394
2026-06-04,9,,,,,,,,,,,,,,,,0,596392
2026-06-05,1,,,,,,,,,,,,,,,,0,892057
2026-06-05,2,,,,,,,,,,,,,,,,0,696328
2026-06-05,3,,,,,,,,,,,,,,,,0,343394
2026-06-05,9,,,,,,,,,,,,,,,,0,596392
2026-06-06,1,,,,,,,,,,,,,,,,0,892057
2026-06-06,2,,,,,,,,,,,,,,,,0,696328
2026-06-06,3,,,,,,,,,,,,,,,,0,343394
2026-06-06,9,,,,,,,,,,,,,,,,0,596392
2026-06-07,1,,,,,,,,,,,,,,,,0,892057
2026-06-07,2,,,,,,,,,,,,,,,,0,696328
2026-06-07,3,,,,,,,,,,,,,,,,0,343394
2026-06-07,9,,,,,,,,,,,,,,,,0,596392
2026-06-08,1,,,,,,,,,,,,,,,,0,892057
2026-06-08,2,,,,,,,,,,,,,,,,0,696328
2026-06-08,3,,,,,,,,,,,,,,,,0,343394
2026-06-08,9,,,,,,,,,,,,,,,,0,596392
2026-06-09,1,,,,,,,,,,,,,,,,0,892057
2026-06-09,2,,,,,,,,,,,,,,,,0,696328
2026-06-09,3,,,,,,,,,,,,,,,,0,343394
2026-06-09,9,,,,,,,,,,,,,,,,0,596392
2026-06-10,1,,,,,,,,,,,,,,,,0,892057
2026-06-10,2,,,,,,,,,,,,,,,,0,696328
2026-06-10,3,,,,,,,,,,,,,,,,0,343394
2026-06-10,9,,,,,,,,,,,,,,,,0,596392
2026-06-11,1,,,,,,,,,,,,,,,,0,892057
2026-06-11,2,,,,,,,,,,,,,,,,0,696328
2026-06-11,3,,,,,,,,,,,,,,,,0,343394
2026-06-11,9,,,,,,,,,,,,,,,,0,596392
2026-06-12,1,,,,,,,,,,,,,,,,0,892057
2026-06-12,2,,,,,,,,,,,,,,,,0,696328
2026-06-12,3,,,,,,,,,,,,,,,,0,343394
2026-06-12,9,,,,,,,,,,,,,,,,0,596392
2026-06-13,1,,,,,,,,,,,,,,,,0,892057
2026-06-13,2,,,,,,,,,,,,,,,,0,696328
2026-06-13,3,,,,,,,,,,,,,,,,0,343394
2026-06-13,9,,,,,,,,,,,,,,,,0,596392
2026-06-14,1,,,,,,,,,,,,,,,,0,892057
2026-06-14,2,,,,,,,,,,,,,,,,0,696328
2026-06-14,3,,,,,,,,,,,,,,,,0,343394
2026-06-14,9,,,,,,,,,,,,,,,,0,596392
2026-06-15,1,,,,,,,,,,,,,,,,0,892057
2026-06-15,2,,,,,,,,,,,,,,,,0,696328
2026-06-15,3,,,,,,,,,,,,,,,,0,343394
2026-06-15,9,,,,,,,,,,,,,,,,0,596392
2026-06-16,1,,,,,,,,,,,,,,,,0,892057
2026-06-16,2,,,,,,,,,,,,,,,,0,696328
2026-06-16,3,,,,,,,,,,,,,,,,0,343394
2026-06-16,9,,,,,,,,,,,,,,,,0,596392
2026-06-17,1,,,,,,,,,,,,,,,,0,892057
2026-06-17,2,,,,,,,,,,,,,,,,0,696328
2026-06-17,3,,,,,,,,,,,,,,,,0,343394
2026-06-17,9,,,,,,,,,,,,,,,,0,596392
2026-06-18,1,,,,,,,,,,,,,,,,0,892057
2026-06-18,2,,,,,,,,,,,,,,,,0,696328
2026-06-18,3,,,,,,,,,,,,,,,,0,343394
2026-06-18,9,,,,,,,,,,,,,,,,0,596392
2026-06-19,1,,,,,,,,,,,,,,,,0,892057
2026-06-19,2,,,,,,,,,,,,,,,,0,696328
2026-06-19,3,,,,,,,,,,,,,,,,0,343394
2026-06-19,9,,,,,,,,,,,,,,,,0,596392
2026-06-20,1,,,,,,,,,,,,,,,,0,892057
2026-06-20,2,,,,,,,,,,,,,,,,0,696328
2026-06-20,3,,,,,,,,,,,,,,,,0,343394
2026-06-20,9,,,,,,,,,,,,,,,,0,596392
2026-06-21,1,,,,,,,,,,,,,,,,0,892057
2026-06-21,2,,,,,,,,,,,,,,,,0,696328
2026-06-21,3,,,,,,,,,,,,,,,,0,343394
2026-06-21,9,,,,,,,,,,,,,,,,0,596392
2026-06-22,1,,,,,,,,,,,,,,,,0,892057
2026-06-22,2,,,,,,,,,,,,,,,,0,696328
2026-06-22,3,,,,,,,,,,,,,,,,0,343394
2026-06-22,9,,,,,,,,,,,,,,,,0,596392
2026-06-23,1,,,,,,,,,,,,,,,,0,892057
2026-06-23,2,,,,,,,,,,,,,,,,0,696328
2026-06-23,3,,,,,,,,,,,,,,,,0,343394
2026-06-23,9,,,,,,,,,,,,,,,,0,596392
2026-06-24,1,,,,,,,,,,,,,,,,0,892057
2026-06-24,2,,,,,,,,,,,,,,,,0,696328
2026-06-24,3,,,,,,,,,,,,,,,,0,343394
2026-06-24,9,,,,,,,,,,,,,,,,0,596392
2026-06-25,1,,,,,,,,,,,,,,,,0,892057
2026-06-25,2,,,,,,,,,,,,,,,,0,696328
2026-06-25,3,,,,,,,,,,,,,,,,0,343394
2026-06-25,9,,,,,,,,,,,,,,,,0,596392
2026-06-26,1,,,,,,,,,,,,,,,,0,892057
2026-06-26,2,,,,,,,,,,,,,,,,0,696328
2026-06-26,3,,,,,,,,,,,,,,,,0,343394
2026-06-26,9,,,,,,,,,,,,,,,,0,596392
2026-06-27,1,,,,,,,,,,,,,,,,0,892057
2026-06-27,2,,,,,,,,,,,,,,,,0,696328
2026-06-27,3,,,,,,,,,,,,,,,,0,343394
2026-06-27,9,,,,,,,,,,,,,,,,0,596392
2026-06-28,1,,,,,,,,,,,,,,,,0,892057
2026-06-28,2,,,,,,,,,,,,,,,,0,696328
2026-06-28,3,,,,,,,,,,,,,,,,0,343394
2026-06-28,9,,,,,,,,,,,,,,,,0,596392
2026-06-29,1,,,,,,,,,,,,,,,,0,892057
2026-06-29,2,,,,,,,,,,,,,,,,0,696328
2026-06-29,3,,,,,,,,,,,,,,,,0,343394
2026-06-29,9,,,,,,,,,,,,,,,,0,596392
2026-06-30,1,,,,,,,,,,,,,,,,0,892057
2026-06-30,2,,,,,,,,,,,,,,,,0,696328
2026-06-30,3,,,,,,,,,,,,,,,,0,343394
2026-06-30,9,,,,,,,,,,,,,,,,0,596392
2026-07-01,1,,,,,,,,,,,,,,,,0,892057
2026-07-01,2,,,,,,,,,,,,,,,,0,696328
2026-07-01,3,,,,,,,,,,,,,,,,0,343394
2026-07-01,9,,,,,,,,,,,,,,,,0,596392
2026-07-02,1,,,,,,,,,,,,,,,,0,892057
2026-07-02,2,,,,,,,,,,,,,,,,0,696328
2026-07-02,3,,,,,,,,,,,,,,,,0,343394
2026-07-02,9,,,,,,,,,,,,,,,,0,596392
2026-07-03,1,,,,,,,,,,,,,,,,0,892057
2026-07-03,2,,,,,,,,,,,,,,,,0,696328
2026-07-03,3,,,,,,,,,,,,,,,,0,343394
2026-07-03,9,,,,,,,,,,,,,,,,0,596392
2026-07-04,1,,,,,,,,,,,,,,,,0,892057
2026-07-04,2,,,,,,,,,,,,,,,,0,696328
2026-07-04,3,,,,,,,,,,,,,,,,0,343394
2026-07-04,9,,,,,,,,,,,,,,,,0,596392
2026-07-05,1,,,,,,,,,,,,,,,,0,892057
2026-07-05,2,,,,,,,,,,,,,,,,0,696328
2026-07-05,3,,,,,,,,,,,,,,,,0,343394
2026-07-05,9,,,,,,,,,,,,,,,,0,596392
2026-07-06,1,,,,,,,,,,,,,,,,0,892057
2026-07-06,2,,,,,,,,,,,,,,,,0,696328
2026-07-06,3,,,,,,,,,,,,,,,,0,343394
2026-07-06,9,,,,,,,,,,,,,,,,0,596392
2026-07-07,1,,,,,,,,,,,,,,,,0,892057
2026-07-07,2,,,,,,,,,,,,,,,,0,696328
2026-07-07,3,,,,,,,,,,,,,,,,0,343394
2026-07-07,9,,,,,,,,,,,,,,,,0,596392
2026-07-08,1,,,,,,,,,,,,,,,,0,892057
2026-07-08,2,,,,,,,,,,,,,,,,0,696328
2026-07-08,3,,,,,,,,,,,,,,,,0,343394
2026-07-08,9,,,,,,,,,,,,,,,,0,596392
2026-07-09,1,,,,,,,,,,,,,,,,0,892057
2026-07-09,2,,,,,,,,,,,,,,,,0,696328
2026-07-09,3,,,,,,,,,,,,,,,,0,343394
2026-07-09,9,,,,,,,,,,,,,,,,0,596392
2026-07-10,1,,,,,,,,,,,,,,,,0,892057
2026-07-10,2,,,,,,,,,,,,,,,,0,696328
2026-07-10,3,,,,,,,,,,,,,,,,0,343394
2026-07-10,9,,,,,,,,,,,,,,,,0,596392
2026-07-11,1,,,,,,,,,,,,,,,,0,892057
2026-07-11,2,,,,,,,,,,,,,,,,0,696328
2026-07-11,3,,,,,,,,,,,,,,,,0,343394
2026-07-11,9,,,,,,,,,,,,,,,,0,596392
2026-07-12,1,,,,,,,,,,,,,,,,0,892057
2026-07-12,2,,,,,,,,,,,,,,,,0,696328
2026-07-12,3,,,,,,,,,,,,,,,,0,343394
2026-07-12,9,,,,,,,,,,,,,,,,0,596392
2026-07-13,1,,,,,,,,,,,,,,,,0,892057
2026-07-13,2,,,,,,,,,,,,,,,,0,696328
2026-07-13,3,,,,,,,,,,,,,,,,0,343394
2026-07-13,9,,,,,,,,,,,,,,,,0,596392
2026-07-14,1,,,,,,,,,,,,,,,,0,892057
2026-07-14,2,,,,,,,,,,,,,,,,0,696328
2026-07-14,3,,,,,,,,,,,,,,,,0,343394
2026-07-14,9,,,,,,,,,,,,,,,,0,596392
2026-07-15,1,,,,,,,,,,,,,,,,0,892057
2026-07-15,2,,,,,,,,,,,,,,,,0,696328
2026-07-15,3,,,,,,,,,,,,,,,,0,343394
2026-07-15,9,,,,,,,,,,,,,,,,0,596392
2026-07-16,1,,,,,,,,,,,,,,,,0,892057
2026-07-16,2,,,,,,,,,,,,,,,,0,696328
2026-07-16,3,,,,,,,,,,,,,,,,0,343394
2026-07-16,9,,,,,,,,,,,,,,,,0,596392
2026-07-17,1,,,,,,,,,,,,,,,,0,892057
2026-07-17,2,,,,,,,,,,,,,,,,0,696328
2026-07-17,3,,,,,,,,,,,,,,,,0,343394
2026-07-17,9,,,,,,,,,,,,,,,,0,596392
2026-07-18,1,,,,,,,,,,,,,,,,0,892057
2026-07-18,2,,,,,,,,,,,,,,,,0,696328
2026-07-18,3,,,,,,,,,,,,,,,,0,343394
2026-07-18,9,,,,,,,,,,,,,,,,0,596392
2026-07-19,1,,,,,,,,,,,,,,,,0,892057
2026-07-19,2,,,,,,,,,,,,,,,,0,696328
2026-07-19,3,,,,,,,,,,,,,,,,0,343394
2026-07-19,9,,,,,,,,,,,,,,,,0,596392
2026-07-20,1,,,,,,,,,,,,,,,,0,892057
2026-07-20,2,,,,,,,,,,,,,,,,0,696328
2026-07-20,3,,,,,,,,,,,,,,,,0,343394
2026-07-20,9,,,,,,,,,,,,,,,,0,596392
2026-07-21,1,,,,,,,,,,,,,,,,0,892057
2026-07-21,2,,,,,,,,,,,,,,,,0,696328
2026-07-21,3,,,,,,,,,,,,,,,,0,343394
2026-07-21,9,,,,,,,,,,,,,,,,0,596392
2026-07-22,1,,,,,,,,,,,,,,,,0,892057
2026-07-22,2,,,,,,,,,,,,,,,,0,696328
2026-07-22,3,,,,,,,,,,,,,,,,0,343394
2026-07-22,9,,,,,,,,,,,,,,,,0,596392
2026-07-23,1,,,,,,,,,,,,,,,,0,892057
2026-07-23,2,,,,,,,,,,,,,,,,0,696328
2026-07-23,3,,,,,,,,,,,,,,,,0,343394
2026-07-23,9,,,,,,,,,,,,,,,,0,596392
2026-07-24,1,,,,,,,,,,,,,,,,0,892057
2026-07-24,2,,,,,,,,,,,,,,,,0,696328
2026-07-24,3,,,,,,,,,,,,,,,,0,343394
2026-07-24,9,,,,,,,,,,,,,,,,0,596392
2026-07-25,1,,,,,,,,,,,,,,,,0,892057
2026-07-25,2,,,,,,,,,,,,,,,,0,696328
2026-07-25,3,,,,,,,,,,,,,,,,0,343394
2026-07-25,9,,,,,,,,,,,,,,,,0,596392
2026-07-26,1,,,,,,,,,,,,,,,,0,892057
2026-07-26,2,,,,,,,,,,,,,,,,0,696328
2026-07-26,3,,,,,,,,,,,,,,,,0,343394
2026-07-26,9,,,,,,,,,,,,,,,,0,596392
2026-07-27,1,,,,,,,,,,,,,,,,0,892057
2026-07-27,2,,,,,,,,,,,,,,,,0,696328
2026-07-27,3,,,,,,,,,,,,,,,,0,343394
2026-07-27,9,,,,,,,,,,,,,,,,0,596392
2026-07-28,1,,,,,,,,,,,,,,,,0,892057
2026-07-28,2,,,,,,,,,,,,,,,,0,696328
2026-07-28,3,,,,,,,,,,,,,,,,0,343394
2026-07-28,9,,,,,,,,,,,,,,,,0,596392
2026-07-29,1,,,,,,,,,,,,,,,,0,892057
2026-07-29,2,,,,,,,,,,,,,,,,0,696328
2026-07-29,3,,,,,,,,,,,,,,,,0,343394
2026-07-29,9,,,,,,,,,,,,,,,,0,596392
2026-07-30,1,,,,,,,,,,,,,,,,0,892057
2026-07-30,2,,,,,,,,,,,,,,,,0,696328
2026-07-30,3,,,,,,,,,,,,,,,,0,343394
2026-07-30,9,,,,,,,,,,,,,,,,0,596392
2026-07-31,1,,,,,,,,,,,,,,,,0,892057
2026-07-31,2,,,,,,,,,,,,,,,,0,696328
2026-07-31,3,,,,,,,,,,,,,,,,0,343394
2026-07-31,9,,,,,,,,,,,,,,,,0,596392
2026-08-01,1,,,,,,,,,,,,,,,,0,892057
2026-08-01,2,,,,,,,,,,,,,,,,0,696328
2026-08-01,3,,,,,,,,,,,,,,,,0,343394
2026-08-01,9,,,,,,,,,,,,,,,,0,596392
2026-08-02,1,,,,,,,,,,,,,,,,0,892057
2026-08-02,2,,,,,,,,,,,,,,,,0,696328
2026-08-02,3,,,,,,,,,,,,,,,,0,343394
2026-08-02,9,,,,,,,,,,,,,,,,0,596392
2026-08-03,1,,,,,,,,,,,,,,,,0,892057
2026-08-03,2,,,,,,,,,,,,,,,,0,696328
2026-08-03,3,,,,,,,,,,,,,,,,0,343394
2026-08-03,9,,,,,,,,,,,,,,,,0,596392
2026-08-04,1,,,,,,,,,,,,,,,,0,892057
2026-08-04,2,,,,,,,,,,,,,,,,0,696328
2026-08-04,3,,,,,,,,,,,,,,,,0,343394
2026-08-04,9,,,,,,,,,,,,,,,,0,596392
2026-08-05,1,,,,,,,,,,,,,,,,0,892057
2026-08-05,2,,,,,,,,,,,,,,,,0,696328
2026-08-05,3,,,,,,,,,,,,,,,,0,343394
2026-08-05,9,,,,,,,,,,,,,,,,0,596392
2026-08-06,1,,,,,,,,,,,,,,,,0,892057
2026-08-06,2,,,,,,,,,,,,,,,,0,696328
2026-08-06,3,,,,,,,,,,,,,,,,0,343394
2026-08-06,9,,,,,,,,,,,,,,,,0,596392
2026-08-07,1,,,,,,,,,,,,,,,,0,892057
2026-08-07,2,,,,,,,,,,,,,,,,0,696328
2026-08-07,3,,,,,,,,,,,,,,,,0,343394
2026-08-07,9,,,,,,,,,,,,,,,,0,596392
2026-08-08,1,,,,,,,,,,,,,,,,0,892057
2026-08-08,2,,,,,,,,,,,,,,,,0,696328
2026-08-08,3,,,,,,,,,,,,,,,,0,343394
2026-08-08,9,,,,,,,,,,,,,,,,0,596392
2026-08-09,1,,,,,,,,,,,,,,,,0,892057
2026-08-09,2,,,,,,,,,,,,,,,,0,696328
2026-08-09,3,,,,,,,,,,,,,,,,0,343394
2026-08-09,9,,,,,,,,,,,,,,,,0,596392
2026-08-10,1,,,,,,,,,,,,,,,,0,892057
2026-08-10,2,,,,,,,,,,,,,,,,0,696328
2026-08-10,3,,,,,,,,,,,,,,,,0,343394
2026-08-10,9,,,,,,,,,,,,,,,,0,596392
2026-08-11,1,,,,,,,,,,,,,,,,0,892057
2026-08-11,2,,,,,,,,,,,,,,,,0,696328
2026-08-11,3,,,,,,,,,,,,,,,,0,343394
2026-08-11,9,,,,,,,,,,,,,,,,0,596392
2026-08-12,1,,,,,,,,,,,,,,,,0,892057
2026-08-12,2,,,,,,,,,,,,,,,,0,696328
2026-08-12,3,,,,,,,,,,,,,,,,0,343394
2026-08-12,9,,,,,,,,,,,,,,,,0,596392
2026-08-13,1,,,,,,,,,,,,,,,,0,892057
2026-08-13,2,,,,,,,,,,,,,,,,0,696328
2026-08-13,3,,,,,,,,,,,,,,,,0,343394
2026-08-13,9,,,,,,,,,,,,,,,,0,596392
2026-08-14,1,,,,,,,,,,,,,,,,0,892057
2026-08-14,2,,,,,,,,,,,,,,,,0,696328
2026-08-14,3,,,,,,,,,,,,,,,,0,343394
2026-08-14,9,,,,,,,,,,,,,,,,0,596392
2026-08-15,1,,,,,,,,,,,,,,,,0,892057
2026-08-15,2,,,,,,,,,,,,,,,,0,696328
2026-08-15,3,,,,,,,,,,,,,,,,0,343394
2026-08-15,9,,,,,,,,,,,,,,,,0,596392
2026-08-16,1,,,,,,,,,,,,,,,,0,892057
2026-08-16,2,,,,,,,,,,,,,,,,0,696328
2026-08-16,3,,,,,,,,,,,,,,,,0,343394
2026-08-16,9,,,,,,,,,,,,,,,,0,596392
2026-08-17,1,,,,,,,,,,,,,,,,0,892057
2026-08-17,2,,,,,,,,,,,,,,,,0,696328
2026-08-17,3,,,,,,,,,,,,,,,,0,343394
2026-08-17,9,,,,,,,,,,,,,,,,0,596392
2026-08-18,1,,,,,,,,,,,,,,,,0,892057
2026-08-18,2,,,,,,,,,,,,,,,,0,696328
2026-08-18,3,,,,,,,,,,,,,,,,0,343394
2026-08-18,9,,,,,,,,,,,,,,,,0,596392
2026-08-19,1,,,,,,,,,,,,,,,,0,892057
2026-08-19,2,,,,,,,,,,,,,,,,0,696328
2026-08-19,3,,,,,,,,,,,,,,,,0,343394
2026-08-19,9,,,,,,,,,,,,,,,,0,596392
2026-08-20,1,,,,,,,,,,,,,,,,0,892057
2026-08-20,2,,,,,,,,,,,,,,,,0,696328
2026-08-20,3,,,,,,,,,,,,,,,,0,343394
2026-08-20,9,,,,,,,,,,,,,,,,0,596392
2026-08-21,1,,,,,,,,,,,,,,,,0,892057
2026-08-21,2,,,,,,,,,,,,,,,,0,696328
2026-08-21,3,,,,,,,,,,,,,,,,0,343394
2026-08-21,9,,,,,,,,,,,,,,,,0,596392
2026-08-22,1,,,,,,,,,,,,,,,,0,892057
2026-08-22,2,,,,,,,,,,,,,,,,0,696328
2026-08-22,3,,,,,,,,,,,,,,,,0,343394
2026-08-22,9,,,,,,,,,,,,,,,,0,596392
2026-08-23,1,,,,,,,,,,,,,,,,0,892057
2026-08-23,2,,,,,,,,,,,,,,,,0,696328
2026-08-23,3,,,,,,,,,,,,,,,,0,343394
2026-08-23,9,,,,,,,,,,,,,,,,0,596392
2026-08-24,1,,,,,,,,,,,,,,,,0,892057
2026-08-24,2,,,,,,,,,,,,,,,,0,696328
2026-08-24,3,,,,,,,,,,,,,,,,0,343394
2026-08-24,9,,,,,,,,,,,,,,,,0,596392
2026-08-25,1,,,,,,,,,,,,,,,,0,892057
2026-08-25,2,,,,,,,,,,,,,,,,0,696328
2026-08-25,3,,,,,,,,,,,,,,,,0,343394
2026-08-25,9,,,,,,,,,,,,,,,,0,596392
2026-08-26,1,,,,,,,,,,,,,,,,0,892057
2026-08-26,2,,,,,,,,,,,,,,,,0,696328
2026-08-26,3,,,,,,,,,,,,,,,,0,343394
2026-08-26,9,,,,,,,,,,,,,,,,0,596392
2026-08-27,1,,,,,,,,,,,,,,,,0,892057
2026-08-27,2,,,,,,,,,,,,,,,,0,696328
2026-08-27,3,,,,,,,,,,,,,,,,0,343394
2026-08-27,9,,,,,,,,,,,,,,,,0,596392
2026-08-28,1,,,,,,,,,,,,,,,,0,892057
2026-08-28,2,,,,,,,,,,,,,,,,0,696328
2026-08-28,3,,,,,,,,,,,,,,,,0,343394
2026-08-28,9,,,,,,,,,,,,,,,,0,596392
2026-08-29,1,94.0,81.0,86.0,99.9,81.0,0.00,0.00,,,0,24.00,24.00,24.00,KMSY/KNEW,0,2,892057
2026-08-29,2,96.0,75.0,84.0,100.1,75.0,0.00,0.00,,,0,24.00,24.00,24.00,KBTR,0,1,696328
2026-08-29,3,91.0,74.0,82.6,101.7,74.0,0.00,0.00,,,0,24.00,24.00,24.00,KGAO,1,1,343394
2026-08-29,9,94.0,74.0,83.6,100.6,74.0,0.00,0.00,,,0,24.00,24.00,24.00,KASD,0,1,596392
2026-08-30,1,89.0,81.5,84.7,98.9,81.5,0.00,0.00,99.4,,0,24.00,24.00,24.00,KMSY/KNEW,0,2,892057
2026-08-30,2,93.0,74.0,82.0,100.1,74.0,0.00,0.00,100.1,,0,24.00,24.00,24.00,KBTR,0,1,696328
2026-08-30,3,87.0,80.0,82.9,96.9,80.0,0.00,0.00,99.3,,0,24.00,24.00,24.00,KGAO,1,1,343394
2026-08-30,9,89.0,74.0,81.3,98.1,74.0,0.00,0.00,99.3,,0,24.00,24.00,24.00,KASD,0,1,596392
2026-08-31,1,88.5,78.5,83.9,99.7,78.5,0.00,0.00,99.3,99.5,0,24.00,24.00,24.00,KMSY/KNEW,0,2,892057
2026-08-31,2,92.0,75.0,80.8,102.0,75.0,0.00,0.00,101.0,100.7,0,24.00,24.00,24.00,KBTR,0,1,696328
2026-08-31,3,86.4,79.7,83.0,95.1,79.7,0.00,0.00,96.0,97.9,0,24.00,24.00,24.00,KGAO,1,1,343394
2026-08-31,9,89.0,76.0,81.8,99.2,76.0,0.00,0.00,98.7,99.3,0,24.00,24.00,24.00,KASD,0,1,596392
2026-09-01,1,90.0,80.5,83.6,101.2,80.5,0.00,0.00,100.5,99.9,0,24.00,24.00,24.00,KMSY/KNEW,0,2,892057
2026-09-01,2,88.0,76.0,79.8,100.3,76.0,0.00,0.00,101.2,100.8,0,24.00,24.00,24.00,KBTR,0,1,696328
2026-09-01,3,88.7,77.0,82.3,99.3,80.2,0.00,0.00,97.2,97.1,0,24.00,24.00,24.00,KGAO,1,1,343394
2026-09-01,9,92.0,75.0,82.0,100.9,75.0,0.00,0.00,100.1,99.4,0,24.00,24.00,24.00,KASD,0,1,596392
2026-09-02,1,91.0,79.0,83.7,100.5,79.0,0.00,0.00,100.8,100.5,0,24.00,24.00,24.00,KMSY/KNEW,0,2,892057
2026-09-02,2,94.0,75.0,81.5,102.4,75.0,0.00,0.00,101.3,101.6,0,24.00,24.00,24.00,KBTR,0,1,696328
2026-09-02,3,89.6,75.0,81.7,99.5,75.0,0.00,0.00,99.4,98.0,0,24.00,24.00,24.00,KGAO,1,1,343394
2026-09-02,9,90.0,74.0,80.2,98.4,74.0,0.00,0.00,99.7,99.5,0,24.00,24.00,24.00,KASD,0,1,596392
2026-09-03,1,90.5,79.0,84.2,101.1,79.0,0.00,0.00,100.8,100.9,0,23.00,23.00,24.00,KMSY/KNEW,0,2,892057
2026-09-03,2,95.0,74.0,83.4,102.6,74.0,0.00,0.00,102.5,101.8,0,23.00,23.00,24.00,KBTR,0,1,696328
2026-09-03,3,88.5,75.4,81.5,98.2,75.4,0.00,0.00,98.8,99.0,0,24.00,24.00,24.00,KGAO,1,1,343394
2026-09-03,9,92.0,73.0,82.2,103.2,73.0,0.00,0.00,100.8,100.8,0,23.00,23.00,24.00,KASD,0,1,596392
2026-09-04,1,87.0,76.0,82.2,97.7,76.0,0.00,0.00,99.4,99.8,0,24.00,24.00,24.00,KMSY/KNEW,0,2,892057
2026-09-04,2,90.0,75.0,80.8,98.4,75.0,0.00,0.00,100.5,101.1,0,24.00,24.00,24.00,KBTR,0,1,696328
2026-09-04,3,87.8,75.7,80.4,97.3,75.7,0.00,0.00,97.8,98.3,0,24.00,24.00,24.00,KGAO,1,1,343394
2026-09-04,9,86.0,74.0,79.0,95.0,74.0,0.00,0.00,99.1,98.9,0,24.00,24.00,24.00,KASD,0,1,596392
2026-09-05,1,89.0,77.0,81.2,99.8,78.5,0.00,0.00,98.8,99.5,0,24.00,24.00,24.00,KMSY/KNEW,0,2,892057
2026-09-05,2,92.0,74.0,80.4,101.9,76.0,0.00,0.00,100.2,101.0,0,24.00,24.00,24.00,KBTR,0,1,696328
2026-09-05,3,89.0,73.8,79.5,96.7,75.0,0.00,0.00,97.0,97.4,0,24.00,24.00,24.00,KGAO,1,1,343394
2026-09-05,9,86.0,76.0,79.3,96.1,76.0,0.00,0.00,95.5,98.1,0,24.00,24.00,24.00,KASD,0,1,596392
2026-09-06,1,91.0,77.0,83.7,101.8,77.0,0.00,0.00,100.8,99.8,0,23.00,23.00,24.00,KMSY/KNEW,0,2,892057
2026-09-06,2,93.0,74.0,82.7,103.3,74.0,0.00,0.00,102.6,101.2,0,23.00,23.00,24.00,KBTR,0,1,696328
2026-09-06,3,90.5,73.6,82.4,101.3,73.6,0.00,0.00,99.0,98.4,0,23.00,23.00,24.00,KGAO,1,1,343394
2026-09-06,9,91.0,74.0,82.1,101.9,74.0,0.00,0.00,99.0,97.7,0,23.00,23.00,24.00,KASD,0,1,596392
